1704067200,2072.33,2094.01,2064.28,2064.28,242.59267386,547
1704081600,2064.29,2077.16,2058.76,2074.06,91.45205403,395
1704096000,2074.2,2090.0,2068.79,2089.99,1064.7662896,1367
1704110400,2089.99,2100.45,2082.61,2099.38,576.76873462,1213
1704124800,2099.21,2124.21,2092.41,2120.74,517.45299683,1386
1704139200,2120.74,2132.31,2107.02,2132.31,412.99484267,1195
1704153600,2132.31,2171.33,2130.0,2166.64,527.88964179,887
1704168000,2167.51,2171.32,2155.56,2168.57,791.99487524,719
1704182400,2168.73,2207.98,2161.84,2182.0,5749.0297595,3602
1704196800,2182.36,2197.75,2148.0,2156.45,1127.46890075,2323
1704211200,2156.69,2169.48,2147.77,2166.09,752.64862714,1602
1704225600,2166.06,2174.9,2142.27,2154.65,795.18173241,1517
1704240000,2154.64,2178.58,2147.77,2162.7,240.2731729,592
1704254400,2162.71,2173.84,2153.08,2156.36,381.77448593,604
1704268800,2155.7,2180.0,2106.0,2115.96,1757.81283181,2340
1704283200,2115.91,2115.91,1860.0,2057.2,7679.23085762,9467
1704297600,2057.99,2063.0,2015.42,2025.59,1388.4829426,3118
1704312000,2025.44,2043.95,2016.1,2027.09,633.14478589,2015
1704326400,2027.1,2052.39,2021.0,2044.47,449.27366244,607
1704340800,2044.47,2057.58,2034.32,2034.46,265.3351068,818
1704355200,2035.3,2039.72,2017.01,2038.42,1121.46694922,2006
1704369600,2038.42,2086.08,2034.63,2081.65,1538.70688331,2486
1704384000,2081.54,2097.98,2064.61,2081.38,824.64008663,1796
1704398400,2080.96,2099.5,2072.01,2074.56,1308.86739183,1390
1704412800,2074.65,2081.67,2025.0,2051.81,474.68669658,919
1704427200,2052.7,2073.85,2046.48,2064.3,239.8170267,756
1704441600,2064.42,2082.53,2051.69,2057.54,744.97283651,1859
1704456000,2057.77,2068.85,2025.0,2029.31,2773.60158494,2524
1704470400,2029.19,2049.49,2019.65,2044.45,581.29424126,1649
1704484800,2044.9,2083.82,2044.9,2077.01,588.27255417,1239
1704499200,2077.2,2078.64,2061.26,2062.9,151.24258353,465
1704513600,2062.88,2064.67,2030.69,2045.01,132.7348437,518
1704528000,2045.41,2051.93,2042.03,2050.34,244.88811778,918
1704542400,2050.27,2059.05,2041.12,2057.38,337.58935441,898
1704556800,2057.58,2064.06,2050.49,2055.94,491.20072564,1043
1704571200,2055.46,2058.12,2043.06,2050.45,313.34359459,878
1704585600,2050.46,2062.85,2046.64,2052.9,96.2344425,422
1704600000,2052.37,2059.85,2052.11,2058.32,108.9632309,386
1704614400,2058.46,2061.69,2042.0,2048.45,293.32983576,1011
1704628800,2048.45,2065.84,2035.58,2042.93,433.08530212,1230
1704643200,2042.93,2058.99,2035.23,2057.77,380.4950315,1139
1704657600,2057.93,2058.51,2020.86,2032.87,391.48071765,1132
1704672000,2032.87,2033.65,1985.17,2006.23,694.2213473,1303
1704686400,2006.09,2037.93,2003.77,2033.71,339.98282485,793
1704700800,2033.2,2050.0,2033.1,2049.71,189.10281612,362
1704715200,2049.71,2084.0,2049.7,2072.76,1810.79544884,2318
1704729600,2072.76,2153.89,2061.98,2150.05,1661.93377439,3194
1704744000,2150.77,2153.28,2123.87,2130.49,1408.75671341,1749
1704758400,2130.59,2134.52,2092.28,2108.56,552.24662925,787
1704772800,2108.58,2116.5,2100.02,2106.27,517.38110716,681
1704787200,2106.3,2113.83,2091.21,2105.64,1189.36273713,1605
1704801600,2105.34,2110.43,2039.0,2070.01,1472.07348828,2408
1704816000,2070.01,2087.2,2056.58,2080.88,722.80516801,1696
1704830400,2080.69,2170.92,2060.07,2146.99,2176.66006952,3626
1704844800,2146.69,2196.32,2143.06,2162.55,607.72041248,1162
1704859200,2162.48,2189.82,2159.89,2170.0,1399.03566256,960
1704873600,2168.89,2219.77,2161.84,2198.06,2715.01617496,2999
1704888000,2198.21,2242.88,2142.35,2234.41,2905.11915418,3260
1704902400,2234.2,2264.47,2193.95,2261.88,2973.92788445,3300
1704916800,2262.24,2410.0,2205.38,2356.71,5878.62307886,6680
1704931200,2356.7,2381.9,2340.87,2381.9,1311.61848391,1162
1704945600,2381.82,2395.0,2344.59,2360.0,975.46977806,1529
1704960000,2360.0,2428.28,2359.28,2422.74,3841.40078483,4290
1704974400,2423.16,2459.57,2374.69,2387.52,3838.83998988,5174
1704988800,2387.87,2397.84,2348.32,2388.9,1378.77861209,2653
1705003200,2388.81,2402.2,2361.81,2385.5,1148.43601067,1699
1705017600,2385.24,2390.95,2352.68,2361.64,780.77140278,680
1705032000,2359.87,2390.5,2358.02,2367.67,672.13896632,852
1705046400,2366.28,2433.73,2355.49,2419.25,1494.00544071,2090
1705060800,2418.63,2474.97,2407.15,2414.99,3364.13451945,3753
1705075200,2414.85,2450.6,2341.17,2358.24,2137.57337489,3135
1705089600,2358.61,2372.55,2246.44,2309.4,2107.78754229,3366
1705104000,2307.62,2336.65,2286.94,2330.07,269.06601507,757
1705118400,2330.93,2344.64,2323.11,2335.39,330.36470994,721
1705132800,2335.39,2344.91,2308.48,2326.68,390.98669305,1105
1705147200,2326.28,2346.3,2317.49,2345.83,346.05637995,1205
1705161600,2345.45,2360.17,2334.5,2353.98,593.80884862,1289
1705176000,2353.93,2369.33,2347.0,2359.35,595.4072782,1016
1705190400,2359.34,2359.52,2331.19,2331.43,371.45328624,453
1705204800,2331.42,2335.5,2325.0,2330.4,197.62904359,424
1705219200,2330.4,2333.95,2318.98,2319.51,961.98227491,1052
1705233600,2319.51,2326.82,2309.18,2318.39,541.59060177,1040
1705248000,2318.38,2324.61,2280.13,2283.38,611.59510367,1376
1705262400,2284.21,2310.97,2256.41,2259.13,940.83711028,1473
1705276800,2258.7,2291.77,2257.21,2283.07,187.00177897,481
1705291200,2283.59,2299.4,2283.4,2294.81,243.61034899,562
1705305600,2294.02,2326.31,2289.99,2320.78,967.12182917,1660
1705320000,2320.78,2329.1,2292.07,2296.7,1546.84287418,1729
1705334400,2297.4,2331.46,2297.01,2314.65,628.89622765,1387
1705348800,2315.31,2319.56,2283.57,2295.74,561.63356582,1104
1705363200,2295.59,2322.92,2293.0,2322.59,100.84334493,453
1705377600,2322.92,2327.77,2312.0,2314.35,240.98906381,598
1705392000,2315.16,2338.13,2312.11,2322.98,686.63916144,1356
1705406400,2322.94,2361.13,2301.01,2348.27,1594.59509665,2016
1705420800,2348.27,2370.74,2342.0,2368.31,988.85895941,1705
1705435200,2368.51,2404.9,2366.87,2379.66,1453.99864191,1940
1705449600,2379.42,2384.2,2367.03,2367.18,125.82705261,520
1705464000,2367.88,2371.2,2348.13,2348.46,249.59797066,701
1705478400,2347.96,2348.58,2334.34,2336.58,819.20456774,1508
1705492800,2336.97,2369.84,2329.7,2342.48,933.78029992,1674
1705507200,2341.29,2343.2,2320.0,2329.55,620.08782863,1604
1705521600,2329.1,2337.87,2305.01,2323.19,503.18405229,1191
1705536000,2323.19,2323.39,2304.06,2320.01,114.16351967,419
1705550400,2320.4,2329.99,2317.37,2329.99,195.16418099,528
1705564800,2329.99,2340.55,2308.53,2315.05,1028.18341918,1559
1705579200,2315.18,2333.0,2302.0,2326.23,722.2326293,1486
1705593600,2326.23,2326.23,2235.54,2242.23,1413.39814152,2655
1705608000,2244.56,2271.39,2234.51,2270.07,1225.0225005,1688
1705622400,2270.08,2272.59,2245.0,2259.29,430.60956465,595
1705636800,2258.81,2271.21,2255.42,2264.56,183.98127887,576
1705651200,2264.56,2291.0,2259.86,2285.52,829.15718746,1559
1705665600,2285.62,2295.57,2262.97,2262.98,753.21314678,1620
1705680000,2263.09,2298.0,2219.76,2288.0,920.56239874,2263
1705694400,2288.0,2299.0,2277.42,2287.68,472.59927763,928
1705708800,2287.7,2287.7,2274.84,2275.59,262.53055758,374
1705723200,2276.01,2282.07,2272.8,2275.16,105.7137459,346
1705737600,2275.39,2276.91,2263.0,2268.75,352.64577682,743
1705752000,2268.75,2272.61,2259.09,2262.62,415.48496002,775
1705780800,2262.72,2277.67,2262.72,2267.05,464.50526221,790
1705795200,2269.05,2276.67,2263.9,2271.1,81.04930906,219
1705809600,2271.69,2272.11,2264.39,2271.27,184.33006689,217
1705824000,2271.8,2278.07,2269.35,2269.84,134.85368644,703
1705838400,2269.84,2277.0,2263.0,2266.39,321.57281085,830
1705852800,2265.66,2275.11,2264.47,2271.71,197.66381648,739
1705867200,2271.71,2272.74,2251.75,2253.29,417.79814256,702
1705881600,2255.7,2261.18,2223.47,2233.69,204.22508546,523
1705896000,2234.73,2234.77,2205.37,2220.0,313.52396649,795
1705910400,2219.9,2219.9,2169.56,2186.79,1824.60715083,2258
1705924800,2185.24,2206.59,2161.13,2184.29,1418.61179667,1968
1705939200,2184.75,2188.56,2116.93,2132.07,1959.87997128,2420
1705953600,2132.2,2159.9,2116.47,2125.22,1012.19517647,1798
1705968000,2125.24,2149.25,2124.42,2146.15,280.24590028,534
1705982400,2145.73,2156.25,2123.07,2128.67,395.7677698,823
1705996800,2128.67,2131.43,2026.59,2039.89,4920.21806802,3714
1706011200,2039.88,2059.99,1995.0,2048.22,2744.32962752,3972
1706025600,2047.8,2058.37,2013.47,2015.62,1321.62988545,2352
1706040000,2015.01,2068.8,2012.81,2065.55,732.95286779,1437
1706054400,2065.8,2076.0,2036.99,2037.7,215.59877332,539
1706068800,2038.21,2064.89,2037.64,2054.02,428.02485086,861
1706083200,2054.65,2077.85,2049.32,2060.7,1281.96581224,2118
1706097600,2060.39,2064.37,2030.55,2050.37,1156.02308115,1724
1706112000,2050.6,2059.41,2023.58,2032.26,653.14703947,1488
1706126400,2032.18,2057.75,2018.0,2053.76,331.59192842,1091
1706140800,2054.53,2057.76,2030.0,2037.84,278.38269104,460
1706155200,2037.55,2045.51,2026.86,2045.51,183.49774211,606
1706169600,2045.63,2058.0,2036.0,2048.12,866.7113458,1315
1706184000,2048.14,2049.2,2015.01,2019.81,1458.81963157,1780
1706198400,2019.78,2053.08,2005.09,2046.9,798.47091278,1655
1706212800,2047.65,2056.69,2041.35,2046.21,362.06511077,924
1706227200,2045.33,2061.55,2041.0,2049.26,146.18595733,394
1706241600,2049.88,2055.9,2030.01,2030.37,185.75359837,551
1706256000,2030.42,2079.7,2030.0,2074.18,1174.93693707,1713
1706270400,2074.18,2084.12,2055.41,2079.15,1260.36876412,1977
1706284800,2079.52,2101.0,2075.35,2081.23,1177.08185289,1712
1706299200,2081.28,2092.99,2076.57,2090.32,736.77233567,1047
1706313600,2090.69,2102.96,2088.6,2096.76,130.56148193,523
1706328000,2096.8,2098.71,2078.3,2081.85,89.1639487,460
1706342400,2082.28,2094.08,2075.84,2090.01,346.02327771,904
1706356800,2090.0,2098.39,2086.99,2093.53,211.37289374,979
1706371200,2093.53,2099.98,2087.83,2097.09,553.00539067,1011
1706385600,2096.98,2099.0,2088.18,2091.69,241.58135755,855
1706400000,2091.69,2110.94,2088.27,2108.79,118.32537192,508
1706414400,2108.7,2127.08,2105.0,2105.01,277.60401932,529
1706428800,2104.91,2122.61,2100.21,2104.81,397.19909418,1071
1706443200,2104.81,2107.68,2087.48,2092.8,445.98215323,1087
1706457600,2092.81,2098.35,2072.59,2077.78,399.43863586,1169
1706472000,2077.78,2087.54,2063.93,2082.34,434.69667557,889
1706486400,2082.24,2099.66,2077.51,2094.96,121.1261836,365
1706500800,2094.94,2096.83,2083.51,2084.18,183.70596205,447
1706515200,2084.51,2104.39,2081.15,2091.88,951.81015096,1407
1706529600,2092.08,2106.3,2069.0,2106.3,1605.35787865,1699
1706544000,2106.7,2142.0,2097.01,2121.11,1111.15947084,2045
1706558400,2121.11,2144.43,2117.18,2139.86,908.41137482,1360
1706572800,2138.86,2148.0,2126.93,2134.01,138.9382347,661
1706587200,2134.6,2139.4,2126.89,2134.51,445.04847616,1001
1706601600,2133.81,2139.0,2124.81,2135.2,899.21827222,1521
1706616000,2135.2,2166.0,2120.59,2161.55,903.40699838,2431
1706630400,2161.55,2197.4,2158.01,2191.26,1590.27069974,1941
1706644800,2191.19,2205.18,2158.0,2163.89,698.48444098,1453
1706659200,2162.48,2169.16,2150.0,2165.91,157.69791784,548
1706673600,2166.17,2167.09,2154.05,2163.9,284.1529536,641
1706688000,2163.89,2165.68,2107.43,2121.5,1203.98913487,2644
1706702400,2121.2,2146.75,2107.71,2144.0,908.10150796,2011
1706716800,2145.0,2165.87,2134.12,2142.41,757.70811999,1659
1706731200,2142.61,2143.25,2092.02,2112.31,715.20917601,1584
1706745600,2112.01,2117.75,2073.4,2089.31,399.79139961,761
1706760000,2086.81,2109.07,2083.92,2104.01,224.71410077,728
1706774400,2104.0,2108.65,2094.28,2095.5,687.03507959,1530
1706788800,2095.41,2130.99,2092.0,2114.32,790.98450494,1811
1706803200,2114.75,2128.28,2093.36,2120.39,491.03558068,1745
1706817600,2120.3,2125.21,2105.22,2118.97,962.23017315,1387
1706832000,2118.78,2132.1,2115.0,2116.01,274.92227671,746
1706846400,2116.01,2130.59,2112.02,2126.04,287.23778428,782
1706860800,2126.01,2130.02,2116.04,2129.84,712.78051424,1410
1706875200,2129.81,2143.0,2111.12,2139.21,1197.90517126,1808
1706889600,2139.21,2148.49,2119.62,2128.61,520.49975317,1499
1706904000,2128.62,2138.19,2125.28,2137.72,403.65130706,1053
1706918400,2137.98,2155.0,2136.02,2149.28,217.74783672,580
1706932800,2149.21,2152.59,2142.53,2144.23,189.69451106,482
1706947200,2144.23,2145.49,2132.09,2134.25,196.16363148,919
1706961600,2133.61,2139.78,2125.28,2134.41,199.33443892,981
1706976000,2134.63,2142.81,2127.0,2131.8,201.17405167,952
1706990400,2131.8,2135.09,2125.27,2126.42,141.07064573,750
1707004800,2126.42,2136.28,2122.69,2133.12,64.5752913,442
1707019200,2133.13,2133.15,2118.23,2121.89,69.13197209,381
1707033600,2121.97,2138.0,2119.12,2137.05,280.10400562,850
1707048000,2137.05,2139.29,2128.16,2131.68,192.08844252,992
1707062400,2131.4,2137.62,2102.77,2112.31,559.19220749,1254
1707076800,2112.44,2139.0,2107.66,2123.41,525.13804723,1225
1707091200,2123.08,2127.71,2106.87,2127.71,82.59592256,552
1707105600,2127.9,2142.8,2123.63,2141.51,113.91194979,594
1707120000,2141.51,2166.61,2141.51,2163.29,821.37398686,1559
1707134400,2163.3,2172.1,2137.4,2141.1,815.17767882,1761
1707148800,2141.01,2150.61,2134.55,2143.47,689.59275874,1388
1707163200,2143.74,2144.65,2126.63,2140.88,424.9014975,1124
1707177600,2140.66,2165.22,2138.48,2154.5,108.15977327,654
1707192000,2154.45,2162.28,2146.01,2161.5,188.98816404,759
1707206400,2161.48,2180.0,2158.72,2163.9,1054.19647724,1792
1707220800,2163.09,2187.2,2154.72,2180.19,1040.83244531,1971
1707235200,2180.51,2213.0,2178.44,2212.66,970.20455129,1911
1707249600,2212.99,2224.0,2204.76,2205.59,989.33719833,1525
1707264000,2205.41,2222.0,2196.4,2196.41,519.01537108,716
1707278400,2196.41,2199.92,2188.12,2191.75,315.04713227,794
1707292800,2191.88,2205.18,2186.27,2190.65,608.35755001,1388
1707307200,2190.64,2211.77,2190.64,2200.54,646.11369986,1490
1707321600,2201.81,2249.8,2200.77,2245.01,1892.60747139,2117
1707336000,2245.01,2267.98,2245.01,2249.19,1133.9074404,1710
1707350400,2249.38,2265.0,2248.48,2255.95,687.73597528,839
1707364800,2255.87,2257.38,2236.0,2244.01,777.98704968,843
1707379200,2244.69,2252.06,2244.0,2251.39,1430.61556158,1639
1707393600,2251.37,2287.53,2245.86,2279.71,2487.97416173,2358
1707408000,2280.1,2280.63,2241.05,2247.14,1165.72058465,2085
1707422400,2247.12,2257.33,2245.06,2245.09,449.2884338,1398
1707436800,2245.1,2285.79,2244.34,2270.94,971.05757133,954
1707451200,2270.94,2284.01,2265.66,2274.53,643.84844294,1080
1707465600,2274.31,2325.35,2274.28,2324.73,1279.64894028,2378
1707480000,2323.8,2341.88,2282.31,2312.29,4048.44304305,3135
1707494400,2312.2,2336.8,2297.51,2305.39,783.11592729,1910
1707508800,2305.08,2323.06,2302.5,2303.21,1007.88534225,1289
1707523200,2304.94,2329.0,2300.0,2326.1,188.57744759,815
1707537600,2326.11,2329.0,2311.93,2312.06,186.60805837,712
1707552000,2311.89,2315.04,2288.98,2297.48,1431.23701543,1540
1707566400,2297.46,2307.28,2295.53,2303.58,572.22279427,1276
1707580800,2303.59,2308.38,2297.45,2307.89,350.39266911,1129
1707595200,2308.61,2325.7,2304.5,2311.11,518.27061899,1585
1707609600,2311.11,2333.0,2306.01,2333.0,186.98196695,909
1707624000,2333.0,2341.14,2323.93,2335.29,306.54693617,1057
1707638400,2335.29,2345.0,2320.04,2334.09,609.9262426,1726
1707652800,2334.09,2336.27,2314.95,2317.12,501.38123486,1616
1707667200,2317.22,2325.0,2304.6,2314.0,331.59444451,1482
1707681600,2313.98,2319.49,2301.55,2314.46,330.47155147,1284
1707696000,2314.46,2329.06,2306.88,2314.63,135.47458463,858
1707710400,2314.05,2316.51,2291.0,2313.83,414.13203097,1042
1707724800,2314.11,2321.37,2294.31,2308.36,1124.49896184,2088
1707739200,2308.37,2379.49,2303.72,2375.0,1867.41740147,2713
1707753600,2375.0,2440.0,2354.64,2420.97,2123.77008505,4929
1707768000,2420.98,2470.0,2420.36,2467.68,2436.59765917,3488
1707782400,2469.68,2492.55,2450.55,2452.26,1974.48740322,1609
1707796800,2452.5,2464.04,2452.15,2458.36,408.30156205,988
1707811200,2458.2,2491.29,2457.17,2488.28,1063.99338284,2246
1707825600,2488.51,2492.08,2408.36,2456.01,3271.91170785,4349
1707840000,2456.01,2462.03,2421.51,2442.0,1599.70223088,2550
1707854400,2442.0,2473.8,2441.5,2466.01,645.74635625,1624
1707868800,2466.4,2467.24,2447.5,2461.49,1026.87558215,817
1707883200,2461.5,2478.5,2449.01,2478.09,379.3427797,974
1707897600,2478.09,2577.85,2475.29,2573.0,4552.22815013,5142
1707912000,2573.21,2585.83,2547.9,2562.66,1585.27643705,3619
1707926400,2562.66,2575.0,2541.74,2574.6,908.49953037,2859
1707940800,2574.61,2597.21,2569.45,2588.81,1227.29640098,1961
1707955200,2588.81,2633.38,2584.52,2614.81,1235.69581198,1931
1707969600,2614.81,2615.45,2572.27,2585.75,648.60641366,2255
1707984000,2585.59,2612.23,2582.01,2604.46,1201.50594619,2637
1707998400,2604.13,2659.0,2588.25,2625.36,2830.45322994,4272
1708012800,2627.49,2640.8,2605.24,2635.48,1349.59868087,3466
1708027200,2634.04,2643.0,2588.12,2620.5,1050.06665612,2856
1708041600,2620.51,2655.99,2620.51,2647.3,798.61833574,1176
1708056000,2647.3,2651.48,2614.96,2617.94,2038.92403858,1562
1708070400,2617.95,2632.47,2596.33,2620.81,996.47497494,2597
1708084800,2620.81,2648.59,2550.0,2578.18,2085.09570958,3765
1708099200,2577.96,2606.92,2560.0,2564.34,998.6437094,2672
1708113600,2564.39,2608.44,2562.1,2601.6,433.82428303,1678
1708128000,2602.52,2603.52,2581.69,2592.01,200.41173165,837
1708142400,2592.01,2597.6,2581.8,2595.17,137.65133588,893
1708156800,2595.61,2595.61,2568.02,2581.71,341.96552026,1230
1708171200,2581.71,2586.85,2520.63,2554.9,872.41854126,2511
1708185600,2555.11,2575.28,2544.99,2573.82,347.12628693,1754
1708200000,2573.83,2600.0,2572.27,2586.55,555.92586728,1385
1708214400,2586.69,2595.98,2568.81,2581.31,225.97455105,1158
1708228800,2581.32,2604.8,2581.32,2598.58,182.05113948,931
1708243200,2599.06,2619.0,2596.23,2603.01,647.64221717,1656
1708257600,2602.84,2610.0,2587.31,2605.86,623.58518974,1848
1708272000,2605.87,2640.0,2595.8,2628.01,570.47758155,1917
1708286400,2627.11,2685.09,2616.95,2671.8,1244.40522798,3015
1708300800,2671.79,2681.03,2652.82,2679.9,231.24908931,1446
1708315200,2679.31,2714.98,2675.2,2713.47,698.17782241,2060
1708329600,2713.3,2715.0,2688.43,2704.61,1118.49708674,2854
1708344000,2704.59,2710.65,2682.69,2701.08,1166.18251836,3240
1708358400,2701.07,2738.69,2681.39,2721.84,1252.33701506,3679
1708372800,2722.07,2768.98,2717.59,2731.3,1837.60780381,3108
1708387200,2731.3,2742.6,2696.06,2700.0,384.51664449,1846
1708401600,2700.0,2723.35,2698.41,2712.89,391.90150237,1234
1708416000,2712.81,2721.74,2665.08,2718.71,1412.03719806,3432
1708430400,2718.4,2774.56,2683.01,2704.38,3304.5287417101,5109
1708444800,2704.38,2764.0,2671.63,2763.97,1296.42784385,4265
1708459200,2763.97,2804.35,2747.61,2788.0,2392.83889161,3385
1708473600,2788.0,2788.0,2762.69,2779.01,248.7581304,1564
1708488000,2779.01,2780.93,2706.62,2718.81,858.18795529,3176
1708502400,2718.81,2735.7,2676.95,2685.57,1615.75748447,4000
1708516800,2684.96,2710.0,2656.18,2697.38,1667.20765543,4056
1708531200,2697.43,2714.13,2670.87,2694.47,1123.29400272,3009
1708545600,2694.29,2753.04,2683.3,2743.92,502.94707657,2463
1708560000,2744.54,2744.54,2685.04,2713.11,216.61748504,2081
1708574400,2713.11,2760.1,2699.53,2756.75,346.86255166,1597
1708588800,2756.75,2792.0,2738.1,2754.76,1901.67463658,3578
1708603200,2754.75,2769.93,2706.62,2760.64,1024.43678811,3558
1708617600,2760.64,2772.31,2737.99,2760.01,630.59411834,2430
1708632000,2760.48,2807.81,2741.93,2743.79,1083.31883559,2714
1708646400,2743.81,2763.24,2710.88,2726.46,182.96484161,1171
1708660800,2726.46,2738.88,2700.0,2707.47,370.60668447,1206
1708675200,2707.65,2723.02,2691.05,2718.46,1324.16693457,2309
1708689600,2718.35,2733.04,2695.0,2695.5,1479.28108657,3076
1708704000,2696.14,2726.69,2688.15,2721.09,949.4141961,2045
1708718400,2721.35,2728.62,2687.0,2699.2,485.25892111,1549
1708732800,2699.24,2710.2,2686.01,2706.91,220.2019935,1189
1708747200,2706.47,2737.5,2705.82,2737.1,243.6389171,689
1708761600,2737.1,2740.3,2724.61,2734.66,1257.57847884,1414
1708776000,2734.66,2739.53,2728.29,2731.0,760.53502182,1188
1708790400,2730.99,2774.65,2730.99,2758.01,520.90303692,2452
1708804800,2758.01,2766.94,2752.41,2761.59,288.33334199,1149
1708819200,2761.59,2810.89,2757.06,2791.96,1059.69808928,1882
1708833600,2792.32,2812.0,2781.57,2797.18,731.88697662,1167
1708848000,2797.2,2807.48,2780.21,2806.65,539.80862801,1670
1708862400,2807.0,2836.02,2796.25,2809.1,790.34270049,2175
1708876800,2809.1,2847.68,2798.46,2844.4,1297.62521521,2343
1708891200,2844.37,2877.49,2844.37,2874.19,1417.49089975,2536
1708905600,2874.19,2895.0,2851.71,2869.1,350.27372883,1228
1708920000,2869.1,2876.21,2849.11,2849.21,456.4441683,1179
1708934400,2849.03,2864.48,2802.78,2816.79,1377.33219222,3014
1708948800,2816.74,2899.21,2796.81,2899.21,1965.1802094,3145
1708963200,2899.8,2924.82,2885.0,2921.9,2589.32969172,4861
1708977600,2921.9,2940.13,2903.99,2912.3,2083.35984956,5376
1708992000,2912.3,2978.76,2905.2,2950.65,919.84407503,3537
1709006400,2950.65,2978.99,2944.71,2963.97,1138.43032252,3838
1709020800,2964.03,3011.22,2963.37,2998.86,3870.0902839201,4067
1709035200,2999.05,3026.8,2966.78,2977.67,2808.1240594,4498
1709049600,2977.7,3005.0,2956.22,2996.58,1720.29867897,3688
1709064000,2996.59,3011.78,2983.86,2990.21,969.56784039,2150
1709078400,2990.21,3003.76,2983.42,2998.49,538.0326441,1137
1709092800,2998.95,3055.0,2996.54,3050.95,1206.2260803,1793
1709107200,3053.67,3117.38,3029.97,3050.74,4322.1148378802,6888
1709121600,3051.56,3115.0,3041.6,3091.91,2984.0451476801,6138
1709136000,3090.56,3217.83,2907.0,3039.9,8069.5246276106,15098
1709150400,3039.89,3123.78,3000.0,3123.4,1458.23520838,7224
1709164800,3123.41,3194.9,3114.97,3136.1,1203.04029077,4829
1709179200,3136.1,3210.0,3132.1,3198.9,1875.42803178,5702
1709193600,3198.9,3247.0,3167.03,3240.52,5979.5219829901,7104
1709208000,3240.52,3243.13,3182.14,3205.2,2037.07637761,5627
1709222400,3204.29,3206.3,3095.24,3148.43,2442.47483764,4337
1709236800,3148.43,3160.09,3053.09,3090.01,1650.31632037,3062
1709251200,3091.29,3130.0,3089.47,3112.05,237.88730242,1038
1709265600,3111.79,3138.0,3109.87,3112.08,660.0023149,1576
1709280000,3112.08,3178.03,3104.67,3153.61,1473.78850975,4275
1709294400,3153.61,3191.63,3120.48,3130.01,1630.20467637,3893
1709308800,3130.83,3168.91,3124.12,3162.72,843.13294641,2792
1709323200,3162.72,3187.22,3160.13,3168.42,638.33380196,3258
1709337600,3168.17,3190.0,3161.0,3176.95,202.65019269,1749
1709352000,3177.0,3184.95,3137.16,3168.24,674.7388184,2006
1709366400,3168.1,3170.97,3137.0,3145.74,645.62229829,2959
1709380800,3145.74,3164.02,3134.44,3155.5,414.91502217,2831
1709395200,3155.57,3167.97,3151.34,3162.4,498.14634755,2372
1709409600,3163.09,3167.69,3141.6,3158.63,433.33950381,1988
1709424000,3158.47,3168.05,3150.0,3167.03,185.81552589,1018
1709438400,3166.96,3178.88,3102.35,3135.3,488.8727875,1981
1709452800,3135.3,3149.59,3117.89,3149.39,409.80540552,2406
1709467200,3149.4,3178.52,3143.75,3159.31,772.05680421,2760
1709481600,3160.28,3211.59,3157.63,3196.01,2204.10607316,3356
1709496000,3195.83,3220.0,3190.49,3217.48,943.35443963,2020
1709510400,3215.91,3252.0,3157.08,3201.4,1609.39163965,2405
1709524800,3201.91,3218.0,3190.83,3207.77,717.60453106,1743
1709539200,3207.5,3267.06,3207.5,3230.82,4358.53205089,5170
1709553600,3231.22,3288.08,3195.92,3280.35,3160.4940817601,4912
1709568000,3279.97,3326.63,3254.81,3312.04,2921.1091308001,6743
1709582400,3312.03,3354.54,3281.5,3343.34,2289.5676181301,5245
1709596800,3343.72,3400.0,3325.22,3400.0,1205.78493381,3990
1709611200,3400.0,3443.86,3352.41,3388.9,1867.3006964,6201
1709625600,3388.71,3448.94,3366.91,3441.4,2307.31110559,5235
1709640000,3441.41,3517.66,3441.4,3483.77,4226.9069574501,9005
1709654400,3482.72,3491.52,2900.0,3073.71,9007.2889710404,20939
1709668800,3073.72,3300.07,3048.25,3278.45,5204.4311306802,13543
1709683200,3278.35,3313.44,3229.42,3265.51,402.83133146,3031
1709697600,3265.51,3491.85,3264.3,3487.83,2703.57368189,4679
1709712000,3487.39,3583.28,3481.3,3567.89,4436.5026622202,6788
1709726400,3567.89,3584.0,3424.99,3479.47,2475.96333876,7952
1709740800,3479.47,3564.33,3460.0,3539.3,2173.33004004,5967
1709755200,3539.8,3575.01,3484.12,3504.3,1650.86046224,5280
1709769600,3505.07,3534.17,3456.44,3463.91,591.96067881,2909
1709784000,3463.85,3488.73,3428.68,3477.39,1342.88904969,3633
1709798400,3479.85,3503.0,3466.11,3479.19,1715.74687554,3588
1709812800,3479.32,3537.0,3463.12,3518.38,1680.43599891,3968
1709827200,3516.28,3555.0,3494.6,3539.29,1836.5711855,3422
1709841600,3539.29,3596.0,3515.18,3538.61,2413.16346408,4362
1709856000,3538.79,3599.81,3534.1,3567.25,600.77629221,1648
1709870400,3567.62,3613.67,3548.65,3579.7,868.17705588,2473
1709884800,3580.09,3623.0,3579.38,3618.0,2604.18573112,4819
1709899200,3617.99,3650.0,3535.0,3563.97,3352.5393840601,8048
1709913600,3563.91,3641.99,3475.0,3598.61,4612.39339214,7059
1709928000,3598.6,3620.0,3550.02,3557.94,1730.29798333,4464
1709942400,3558.28,3600.0,3555.0,3595.58,220.18758535,1232
1709956800,3595.76,3611.66,3586.26,3598.61,398.84937245,1463
1709971200,3598.61,3603.56,3563.46,3585.01,510.68527495,2568
1709985600,3585.36,3595.44,3575.0,3589.38,1384.16507109,2309
1710000000,3589.17,3592.28,3547.96,3556.02,590.6940225,2439
1710014400,3556.03,3584.79,3556.02,3578.84,391.50153695,1705
1710028800,3578.85,3606.54,3573.98,3602.51,337.58628076,1533
1710043200,3602.52,3614.99,3597.09,3611.0,898.92067426,1554
1710057600,3611.0,3627.36,3591.21,3601.11,735.81906325,3249
1710072000,3601.1,3613.6,3537.49,3557.51,946.09758053,3505
1710086400,3557.18,3595.31,3557.18,3569.73,513.71458223,2480
1710100800,3569.89,3573.0,3475.0,3547.21,1283.06448696,4103
1710115200,3547.2,3555.52,3417.85,3533.61,533.20823141,3290
1710129600,3533.71,3662.8,3510.0,3654.11,1988.17981221,5089
1710144000,3655.77,3700.0,3642.01,3684.59,3242.1644829101,6572
1710158400,3684.6,3715.0,3677.27,3677.27,2245.50942678,5811
1710172800,3677.4,3737.36,3665.0,3686.82,1907.83585094,5248
1710187200,3686.83,3725.0,3685.01,3715.23,1266.18728162,3613
1710201600,3716.14,3739.39,3675.01,3679.11,477.08203949,2563
1710216000,3679.11,3701.5,3653.83,3684.73,954.08256199,2857
1710230400,3684.73,3715.09,3620.88,3680.12,1990.76675159,4929
1710244800,3679.92,3714.17,3621.21,3653.77,2347.36753862,7292
1710259200,3654.19,3658.06,3510.97,3646.0,3077.3186724402,9927
1710273600,3646.0,3646.0,3600.0,3643.76,852.04642273,4141
1710288000,3643.75,3701.44,3639.8,3701.44,445.40040453,1670
1710302400,3701.44,3731.51,3687.82,3699.3,983.10969107,3397
1710316800,3699.21,3734.79,3697.76,3704.44,1083.19232063,4471
1710331200,3704.44,3705.0,3601.36,3627.42,2534.1032806301,7220
1710345600,3626.65,3667.01,3617.4,3659.29,2470.48965977,5851
1710360000,3659.21,3675.16,3635.0,3659.24,1296.09130443,6195
1710374400,3659.24,3662.59,3617.01,3652.31,793.32251981,2721
1710388800,3652.31,3660.19,3606.0,3625.16,895.61648844,4552
1710403200,3624.95,3653.8,3604.72,3617.81,1428.47740702,4973
1710417600,3617.7,3628.09,3397.3,3532.77,6106.3471588301,6707
1710432000,3533.68,3576.92,3416.02,3473.02,3175.07700452,6970
1710446400,3473.03,3577.72,3468.94,3571.47,1261.19663525,4796
1710460800,3571.48,3615.45,3330.0,3421.39,1499.62336565,5038
1710475200,3421.4,3471.87,3360.29,3450.01,1541.75245469,5728
1710489600,3450.01,3455.56,3235.0,3383.62,4505.2702870101,8788
1710504000,3383.41,3436.18,3365.75,3390.07,1908.88094462,4927
1710518400,3390.07,3494.0,3365.0,3391.4,2086.03651109,4294
1710532800,3390.21,3442.6,3314.19,3435.41,1335.36320867,2571
1710547200,3437.0,3471.14,3421.85,3432.17,246.52801324,1168
1710561600,3430.85,3438.42,3393.24,3436.96,267.57808145,1034
1710576000,3436.96,3436.96,3368.25,3392.6,669.08506215,2702
1710590400,3393.14,3408.4,3346.25,3383.33,690.69022482,2201
1710604800,3383.25,3383.25,3280.0,3308.0,1086.98977325,3892
1710619200,3308.01,3337.0,3181.38,3231.67,1950.24403059,5094
1710633600,3231.68,3283.9,3217.0,3277.2,544.70083394,2533
1710648000,3277.2,3278.01,3127.0,3182.15,2319.17720454,3614
1710662400,3182.23,3311.69,3173.29,3284.3,1049.62623316,4549
1710676800,3284.31,3348.0,3241.19,3332.53,1321.70809039,4218
1710691200,3331.67,3358.3,3309.77,3356.86,1063.3548253,2743
1710705600,3356.1,3377.11,3332.0,3347.31,1249.41635962,3291
1710720000,3347.31,3347.31,3267.95,3305.1,578.32678917,2377
1710734400,3306.17,3343.22,3283.78,3328.16,642.63490816,2047
1710748800,3328.19,3328.19,3257.74,3299.17,866.17563047,3941
1710763200,3298.89,3310.4,3201.67,3237.48,1745.60625678,4556
1710777600,3238.46,3274.59,3180.0,3199.97,1061.17235795,5281
1710792000,3200.1,3261.63,3200.09,3237.31,927.48973814,3602
1710806400,3237.31,3261.77,3093.5,3143.49,1202.16812457,2782
1710820800,3143.89,3151.55,3039.27,3091.7,1983.75997671,4351
1710835200,3092.36,3092.36,2943.85,3014.27,5113.1493180701,9156
1710849600,3014.27,3058.81,2963.89,3037.99,2308.60342536,7098
1710864000,3038.79,3091.61,3022.14,3070.56,2257.74862969,6196
1710878400,3070.56,3072.74,2900.0,2906.79,1752.82163602,5377
1710892800,2906.24,3001.54,2902.1,2906.56,796.18612644,3902
1710907200,2907.17,2968.88,2816.0,2961.71,2676.49572097,6700
1710921600,2962.17,3039.39,2953.56,3038.44,1565.67532802,4114
1710936000,3037.13,3130.0,3020.18,3035.8,3250.7058853001,5920
1710950400,3035.81,3120.0,2896.27,3092.48,3893.0475391301,7321
1710964800,3095.54,3234.49,3089.8,3217.49,3572.92412142,6901
1710979200,3217.5,3255.46,3197.8,3214.7,594.63368513,3070
1710993600,3213.71,3235.41,3155.67,3220.1,1176.22083608,2711
1711008000,3220.11,3295.49,3220.11,3237.46,1789.09773375,4255
1711022400,3239.1,3279.99,3202.62,3220.43,1552.27178216,4292
1711036800,3220.45,3264.23,3137.6,3172.85,1643.1076997101,4989
1711051200,3172.85,3240.51,3144.22,3215.78,881.41223321,2952
1711065600,3215.77,3253.18,3185.62,3247.64,546.2268194,1974
1711080000,3250.12,3267.39,3233.3,3244.56,556.87039295,2037
1711094400,3244.77,3256.12,3144.68,3149.88,1368.1789291,4336
1711108800,3149.88,3166.08,3035.44,3099.29,3020.70184539,5890
1711123200,3099.28,3112.02,3046.82,3095.94,1033.83494942,4680
1711137600,3095.33,3097.72,3010.73,3088.5,1150.15202267,3674
1711152000,3088.5,3111.34,3031.6,3060.92,453.31935962,2081
1711166400,3060.37,3134.2,3058.6,3117.72,331.524821,2220
1711180800,3117.73,3129.84,3084.02,3115.8,506.69731075,2748
1711195200,3115.81,3169.99,3099.83,3154.29,760.8935327,3278
1711209600,3154.3,3181.4,3135.14,3135.43,375.43537747,2672
1711224000,3135.43,3148.29,3083.44,3085.59,418.07148799,2582
1711238400,3084.05,3118.46,3063.98,3066.9,232.19644697,1371
1711252800,3066.76,3095.09,3058.4,3095.09,134.00516044,1480
1711267200,3095.22,3141.78,3090.31,3138.2,438.28696095,2783
1711281600,3138.2,3161.03,3129.09,3144.94,527.48967395,2983
1711296000,3144.94,3154.08,3087.57,3130.8,814.40133971,3285
1711310400,3130.71,3209.94,3124.97,3198.32,806.11904356,3992
1711324800,3197.81,3200.09,3164.28,3193.1,336.89543775,1856
1711339200,3193.2,3241.0,3183.18,3186.18,800.39185952,3264
1711353600,3186.16,3210.3,3172.85,3173.5,1640.3911635,3549
1711368000,3173.5,3310.0,3168.42,3306.56,2535.3963350201,6255
1711382400,3307.29,3376.0,3292.38,3358.0,1803.72979158,6479
1711396800,3357.95,3363.2,3290.0,3311.4,762.71158647,3794
1711411200,3311.41,3357.0,3304.92,3345.16,268.03511216,2400
1711425600,3345.17,3390.0,3341.13,3353.85,981.57869761,3215
1711440000,3353.65,3380.0,3342.51,3343.49,1982.54749454,4614
1711454400,3343.49,3362.46,3268.03,3318.09,1532.0102666,4919
1711468800,3318.42,3326.76,3271.59,3286.38,555.31337317,3796
1711483200,3286.38,3331.49,3285.5,3312.51,836.8371447,3289
1711497600,3312.51,3345.97,3304.34,3329.01,109.96512314,1910
1711512000,3329.01,3337.38,3289.0,3291.56,322.26733709,2208
1711526400,3291.56,3313.65,3260.0,3310.62,3235.8383166302,7621
1711540800,3310.72,3383.99,3235.02,3245.91,2151.89416732,7425
1711555200,3246.95,3261.9,3193.68,3225.0,870.74829589,5677
1711569600,3225.01,3252.53,3223.51,3236.12,447.28985656,3842
1711584000,3236.12,3263.0,3202.34,3230.38,198.0580324,2676
1711598400,3230.4,3310.0,3229.81,3308.17,474.67002876,3396
1711612800,3308.49,3330.29,3305.6,3318.07,836.68487601,4916
1711627200,3318.5,3342.16,3285.0,3314.01,1142.89049638,5251
1711641600,3315.19,3316.2,3280.67,3306.29,650.31574903,3518
1711656000,3305.11,3317.71,3286.3,3300.11,754.67459338,2880
1711670400,3301.37,3322.89,3296.28,3306.43,88.58188208,1107
1711684800,3305.92,3320.0,3262.61,3268.04,502.46001187,2129
1711699200,3267.71,3300.0,3267.7,3291.56,614.22176177,3417
1711713600,3291.56,3296.32,3229.0,3232.6,721.97314941,3403
1711728000,3233.3,3247.52,3220.0,3246.12,992.10741598,2807
1711742400,3246.01,3265.0,3226.09,3254.63,569.14283109,1988
1711756800,3254.25,3263.79,3235.43,3235.44,196.72280999,1070
1711771200,3235.44,3271.36,3234.61,3237.51,192.27279103,1510
1711785600,3237.51,3301.0,3237.01,3300.99,789.31119129,2172
1711800000,3300.81,3303.23,3275.55,3280.04,348.65415638,2189
1711814400,3279.35,3287.34,3236.21,3256.77,735.93078686,2262
1711828800,3255.04,3263.3,3244.09,3253.36,275.56810542,1666
1711843200,3253.0,3285.0,3252.3,3279.55,108.40925273,1383
1711857600,3279.55,3364.4,3278.41,3360.86,767.791795,3100
1711872000,3360.86,3367.0,3338.94,3346.95,548.54221224,2720
1711886400,3346.95,3372.64,3346.72,3355.59,553.42385901,2729
1711900800,3355.41,3387.52,3350.0,3372.4,923.41403329,3460
1711915200,3372.4,3383.79,3355.3,3381.18,594.40990439,2622
1711929600,3381.19,3381.19,3341.0,3348.89,219.80387785,1870
1711944000,3348.89,3351.51,3251.17,3290.73,1221.37323634,2718
1711958400,3290.73,3302.58,3265.61,3282.47,787.99081277,2297
1711972800,3283.16,3312.71,3203.58,3210.01,1492.94845615,4065
1711987200,3210.01,3249.97,3181.12,3248.46,1028.00957709,4359
1712001600,3248.49,3272.81,3234.41,3264.16,432.41140897,1699
1712016000,3264.87,3267.31,3098.01,3140.47,917.72336137,3099
1712030400,3140.26,3160.9,3113.43,3136.36,633.59244342,3914
1712044800,3136.36,3144.48,3053.56,3077.69,1308.18141393,6244
1712059200,3077.69,3093.1,3007.0,3013.31,1652.87334268,6932
1712073600,3013.31,3053.49,2988.01,3050.26,1482.5801979999,6218
1712088000,3050.26,3072.84,3017.77,3046.77,564.27261567,3357
1712102400,3048.2,3084.93,2978.54,3081.41,380.76038329,2569
1712116800,3081.41,3089.16,3048.42,3075.33,669.93967734,2314
1712131200,3075.33,3118.97,3057.58,3079.7,1686.32693191,3078
1712145600,3080.65,3115.24,3058.4,3076.13,1203.94336232,2891
1712160000,3078.35,3110.19,3029.86,3067.99,626.48944796,3345
1712174400,3065.8,3069.91,3040.33,3059.17,405.09516837,2108
1712188800,3059.17,3078.11,3015.28,3025.0,93.29895778,1485
1712203200,3024.91,3073.0,3002.51,3061.78,305.0745487,2036
1712217600,3061.78,3089.61,3058.53,3079.34,936.49653789,2271
1712232000,3079.33,3124.2,3077.44,3099.49,921.51414261,3845
1712246400,3099.49,3173.05,3098.09,3109.86,749.63238704,2601
1712260800,3110.11,3112.84,3027.91,3074.55,628.32448403,1821
1712275200,3074.01,3078.97,3010.0,3058.19,195.64090854,849
1712289600,3058.58,3067.91,3000.0,3034.13,455.36909281,1559
1712304000,3034.28,3058.25,2989.99,2994.56,1075.85150862,3721
1712318400,2994.9,3079.82,2964.06,3070.8,1080.46683113,5847
1712332800,3070.9,3089.0,3055.96,3065.65,457.51009099,3854
1712347200,3066.08,3087.69,3057.62,3063.92,530.70652429,2564
1712361600,3064.34,3086.8,3055.58,3075.88,160.45352418,1910
1712376000,3075.94,3093.35,3068.71,3077.39,279.67832449,2150
1712390400,3077.39,3093.66,3072.73,3077.87,193.38024982,2025
1712404800,3077.87,3106.31,3065.12,3082.91,214.81446431,2160
1712419200,3082.91,3100.0,3080.01,3094.78,246.04731498,1964
1712433600,3094.9,3136.62,3092.31,3094.72,247.16263035,2780
1712448000,3095.08,3148.0,3090.6,3129.76,116.3452414,982
1712462400,3129.76,3140.0,3116.75,3128.81,105.95093813,751
1712476800,3128.81,3135.56,3120.24,3131.44,395.98145884,1276
1712491200,3131.49,3155.0,3125.89,3129.62,284.92397059,2809
1712505600,3129.61,3147.14,3109.51,3119.27,408.53588289,2808
1712520000,3119.27,3192.04,3118.61,3189.34,351.03372627,2973
1712534400,3189.34,3191.8,3147.1,3159.8,139.0709659,2026
1712548800,3159.8,3210.0,3155.15,3205.2,558.57315931,2811
1712563200,3205.21,3357.7,3203.51,3351.99,3397.18548171,6587
1712577600,3352.0,3383.6,3326.49,3343.01,3977.5525263199,5884
1712592000,3343.0,3413.0,3341.9,3407.6,2684.15936729,5635
1712606400,3407.6,3431.0,3389.0,3400.61,634.37001934,3592
1712620800,3400.61,3427.0,3374.0,3400.11,388.69270825,2744
1712635200,3400.1,3408.19,3346.98,3357.07,611.91986307,2201
1712649600,3356.95,3356.95,3293.47,3343.58,1953.49230778,3520
1712664000,3343.59,3350.66,3208.6,3252.0,2524.08892758,4909
1712678400,3252.0,3253.4,3184.21,3243.57,750.99013388,5250
1712692800,3242.92,3246.94,3213.62,3230.08,379.15091457,3005
1712707200,3229.65,3256.97,3195.12,3237.64,369.08511504,3214
1712721600,3237.14,3275.0,3231.22,3260.01,387.3193389,3342
1712736000,3260.01,3260.17,3218.0,3244.56,696.552341,4571
1712750400,3244.56,3256.95,3165.0,3240.4,1560.0447809401,6252
1712764800,3239.39,3299.87,3232.68,3274.8,569.06538466,4636
1712779200,3274.8,3313.11,3255.0,3298.99,1841.00859789,3302
1712793600,3299.0,3326.23,3281.56,3326.22,146.64275734,2265
1712808000,3326.23,3352.58,3307.66,3336.0,488.49934213,2802
1712822400,3335.62,3365.9,3275.01,3281.23,890.83536377,3456
1712836800,3281.23,3325.0,3252.16,3271.95,655.63902769,3841
1712851200,3271.1,3283.25,3243.0,3278.88,636.60211522,3050
1712865600,3279.15,3290.33,3254.42,3265.65,286.85651793,1829
1712880000,3265.65,3299.16,3265.4,3297.3,140.8067002,1624
1712894400,3297.3,3314.73,3284.22,3291.02,497.89381701,1983
1712908800,3290.97,3322.52,3289.0,3314.26,605.45607979,2242
1712923200,3314.26,3314.26,3230.63,3231.95,779.3936722,2716
1712937600,3231.95,3242.55,2912.01,3020.23,4369.05102785,8303
1712952000,3020.23,3067.06,3015.48,3055.06,1528.96471645,3221
1712966400,3055.04,3055.04,2965.75,3047.87,454.73572222,1543
1712980800,3047.88,3088.27,3040.95,3075.92,759.57041153,1947
1712995200,3075.92,3111.11,3066.3,3083.61,698.22931659,2144
1713009600,3083.62,3108.36,3067.69,3086.76,582.53801834,2194
1713024000,3086.56,3090.0,2843.77,2913.11,2156.57445099,5108
1713038400,2909.9,2929.56,2672.63,2874.98,6520.8320877501,13820
1713052800,2873.89,2885.33,2779.4,2811.01,927.53785325,2127
1713081600,2811.01,2930.87,2811.01,2888.91,1349.68621065,2618
1713096000,2890.46,2930.0,2866.11,2914.16,1211.53830261,3255
1713110400,2914.67,2954.83,2845.9,2922.99,2083.96157879,4074
1713124800,2922.99,2986.52,2876.17,2971.57,1059.20002373,2567
1713139200,2970.86,2971.5,2919.94,2961.2,511.39296401,1298
1713153600,2960.99,3059.08,2943.0,3049.01,1147.30618344,2825
1713168000,3049.01,3079.22,3033.69,3038.0,1445.09043098,3014
1713182400,3038.0,3053.63,2926.62,2976.97,1767.3839247,3273
1713196800,2975.86,2990.48,2851.01,2921.26,1604.50154301,3817
1713211200,2921.82,2946.2,2884.29,2921.48,502.14370078,1981
1713225600,2921.99,2940.7,2880.39,2897.75,250.47381198,1008
1713240000,2897.87,2954.62,2818.54,2931.0,1082.58803603,2361
1713254400,2931.0,2931.76,2830.01,2907.18,1313.32997057,2992
1713268800,2907.19,2911.73,2836.78,2836.78,1788.87430089,2836
1713283200,2834.97,2905.0,2822.0,2881.21,1372.17777726,2677
1713297600,2881.56,2937.1,2876.53,2904.67,473.75788087,1457
1713312000,2905.77,2928.99,2893.81,2912.83,343.3929765,729
1713326400,2913.58,2940.0,2888.14,2900.97,754.55590001,1302
1713340800,2900.01,2907.74,2862.01,2862.57,655.31048083,1900
1713355200,2862.58,2882.63,2751.01,2771.46,2191.31681823,4250
1713369600,2770.0,2853.5,2742.51,2815.01,2934.58308463,3460
1713384000,2815.01,2826.26,2782.0,2800.71,590.6927879,1485
1713398400,2800.71,2841.92,2770.64,2835.42,350.96037646,817
1713412800,2834.92,2842.92,2769.64,2787.29,887.29391521,1891
1713427200,2787.29,2872.74,2770.88,2856.01,887.99612149,2792
1713441600,2856.01,2907.0,2804.65,2883.16,1683.15448818,2983
1713456000,2883.58,2895.04,2837.81,2882.69,672.8221049,2065
1713470400,2882.46,2896.49,2875.0,2882.3,310.23096419,1401
1713484800,2882.29,2888.11,2702.5,2802.88,1346.12139716,1810
1713499200,2802.88,2938.0,2802.44,2896.53,1548.25507984,1949
1713513600,2896.53,2938.0,2894.78,2916.75,1393.36507801,2349
1713528000,2916.4,2929.01,2863.1,2894.01,1641.7389116,2295
1713542400,2894.04,2918.83,2865.56,2915.34,452.49853823,1548
1713556800,2915.47,2918.72,2839.28,2872.9,814.18126581,1465
1713571200,2872.89,2883.39,2840.0,2872.85,117.03222654,740
1713585600,2872.27,2889.96,2867.28,2880.11,209.39546535,811
1713600000,2880.36,2880.65,2850.0,2865.82,649.33769041,1232
1713614400,2865.82,2925.63,2858.73,2921.7,554.15692883,1504
1713628800,2921.7,2975.89,2902.57,2961.03,1114.54115896,1942
1713643200,2961.03,2980.0,2953.7,2967.39,231.57759748,1157
1713657600,2967.39,3004.97,2941.5,2976.78,272.58007427,784
1713672000,2976.78,2998.44,2965.81,2990.79,177.61667257,793
1713686400,2990.8,2995.73,2965.71,2980.08,376.83753874,1367
1713700800,2979.76,2985.37,2951.92,2969.28,232.72620749,1245
1713715200,2969.27,2971.66,2930.0,2947.53,458.59843135,1414
1713729600,2947.53,2975.34,2942.01,2955.91,225.46473226,1039
1713744000,2955.93,3011.16,2936.35,2992.82,118.07332226,685
1713758400,2994.09,3034.91,2988.69,3008.59,803.6056118,1478
1713772800,3008.59,3029.0,3000.0,3004.77,623.89195786,1993
1713787200,3004.78,3019.99,2980.0,2992.73,558.49880508,2016
1713801600,2992.73,3019.98,2981.02,2995.92,929.22454907,1833
1713816000,2994.79,3025.37,2990.24,3004.57,478.47927781,1475
1713830400,3004.56,3024.19,2990.46,2991.47,57.67034107,829
1713844800,2991.47,2999.22,2954.03,2961.01,1376.73402031,1503
1713859200,2961.01,2991.38,2955.01,2978.25,631.03279247,1572
1713873600,2978.57,3049.0,2978.01,3017.75,1017.74125707,2301
1713888000,3017.75,3032.58,3004.0,3006.92,677.23045118,1938
1713902400,3007.53,3011.1,2981.35,3008.86,245.13370384,1393
1713916800,3008.79,3033.59,3000.94,3024.13,139.01805326,939
1713931200,3024.56,3058.0,3024.36,3041.6,325.52172729,1524
1713945600,3041.57,3074.1,3035.3,3069.14,877.46023191,2054
1713960000,3070.26,3079.16,2966.53,2970.99,939.09859502,2745
1713974400,2971.0,2985.85,2905.0,2928.99,814.24957818,2344
1713988800,2928.99,2944.03,2910.94,2934.66,399.54962054,1444
1714003200,2934.56,2961.17,2923.01,2939.09,140.37086106,864
1714017600,2938.96,2955.53,2921.28,2925.96,720.42558721,1340
1714032000,2925.96,2939.21,2867.02,2902.7,821.06445712,2320
1714046400,2902.7,2953.72,2887.0,2947.52,2437.95321971,2472
1714060800,2946.78,2957.0,2930.4,2948.8,764.5344814,2019
1714075200,2949.01,2974.95,2939.72,2943.91,617.64113664,1305
1714089600,2943.91,2949.35,2915.01,2930.36,245.34532204,748
1714104000,2930.36,2939.83,2917.83,2922.09,291.99273903,1263
1714118400,2922.09,2941.42,2910.01,2919.73,673.03025957,1694
1714132800,2919.73,2958.78,2905.0,2918.34,984.54813536,1979
1714147200,2918.34,2947.98,2907.01,2930.0,213.87394442,1366
1714161600,2930.01,2948.9,2920.96,2928.1,201.80090092,1092
1714176000,2928.84,2932.0,2874.14,2922.09,176.94044966,956
1714190400,2922.09,2930.1,2910.88,2919.32,227.26551704,819
1714204800,2919.02,2924.01,2910.01,2922.04,643.83583404,1218
1714219200,2922.7,2960.87,2922.0,2940.12,188.93957235,1405
1714233600,2940.12,3068.25,2940.12,3026.59,1948.15833544,2762
1714248000,3026.59,3050.03,3013.87,3044.99,717.46996825,1572
1714262400,3044.99,3109.99,3042.83,3093.01,1007.69587013,1377
1714276800,3093.01,3117.52,3083.83,3100.0,228.06130589,1394
1714291200,3100.0,3105.61,3061.24,3069.09,1198.11507305,1806
1714305600,3069.09,3106.72,3068.11,3102.0,388.16094902,1641
1714320000,3101.99,3132.98,3093.01,3102.01,689.28285868,1957
1714334400,3102.01,3102.01,3040.0,3047.04,484.61074172,1717
1714348800,3047.0,3065.07,2959.29,2965.11,2293.84380219,1573
1714363200,2965.25,2988.11,2944.99,2972.99,1260.05684252,2033
1714377600,2973.0,2980.52,2935.75,2948.78,756.56964872,2129
1714392000,2948.2,2969.59,2913.95,2966.48,1323.4199516,2339
1714406400,2968.33,2974.09,2941.83,2966.06,576.63588776,1734
1714420800,2966.06,3014.81,2950.28,2999.0,274.28336109,1547
1714435200,2998.88,3029.42,2943.22,2969.02,186.48205201,1190
1714449600,2969.02,2971.0,2946.72,2947.48,371.95161275,1285
1714464000,2947.49,2952.89,2802.93,2805.38,1872.77326903,4274
1714478400,2805.38,2834.13,2768.46,2800.03,1696.78259695,4122
1714492800,2800.02,2802.43,2732.0,2738.55,1344.78872923,3915
1714507200,2739.74,2835.99,2739.46,2823.36,734.13386349,2403
1714521600,2823.36,2830.0,2776.01,2816.67,180.07875898,1179
1714536000,2816.67,2823.64,2680.0,2688.73,2045.37505535,3036
1714550400,2688.25,2718.99,2638.73,2717.46,2147.00332935,3662
1714564800,2717.46,2742.34,2680.0,2696.91,1139.73822757,2181
1714579200,2697.12,2805.93,2683.96,2733.71,941.36726236,2726
1714593600,2733.69,2780.04,2722.32,2768.87,434.36788556,1770
1714608000,2768.88,2778.02,2700.0,2729.84,158.87305915,746
1714622400,2729.84,2737.7,2700.71,2722.85,669.00026602,1385
1714636800,2722.85,2803.12,2721.01,2799.0,1057.91674389,2355
1714651200,2799.0,2813.63,2767.7,2793.08,932.53957129,2768
1714665600,2794.86,2802.22,2775.61,2797.33,408.24467622,2342
1714680000,2797.33,2810.0,2771.81,2784.93,227.57912513,1695
1714694400,2784.94,2826.61,2778.93,2803.97,85.41242498,985
1714708800,2803.97,2810.81,2758.91,2766.41,401.8155,1451
1714723200,2766.41,2782.04,2756.62,2776.01,596.10428279,2057
1714737600,2776.01,2864.8,2765.24,2857.51,1195.66039504,3164
1714752000,2857.5,2868.92,2846.48,2857.07,788.77692346,2067
1714766400,2856.7,2906.53,2853.92,2886.13,448.09405588,1788
1714780800,2885.38,2907.31,2874.89,2892.51,189.58525311,877
1714795200,2893.5,2904.1,2879.95,2880.72,272.32993391,1061
1714809600,2880.72,2943.0,2880.0,2908.26,344.65803897,2212
1714824000,2908.26,2936.01,2897.54,2905.21,218.8730029,1995
1714838400,2905.21,2918.06,2896.01,2917.71,322.74811461,1955
1714852800,2917.71,2923.52,2887.8,2897.48,264.76279136,1704
1714867200,2897.57,2905.26,2858.47,2868.61,143.54897602,1760
1714881600,2868.84,2895.29,2864.64,2887.71,96.62045578,1166
1714896000,2887.71,2946.49,2886.39,2916.45,402.91909451,2531
1714910400,2917.29,2940.0,2905.4,2935.49,306.54328556,2407
1714924800,2936.6,2940.0,2911.01,2920.77,461.82500068,2431
1714939200,2920.77,2921.58,2902.38,2916.81,307.99567641,1495
1714953600,2916.8,2939.99,2905.0,2912.38,107.8676139,1144
1714968000,2912.52,2966.48,2907.54,2955.57,1495.43005422,2440
1714982400,2955.57,2989.0,2907.0,2926.01,1017.83909445,3838
1714996800,2926.01,2927.82,2838.7,2867.32,797.84339077,4419
1715011200,2867.31,2872.59,2830.0,2849.95,452.16400179,3226
1715025600,2850.1,2867.76,2844.82,2846.21,238.93625092,1844
1715040000,2846.21,2874.73,2810.06,2829.5,234.56945271,1922
1715054400,2829.5,2863.9,2829.5,2861.01,269.8161408,2441
1715068800,2861.01,2907.0,2844.64,2845.41,913.99852638,3959
1715083200,2845.62,2879.2,2828.19,2852.97,1137.96187993,4292
1715097600,2852.97,2858.69,2816.35,2835.01,403.13452494,3002
1715112000,2835.01,2843.01,2792.81,2797.1,233.91024239,2361
1715126400,2797.1,2826.33,2786.8,2822.63,199.5703039,1831
1715140800,2822.49,2824.07,2783.01,2789.01,510.54304382,2215
1715155200,2789.01,2800.0,2770.85,2781.01,942.9144365,3448
1715169600,2781.47,2818.0,2780.38,2795.6,911.34774088,3660
1715184000,2795.8,2812.15,2781.23,2791.62,365.44528186,2287
1715198400,2791.63,2794.01,2734.1,2768.01,481.74309874,3577
1715212800,2768.01,2794.78,2767.6,2788.4,183.62625848,1218
1715227200,2788.4,2803.05,2773.1,2777.19,200.35905687,1708
1715241600,2777.65,2784.08,2750.0,2774.01,431.80170326,2722
1715256000,2774.01,2799.0,2744.99,2790.0,573.47872754,2739
1715270400,2790.04,2806.99,2774.81,2800.9,386.81930754,2073
1715284800,2800.9,2835.03,2798.0,2816.61,435.06172519,1986
1715299200,2816.24,2820.99,2801.07,2810.95,88.74793851,1043
1715313600,2810.67,2830.0,2804.01,2822.46,316.70914713,1489
1715328000,2822.46,2823.56,2805.38,2818.22,433.93264204,2155
1715342400,2818.16,2822.64,2701.32,2708.6,1123.37990774,4728
1715356800,2708.5,2724.19,2673.83,2694.17,1382.22603933,4703
1715371200,2695.05,2709.9,2682.76,2704.35,370.28574773,2223
1715385600,2704.63,2727.87,2699.94,2704.29,123.70367917,1405
1715400000,2704.3,2719.51,2699.95,2714.79,138.54057324,1069
1715414400,2714.8,2718.66,2682.57,2697.65,273.58323265,1483
1715428800,2697.65,2734.99,2692.94,2719.93,185.48202689,1716
1715443200,2719.93,2730.48,2713.0,2723.06,247.54433654,1475
1715457600,2723.86,2724.0,2702.01,2703.9,144.28746775,1246
1715472000,2703.9,2716.75,2703.89,2713.01,58.87570254,742
1715486400,2713.01,2722.36,2697.08,2700.07,142.07015123,899
1715500800,2701.47,2731.99,2697.94,2718.64,254.38096373,1517
1715515200,2718.65,2731.0,2717.74,2728.0,359.95001929,1363
1715529600,2728.35,2741.25,2713.95,2719.57,204.77632562,1690
1715544000,2719.57,2724.51,2707.98,2720.19,139.94939926,1073
1715558400,2720.19,2730.0,2662.46,2682.45,346.51198832,1772
1715572800,2683.32,2742.2,2666.15,2739.35,378.77230564,2239
1715587200,2740.0,2775.0,2736.01,2748.7,748.8279248,3568
1715601600,2748.62,2764.04,2729.55,2745.0,965.40522891,3163
1715616000,2745.0,2757.46,2713.51,2737.96,704.0924063,2889
1715630400,2737.96,2740.84,2723.94,2732.0,275.72934088,1441
1715644800,2732.0,2742.99,2722.01,2723.99,115.99865697,1103
1715659200,2724.0,2730.69,2673.72,2704.29,339.39200902,1650
1715673600,2704.3,2704.3,2683.99,2691.26,1624.82198334,1963
1715688000,2691.26,2701.42,2655.22,2677.97,1122.41310087,3379
1715702400,2677.97,2678.87,2646.3,2673.4,354.48445177,2784
1715716800,2673.65,2681.97,2661.92,2664.61,678.72341969,1569
1715731200,2664.61,2679.01,2648.91,2678.79,134.94194806,964
1715745600,2678.79,2697.08,2677.65,2693.09,431.97287174,1626
1715760000,2693.09,2706.0,2668.87,2676.85,603.56447145,2689
1715774400,2676.85,2750.0,2673.4,2739.56,815.15466286,4567
1715788800,2740.61,2781.0,2732.87,2780.58,1128.88707146,3476
1715803200,2780.58,2789.44,2765.97,2784.5,406.19511962,2347
1715817600,2784.01,2790.0,2751.0,2766.9,584.97953412,1341
1715832000,2766.9,2775.76,2759.71,2771.97,295.05643749,1470
1715846400,2771.98,2780.53,2750.0,2765.3,943.8342393,2714
1715860800,2765.8,2765.8,2700.2,2720.01,730.65477101,4269
1715875200,2720.0,2722.48,2691.96,2711.11,414.00646359,2545
1715889600,2711.11,2711.11,2690.51,2709.3,406.67500679,1753
1715904000,2709.3,2721.77,2701.58,2716.61,93.10549128,960
1715918400,2716.7,2787.62,2707.92,2784.21,737.27338212,2364
1715932800,2784.91,2816.01,2781.9,2793.3,1052.28468065,3477
1715947200,2793.3,2868.21,2785.1,2863.72,1924.11490968,4800
1715961600,2863.73,2870.0,2824.0,2837.0,598.94112586,2995
1715976000,2837.0,2847.5,2835.69,2847.31,385.54838563,1514
1715990400,2847.31,2875.31,2841.0,2866.61,120.13775722,1276
1716004800,2866.61,2869.49,2846.5,2852.96,156.54435707,1335
1716019200,2852.97,2895.0,2852.97,2887.1,377.51078377,2198
1716033600,2887.1,2887.1,2852.6,2862.51,323.36787784,2748
1716048000,2862.51,2872.09,2860.0,2872.01,183.15196444,1672
1716062400,2872.01,2875.31,2858.53,2874.0,126.30198309,1519
1716076800,2874.0,2884.88,2865.1,2877.8,66.22105736,1021
1716091200,2877.8,2879.98,2856.87,2866.86,160.61194677,1303
1716105600,2866.88,2872.65,2837.59,2854.24,266.05484822,1962
1716120000,2854.25,2854.4,2818.88,2829.12,297.53240871,1781
1716134400,2829.13,2833.4,2814.36,2818.48,250.67536062,1372
1716148800,2818.49,2834.68,2811.36,2823.51,145.28397808,1129
1716163200,2823.57,2847.99,2805.0,2837.29,93.46264742,996
1716177600,2837.29,2882.08,2817.0,2843.06,297.15983056,1570
1716192000,2842.37,2861.85,2842.37,2846.58,602.40812689,2202
1716206400,2847.27,2870.0,2831.13,2869.32,373.28260011,2091
1716220800,2869.32,3179.79,2864.42,3168.48,4331.4481330801,8940
1716235200,3164.92,3388.99,3147.26,3359.74,5698.9156812413,17153
1716249600,3359.74,3403.0,3342.67,3390.31,2442.0381858699,7092
1716264000,3390.32,3391.0,3322.24,3347.37,2010.0294179499,7684
1716278400,3347.84,3510.24,3341.66,3470.98,3574.5056435798,10920
1716292800,3470.91,3525.0,3442.13,3474.36,3481.0896055497,13976
1716307200,3474.37,3525.0,3384.0,3409.18,3483.9334263998,10080
1716321600,3409.58,3504.87,3408.75,3480.15,2888.7715582999,8313
1716336000,3480.6,3505.65,3470.0,3490.08,385.6187548,2705
1716350400,3489.73,3490.17,3427.0,3447.61,704.03206948,3041
1716364800,3447.61,3475.02,3400.0,3400.0,1204.14527414,3335
1716379200,3407.13,3477.0,3370.37,3470.13,2287.7446427499,4829
1716393600,3470.0,3493.99,3418.84,3446.99,1882.5421192,4093
1716408000,3448.38,3490.0,3442.51,3450.51,929.34043411,2853
1716422400,3450.51,3488.38,3447.91,3483.42,1283.76998008,1575
1716436800,3483.42,3533.49,3469.51,3517.5,1090.02420375,3208
1716451200,3517.41,3612.62,3494.93,3609.43,4337.44942,6072
1716465600,3608.89,3632.96,3432.23,3521.48,5248.8118696302,9103
1716480000,3521.48,3532.15,3419.2,3503.25,2697.4475942199,5446
1716494400,3503.5,3608.63,3250.01,3497.08,10433.320567411,12779
1716508800,3497.08,3539.5,3460.6,3515.57,282.70434202,1825
1716523200,3515.58,3525.11,3374.1,3396.31,1834.71057784,4329
1716537600,3397.73,3425.17,3353.03,3424.42,1833.72960308,3810
1716552000,3423.04,3437.53,3383.59,3403.67,1393.86366746,3641
1716566400,3403.67,3462.77,3369.83,3453.46,970.25757357,3350
1716580800,3452.82,3461.09,3436.45,3439.15,468.01802941,1634
1716595200,3438.72,3451.66,3424.26,3451.31,77.05311616,1060
1716609600,3451.31,3481.33,3451.3,3456.31,265.75240224,1367
1716624000,3456.31,3480.59,3447.32,3449.21,707.39398625,1839
1716638400,3450.26,3466.69,3436.01,3453.68,351.33663159,1881
1716652800,3454.25,3471.99,3449.21,3466.28,198.12525689,1405
1716667200,3465.4,3466.62,3444.87,3458.3,122.56205222,1119
1716681600,3458.52,3474.88,3444.81,3474.88,51.50637458,750
1716696000,3474.88,3496.0,3452.21,3491.15,459.40410775,1141
1716710400,3490.51,3522.54,3484.82,3515.0,511.65724135,2123
1716724800,3515.0,3568.0,3496.01,3531.75,719.61454117,2257
1716739200,3531.75,3577.01,3531.43,3573.94,923.70843301,2457
1716753600,3574.23,3574.99,3519.85,3525.17,509.71835157,1605
1716768000,3525.17,3626.0,3522.47,3610.42,844.12106875,1761
1716782400,3610.42,3622.0,3583.4,3603.76,1215.51907057,2331
1716796800,3603.32,3640.58,3575.0,3588.18,2041.89066946,3780
1716811200,3588.19,3654.9,3585.5,3644.8,3884.79105023,4392
1716825600,3644.98,3653.0,3548.0,3561.01,1414.35212817,3451
1716840000,3561.01,3591.41,3549.61,3585.99,290.98482934,1892
1716854400,3581.7,3592.0,3520.01,3533.92,278.78696917,1711
1716868800,3536.11,3550.34,3514.0,3535.0,452.46132175,1824
1716883200,3535.01,3606.99,3530.0,3584.9,3560.9713692,3600
1716897600,3584.9,3592.56,3521.4,3546.57,856.22559027,3681
1716912000,3546.15,3552.0,3471.53,3535.17,875.21209352,3351
1716926400,3535.17,3561.42,3519.13,3540.15,263.34326762,1729
1716940800,3539.98,3554.02,3532.51,3546.62,130.52139861,950
1716955200,3546.63,3577.42,3500.25,3515.57,1762.19342856,2737
1716969600,3516.91,3526.01,3490.0,3509.01,3230.08300519,4246
1716984000,3509.01,3534.73,3468.28,3475.39,1198.2406862,4064
1716998400,3474.88,3490.0,3463.37,3467.81,1498.94216813,3227
1717012800,3468.54,3506.35,3463.21,3483.28,209.93768658,1925
1717027200,3483.29,3509.68,3472.98,3506.95,193.72397151,983
1717041600,3506.72,3514.09,3436.01,3437.29,657.96903359,2070
1717056000,3439.21,3468.88,3424.01,3451.59,665.27932337,2361
1717070400,3451.62,3503.7,3450.5,3484.84,724.7457264,2875
1717084800,3484.02,3526.76,3465.01,3473.16,582.22541895,3191
1717099200,3471.46,3471.46,3435.21,3459.67,263.27224325,1926
1717113600,3459.6,3479.98,3457.01,3474.73,61.07830314,812
1717128000,3475.01,3480.03,3440.01,3441.75,240.26632424,1615
1717142400,3441.75,3510.0,3440.26,3500.15,757.57766977,2809
1717156800,3502.39,3543.73,3450.0,3450.8,975.38262938,4003
1717171200,3450.83,3494.56,3431.78,3485.2,549.77908481,2566
1717185600,3485.33,3498.78,3450.0,3466.92,196.03194567,1727
1717200000,3466.92,3483.03,3458.01,3481.14,80.37220483,880
1717214400,3481.14,3492.19,3476.41,3477.59,676.79099867,1039
1717228800,3477.17,3507.85,3476.67,3491.7,188.40087476,1496
1717243200,3491.86,3514.62,3490.0,3501.04,387.67828776,1606
1717257600,3501.21,3510.83,3493.37,3505.57,178.05059093,1441
1717272000,3505.58,3529.0,3500.33,3515.86,328.82544043,1266
1717286400,3515.76,3535.34,3500.51,3507.4,73.57330901,861
1717300800,3507.4,3518.54,3496.87,3497.53,85.34338183,828
1717315200,3497.54,3506.98,3475.6,3504.21,285.9484571,1705
1717329600,3504.75,3508.56,3481.8,3497.81,318.11973712,1599
1717344000,3497.81,3503.06,3460.81,3483.24,270.75804064,1778
1717358400,3483.24,3495.43,3472.21,3486.5,100.36301269,1239
1717372800,3486.51,3515.42,3466.01,3500.01,202.73978625,1147
1717387200,3500.04,3537.6,3497.44,3516.73,512.12780698,1820
1717401600,3516.74,3538.52,3509.83,3510.47,1347.25071316,2383
1717416000,3510.25,3539.9,3459.15,3483.29,5563.96132899,4346
1717430400,3484.78,3486.19,3453.89,3460.58,827.63335449,2306
1717444800,3460.88,3470.74,3448.28,3452.98,497.30181267,1856
1717459200,3452.98,3467.6,3414.84,3459.21,189.13426488,1070
1717473600,3459.21,3466.95,3441.81,3466.94,222.36295025,1392
1717488000,3466.95,3469.78,3440.11,3464.81,520.53340593,2044
1717502400,3464.82,3505.99,3454.46,3501.56,672.00643331,2929
1717516800,3501.91,3519.73,3470.29,3492.0,727.90284215,2732
1717531200,3490.61,3508.0,3483.71,3500.19,283.93707697,1450
1717545600,3499.47,3524.95,3490.51,3497.51,134.95345476,1069
1717560000,3497.52,3509.06,3471.81,3502.2,546.92678981,1591
1717574400,3501.42,3503.07,3482.39,3497.26,653.14088038,2143
1717588800,3497.25,3513.58,3480.96,3509.23,1058.05940093,2632
1717603200,3509.2,3562.0,3496.0,3561.99,2269.14230664,3698
1717617600,3562.0,3569.9,3533.8,3553.71,310.66329333,1747
1717632000,3553.71,3558.0,3541.41,3545.11,79.31665847,847
1717646400,3545.11,3549.06,3528.4,3538.33,301.48953425,1310
1717660800,3538.33,3545.33,3531.01,3541.8,561.80812205,2087
1717675200,3541.81,3544.82,3513.96,3532.24,1406.68809763,2649
1717689600,3532.37,3540.14,3479.82,3481.09,364.66529296,2435
1717704000,3481.09,3501.2,3455.11,3499.89,750.90235076,1737
1717718400,3500.14,3501.0,3481.82,3493.0,60.92182078,707
1717732800,3493.01,3510.19,3493.01,3501.43,272.90528896,1230
1717747200,3501.43,3519.08,3488.41,3514.69,894.25947216,1970
1717761600,3515.67,3534.94,3480.5,3511.24,1596.02925546,3342
1717776000,3511.24,3518.37,3316.0,3414.37,2090.5907739899,6028
1717790400,3413.98,3426.34,3400.0,3408.21,335.62429702,1644
1717804800,3408.21,3419.64,3405.73,3418.57,98.46275804,595
1717819200,3418.58,3436.45,3408.41,3436.0,181.94044433,906
1717833600,3436.0,3436.0,3410.96,3413.83,374.8726699,1334
1717848000,3413.37,3424.47,3394.51,3419.01,266.94825709,1599
1717862400,3419.0,3423.66,3405.65,3413.33,163.50464502,1537
1717876800,3413.39,3414.37,3404.01,3412.57,607.5066727,1180
1717891200,3412.57,3414.52,3401.2,3405.34,47.13925118,618
1717905600,3405.32,3421.16,3401.21,3415.84,122.72448016,779
1717920000,3415.84,3422.75,3413.97,3420.63,343.61025704,1214
1717934400,3420.63,3434.17,3413.49,3418.25,736.11259871,1953
1717948800,3418.77,3433.0,3416.95,3427.45,201.72035184,1655
1717963200,3427.43,3451.97,3425.65,3439.26,426.42759364,2581
1717977600,3439.26,3439.26,3422.0,3423.52,132.73184554,633
1717992000,3423.52,3432.46,3383.41,3383.41,239.78819092,1540
1718006400,3388.58,3424.72,3386.9,3416.18,425.43082909,2007
1718020800,3415.62,3452.83,3410.51,3443.01,1010.9333363,2177
1718035200,3443.03,3443.67,3404.51,3408.18,314.7263805,2283
1718049600,3407.71,3414.31,3392.41,3403.95,644.83753529,1668
1718064000,3403.95,3409.22,3315.57,3337.05,668.96828879,2600
1718078400,3337.05,3337.05,3253.0,3282.05,732.59236922,3942
1718092800,3281.83,3300.0,3254.94,3287.26,866.49422741,3613
1718107200,3287.26,3300.0,3200.0,3208.9,1304.72582793,4990
1718121600,3208.9,3260.67,3197.0,3256.93,1146.46736221,3983
1718136000,3256.93,3269.28,3245.8,3258.87,333.14933411,1523
1718150400,3258.72,3268.91,3227.51,3267.49,482.54874607,1093
1718164800,3267.49,3286.1,3266.88,3282.5,332.05249591,1237
1718179200,3282.49,3313.55,3272.21,3281.5,889.83831765,2144
1718193600,3281.51,3377.44,3281.51,3339.04,1084.18071831,4059
1718208000,3340.11,3344.89,3253.51,3268.2,1015.68815476,4198
1718222400,3267.23,3305.46,3261.05,3292.98,201.86939594,1558
1718236800,3292.99,3293.51,3220.8,3240.5,286.43567889,1370
1718251200,3241.37,3254.77,3229.02,3243.88,360.55412916,1428
1718265600,3243.89,3251.06,3215.94,3242.17,549.23738513,2244
1718280000,3242.17,3276.62,3190.65,3201.15,1328.57521561,4131
1718294400,3200.24,3248.55,3190.3,3243.51,525.98986476,2329
1718308800,3243.51,3247.77,3225.81,3230.14,155.85050991,1544
1718323200,3230.14,3263.52,3222.78,3249.0,174.85617088,1222
1718337600,3249.0,3291.44,3249.0,3284.01,308.28640458,1402
1718352000,3284.01,3295.82,3275.8,3284.01,445.19870569,1788
1718366400,3284.66,3296.0,3236.22,3236.22,466.90252776,2275
1718380800,3236.22,3240.09,3145.52,3182.27,807.86375789,3977
1718395200,3182.96,3297.38,3181.2,3255.46,836.52190608,2632
1718409600,3255.46,3272.52,3247.87,3272.52,63.57147656,846
1718424000,3272.52,3321.91,3270.93,3298.81,279.37651047,1437
1718438400,3298.81,3310.0,3291.51,3307.77,241.45967383,1289
1718452800,3307.15,3358.67,3306.51,3332.15,626.13837419,2216
1718467200,3332.14,3335.72,3316.0,3320.76,910.0335489,1588
1718481600,3320.76,3335.61,3303.83,3331.63,190.88837904,1261
1718496000,3331.58,3335.0,3316.61,3320.11,60.28599759,616
1718510400,3320.22,3337.11,3309.5,3325.61,180.83413022,781
1718524800,3325.9,3334.67,3314.07,3320.11,175.4128199,1215
1718539200,3320.11,3370.99,3320.01,3357.06,308.05554191,1725
1718553600,3355.35,3369.54,3350.99,3359.93,218.27612857,1495
1718568000,3359.93,3408.95,3352.51,3383.55,557.94658222,1788
1718582400,3383.56,3395.56,3338.95,3344.72,117.47416604,1201
1718596800,3344.35,3354.89,3306.01,3317.81,397.17918269,1768
1718611200,3317.81,3322.68,3260.0,3291.99,870.9850401,2766
1718625600,3290.61,3306.83,3254.0,3259.81,747.73499792,2899
1718640000,3257.79,3330.0,3230.06,3308.5,878.07815062,4096
1718654400,3308.51,3309.57,3261.41,3268.57,252.76416549,2478
1718668800,3268.72,3271.21,3125.0,3206.03,831.47385991,3735
1718683200,3206.03,3227.35,3197.78,3211.21,460.55542345,1884
1718697600,3211.25,3218.73,3168.01,3186.11,644.48218219,2581
1718712000,3186.12,3196.0,3139.58,3187.12,1249.20554845,3710
1718726400,3186.79,3196.0,3156.51,3185.41,572.54336286,2580
1718740800,3186.45,3246.13,3179.51,3242.99,448.40123568,2493
1718755200,3243.2,3326.01,3226.87,3321.47,954.92768772,2971
1718769600,3321.41,3337.51,3293.34,3299.84,1151.68480346,2021
1718784000,3300.24,3312.5,3272.2,3289.96,700.20298414,2850
1718798400,3289.25,3303.75,3269.11,3280.76,410.07744353,2476
1718812800,3280.77,3334.68,3279.51,3299.61,798.50882951,2806
1718827200,3299.84,3328.16,3288.66,3312.31,188.51181089,1741
1718841600,3312.46,3341.18,3292.2,3306.81,137.67565409,1646
1718856000,3307.92,3365.68,3302.42,3359.95,913.61480427,2039
1718870400,3359.95,3375.92,3330.02,3355.74,1123.20349093,2827
1718884800,3355.75,3365.0,3256.01,3274.61,535.40975504,4273
1718899200,3274.61,3299.8,3255.51,3297.44,363.77600125,2325
1718913600,3299.85,3303.67,3280.0,3280.01,129.41512604,772
1718928000,3280.01,3296.6,3263.2,3266.27,58.70241557,1212
1718942400,3266.52,3287.94,3248.11,3252.59,286.3143815,1875
1718956800,3252.59,3296.05,3225.16,3275.79,790.09853014,3328
1718971200,3275.02,3292.29,3234.61,3263.01,593.72959268,3426
1718985600,3263.01,3303.26,3245.91,3303.26,454.42669016,2291
1719000000,3303.36,3312.86,3274.21,3290.2,113.83341404,1352
1719014400,3290.2,3291.79,3270.6,3278.82,56.21360401,743
1719028800,3278.92,3281.7,3263.05,3265.58,193.47353706,814
1719043200,3265.59,3270.11,3251.21,3265.0,198.0553178,1153
1719057600,3265.0,3279.33,3260.0,3272.19,275.07764148,1096
1719072000,3272.19,3274.76,3251.84,3259.0,320.04013909,1246
1719086400,3259.0,3273.89,3254.46,3262.62,154.33730805,925
1719100800,3262.62,3282.56,3262.01,3282.56,40.13499884,656
1719115200,3282.56,3286.2,3273.21,3276.11,63.11440246,677
1719129600,3276.11,3276.11,3256.84,3264.95,176.02426732,1124
1719144000,3264.96,3270.59,3243.51,3244.66,224.28508033,1463
1719158400,3244.67,3251.9,3234.19,3250.23,141.38333566,1268
1719172800,3250.59,3252.19,3184.34,3198.63,445.62524648,1947
1719187200,3198.53,3208.49,3170.12,3180.51,156.17056763,1008
1719201600,3180.51,3188.29,3136.61,3141.63,970.76164061,2297
1719216000,3142.48,3164.52,3011.18,3091.14,1973.31286512,4882
1719230400,3092.2,3108.34,3042.21,3053.36,756.67075521,2803
1719244800,3055.79,3086.82,3023.48,3064.88,802.04982779,2971
1719259200,3064.89,3130.0,3036.08,3124.21,659.16324105,2493
1719273600,3124.21,3150.52,3108.19,3140.0,1009.97878785,1050
1719288000,3140.01,3158.63,3127.8,3131.16,635.47028007,1406
1719302400,3131.77,3159.62,3117.01,3150.21,759.41619108,1922
1719316800,3150.32,3198.52,3137.88,3194.81,718.56702769,2094
1719331200,3194.5,3198.94,3159.0,3189.27,593.00453094,2084
1719345600,3187.96,3190.69,3165.16,3169.84,213.65580857,1166
1719360000,3169.73,3193.11,3163.21,3169.85,84.90601681,737
1719374400,3169.35,3184.28,3154.8,3179.94,237.0922205,1216
1719388800,3180.23,3180.23,3152.0,3161.09,428.00755179,1440
1719403200,3161.1,3175.76,3134.01,3144.92,535.53615135,2023
1719417600,3144.92,3188.1,3113.2,3188.1,498.76256242,2123
1719432000,3188.09,3195.0,3150.0,3152.32,295.97288212,1313
1719446400,3153.21,3167.25,3146.21,3160.53,74.215441,698
1719460800,3160.53,3165.56,3145.51,3154.92,181.90375276,1078
1719475200,3153.3,3184.2,3148.21,3177.46,615.99774152,1672
1719489600,3177.46,3240.92,3177.46,3221.55,1052.13776334,3053
1719504000,3221.66,3233.66,3210.21,3220.01,1095.43972798,1760
1719518400,3220.01,3222.15,3211.1,3217.52,482.60010557,1106
1719532800,3218.19,3257.58,3209.62,3232.97,124.32134173,1430
1719547200,3232.97,3233.47,3203.0,3204.4,242.00886426,1355
1719561600,3204.41,3229.76,3195.5,3223.92,649.9499342,2003
1719576000,3223.92,3242.77,3173.69,3183.27,581.30394911,3251
1719590400,3182.14,3185.04,3141.0,3149.24,280.09477027,1747
1719604800,3149.66,3164.04,3141.2,3150.18,164.52912502,1068
1719619200,3150.18,3168.44,3150.17,3157.38,78.38970607,608
1719633600,3157.19,3177.0,3154.56,3172.06,97.94769098,719
1719648000,3172.07,3177.0,3158.94,3171.79,156.06130936,1117
1719662400,3171.51,3172.81,3156.51,3166.24,269.13397722,1164
1719676800,3167.54,3168.03,3153.04,3159.67,105.42234454,1042
1719691200,3159.68,3162.54,3147.51,3149.52,172.32982704,968
1719705600,3149.52,3161.04,3128.8,3142.64,121.24677562,710
1719720000,3142.64,3169.4,3133.51,3163.07,80.72966659,859
1719734400,3163.86,3168.24,3156.0,3158.55,215.29467692,1274
1719748800,3158.55,3170.71,3150.94,3168.17,200.9084531,1226
1719763200,3169.46,3197.1,3161.21,3193.88,338.60595782,1445
1719777600,3193.88,3216.64,3171.51,3200.36,361.58527827,1532
1719792000,3200.01,3271.99,3194.51,3250.27,635.84485384,1672
1719806400,3250.27,3251.06,3231.57,3242.06,333.01877778,1419
1719820800,3242.06,3243.0,3213.6,3214.48,1623.45941816,2483
1719835200,3214.56,3238.95,3207.5,3234.03,1028.60877756,2749
1719849600,3234.59,3256.0,3223.11,3230.9,464.89079173,2266
1719864000,3229.28,3232.99,3188.65,3203.36,260.72218994,1631
1719878400,3203.09,3222.44,3198.01,3217.99,52.02897593,798
1719892800,3217.41,3222.45,3201.91,3204.14,443.73211052,1304
1719907200,3204.12,3217.94,3197.25,3215.15,432.56476933,1692
1719921600,3215.15,3219.26,3167.23,3178.7,853.21974909,2764
1719936000,3178.67,3192.52,3173.41,3173.41,235.6591605,1598
1719950400,3174.19,3186.17,3172.16,3178.76,123.05313939,1181
1719964800,3178.91,3186.43,3097.91,3125.9,262.67162421,2061
1719979200,3125.91,3135.36,3113.5,3113.5,313.36542025,1324
1719993600,3113.5,3115.42,3047.0,3070.71,718.17383114,2794
1720008000,3070.74,3074.54,3038.05,3055.7,644.65309555,2576
1720022400,3055.71,3072.33,3018.67,3026.81,582.74427007,2557
1720036800,3026.5,3060.0,3012.29,3052.51,230.39356389,1522
1720051200,3052.21,3065.18,2930.0,3005.55,620.38778995,2799
1720065600,3005.22,3008.02,2937.41,2946.21,497.32240641,2084
1720080000,2945.92,2958.22,2894.51,2924.2,1755.03081413,4168
1720094400,2924.22,2924.22,2861.0,2902.09,1495.22999974,4475
1720108800,2902.28,2914.09,2879.51,2899.21,633.85827549,2428
1720123200,2899.21,2930.0,2821.8,2828.17,538.10532248,2407
1720137600,2830.27,2873.09,2661.66,2698.46,2756.51935694,4641
1720152000,2699.1,2706.03,2600.0,2661.56,2999.02842045,4551
1720166400,2661.22,2732.9,2609.16,2724.78,2566.45256682,4974
1720180800,2725.0,2775.14,2702.33,2764.5,1709.72507146,4354
1720195200,2764.51,2771.43,2734.97,2758.19,635.79608639,2308
1720209600,2757.58,2760.91,2737.51,2751.21,242.68048041,1614
1720224000,2751.31,2788.32,2727.2,2749.86,120.91727182,1129
1720238400,2750.47,2786.42,2735.2,2776.82,317.02548417,1169
1720252800,2776.82,2786.39,2760.5,2779.97,530.06770835,1578
1720267200,2778.89,2792.46,2765.0,2784.6,659.60921568,1623
1720281600,2785.06,2824.29,2782.0,2820.01,966.62731717,1917
1720296000,2820.01,2837.53,2817.44,2828.7,445.06015225,1245
1720310400,2828.7,2829.71,2803.46,2813.45,61.20690791,756
1720324800,2813.2,2813.45,2760.58,2769.66,1218.39877426,1147
1720339200,2769.89,2794.94,2769.68,2780.32,181.44741305,1250
1720353600,2780.34,2787.4,2725.0,2737.25,357.09802493,1687
1720368000,2737.25,2773.86,2730.82,2754.98,279.46871389,1360
1720382400,2754.98,2773.37,2701.32,2706.15,1020.37441723,1587
1720396800,2706.15,2725.55,2608.9,2658.64,486.69016218,1241
1720411200,2658.58,2709.64,2652.4,2700.75,694.57284994,1619
1720425600,2700.9,2853.75,2697.53,2816.6,1111.09974948,3865
1720440000,2818.7,2825.1,2668.92,2739.83,1379.4650071699,5854
1720454400,2738.83,2778.96,2719.29,2775.92,377.82929852,3598
1720468800,2775.8,2808.76,2758.03,2785.66,254.69671587,2384
1720483200,2785.19,2833.25,2773.8,2828.5,193.70074675,2705
1720497600,2827.13,2849.33,2821.53,2827.89,383.65625212,2052
1720512000,2828.43,2871.99,2825.01,2851.68,463.89706324,2662
1720526400,2851.68,2870.0,2809.95,2837.56,596.86920996,5143
1720540800,2837.3,2853.25,2818.09,2837.16,556.97517064,3022
1720555200,2837.11,2845.45,2816.83,2831.92,319.28256493,2012
1720569600,2831.92,2846.27,2799.06,2845.71,212.08819648,2144
1720584000,2845.12,2888.61,2845.12,2863.64,780.92748687,3362
1720598400,2863.48,2870.77,2845.2,2864.32,581.50456062,2692
1720612800,2864.32,2889.0,2845.2,2885.75,631.01106607,4878
1720627200,2885.06,2909.46,2857.67,2869.42,458.69704763,3113
1720641600,2869.55,2870.88,2846.25,2862.79,340.17653407,1882
1720656000,2862.33,2883.94,2822.21,2839.28,115.26664205,2349
1720670400,2838.91,2879.17,2836.63,2876.18,317.55673026,1549
1720684800,2876.25,2907.85,2874.02,2898.9,591.7232235,2796
1720699200,2898.9,2948.0,2858.24,2865.74,1176.5298936901,6399
1720713600,2865.75,2895.38,2853.38,2860.74,525.27215362,2964
1720728000,2860.74,2873.48,2840.0,2850.55,233.7895195,2598
1720742400,2850.51,2868.24,2815.0,2838.8,99.98995046,2455
1720756800,2838.8,2851.63,2813.28,2822.92,636.74883029,2176
1720771200,2822.95,2834.53,2796.61,2817.12,1019.92631643,3036
1720785600,2818.07,2877.94,2812.73,2873.94,596.09921429,3832
1720800000,2873.95,2893.85,2857.67,2857.67,263.14148987,2746
1720814400,2857.67,2873.85,2835.49,2873.85,194.72560274,1904
1720828800,2873.95,2879.17,2863.0,2863.01,62.02137977,734
1720843200,2863.01,2881.12,2857.21,2881.12,157.91625362,1037
1720857600,2881.13,2908.0,2873.01,2894.05,310.46147549,1771
1720872000,2894.56,2900.14,2880.71,2892.87,177.05264072,1312
1720886400,2892.84,2901.75,2885.96,2900.96,219.75895169,1724
1720900800,2900.97,2934.06,2884.01,2910.5,243.36870003,2324
1720915200,2911.45,2924.35,2905.2,2912.1,68.24802444,1149
1720929600,2912.32,2940.56,2910.89,2935.01,425.75353745,1848
1720944000,2935.01,2961.94,2935.0,2943.53,938.1503155,1954
1720958400,2943.53,2943.53,2919.28,2930.19,172.56817405,1785
1720972800,2930.2,2937.01,2925.26,2930.0,140.34863716,1353
1720987200,2930.0,3000.91,2929.99,2981.5,867.57383584,2896
1721001600,2982.99,3066.85,2973.87,3057.7,360.63888514,3036
1721016000,3057.59,3091.75,3051.97,3083.01,627.33688685,2569
1721030400,3083.01,3091.97,3052.84,3062.83,717.66208722,2583
1721044800,3063.09,3108.68,3060.34,3086.85,940.38316454,3520
1721059200,3086.85,3148.29,3084.04,3126.6,1003.26303136,5190
1721073600,3126.61,3206.72,3126.6,3200.55,1844.4286957299,4379
1721088000,3201.01,3209.63,3173.44,3186.79,134.0707429,2032
1721102400,3186.61,3191.94,3095.0,3099.05,724.29717568,4826
1721116800,3098.69,3143.35,3074.0,3138.4,1310.92078478,4372
1721131200,3138.28,3201.58,3106.97,3196.39,712.09014006,5825
1721145600,3196.23,3210.0,3165.61,3188.57,580.61413217,4738
1721160000,3189.25,3190.36,3133.25,3159.94,826.38962436,3223
1721174400,3161.83,3225.74,3161.03,3194.41,178.34246868,3136
1721188800,3194.41,3224.0,3188.84,3198.08,671.89589089,2510
1721203200,3198.09,3207.83,3150.81,3155.08,1303.81626967,4441
1721217600,3155.08,3177.3,3145.01,3148.43,719.21540231,4792
1721232000,3146.98,3147.41,3094.83,3127.61,1048.41610171,3954
1721246400,3127.61,3133.68,3096.72,3097.91,232.86855264,3248
1721260800,3097.67,3146.0,3093.91,3139.29,96.51689073,2486
1721275200,3138.9,3158.95,3118.75,3143.62,233.89026165,2167
1721289600,3143.62,3166.54,3140.99,3165.98,649.96873383,2702
1721304000,3165.98,3195.0,3105.0,3108.34,899.6009450801,5371
1721318400,3106.85,3138.14,3090.0,3125.4,284.95953494,4063
1721332800,3125.41,3154.18,3118.81,3143.69,158.65842925,1794
1721347200,3143.71,3149.85,3110.82,3149.45,310.03979312,2348
1721361600,3149.58,3165.52,3113.0,3115.1,328.04634312,2610
1721376000,3115.11,3132.55,3103.19,3123.9,439.79536441,3144
1721390400,3123.93,3190.0,3121.08,3183.27,960.71145982,5078
1721404800,3183.36,3253.72,3183.36,3239.53,913.98263222,4004
1721419200,3239.54,3239.54,3215.88,3220.73,301.23140849,1987
1721433600,3221.07,3224.56,3201.55,3213.41,57.14943446,1182
1721448000,3213.66,3225.22,3208.1,3208.1,189.11541348,1063
1721462400,3208.01,3211.15,3199.13,3204.09,406.80504834,1534
1721476800,3204.31,3223.98,3201.41,3216.99,237.84027803,1721
1721491200,3217.37,3250.0,3210.85,3227.06,507.24031248,2830
1721505600,3227.06,3238.14,3218.17,3230.22,187.0650474,1442
1721520000,3230.5,3238.64,3219.81,3223.8,38.69310346,853
1721534400,3223.79,3225.44,3194.06,3199.29,128.04334363,1072
1721548800,3199.18,3215.78,3199.18,3211.16,211.32395919,1314
1721563200,3211.16,3227.95,3200.09,3211.59,202.58605236,2067
1721577600,3211.6,3234.55,3132.89,3204.55,539.69938319,5758
1721592000,3204.55,3251.4,3200.0,3240.36,549.03510445,3215
1721606400,3240.38,3265.0,3229.0,3229.01,469.73680775,1950
1721620800,3229.01,3232.08,3181.73,3196.74,245.24991258,2357
1721635200,3196.75,3217.55,3188.37,3215.15,405.03238803,2638
1721649600,3215.16,3223.25,3155.99,3176.63,1490.81011237,4839
1721664000,3176.57,3212.24,3164.95,3211.03,614.03506036,3573
1721678400,3212.24,3212.24,3144.29,3159.4,1119.32070584,3928
1721692800,3158.5,3202.33,3158.46,3189.11,117.48028819,2166
1721707200,3189.29,3196.58,3146.88,3175.11,342.08627371,3643
1721721600,3175.4,3255.0,3173.96,3238.84,1065.96085751,5768
1721736000,3238.59,3240.57,3163.22,3184.53,1062.24479213,8461
1721750400,3182.98,3220.94,3126.93,3185.66,1132.25517399,7437
1721764800,3186.27,3220.25,3181.25,3206.64,190.98808572,3378
1721779200,3207.41,3211.02,3158.14,3178.14,65.4043791,1911
1721793600,3178.14,3180.87,3161.5,3180.86,288.15747355,1824
1721808000,3180.87,3201.15,3177.61,3189.9,858.41429045,2840
1721822400,3189.9,3198.47,3144.11,3149.32,719.65083488,4834
1721836800,3148.41,3163.14,3100.0,3103.2,548.92702507,4365
1721851200,3103.13,3115.58,3044.53,3077.93,757.91387942,4172
1721865600,3077.41,3082.36,2911.47,2923.01,736.1363958801,6357
1721880000,2923.01,2945.45,2888.77,2925.01,1638.96780476,4249
1721894400,2925.01,2934.85,2907.68,2926.66,937.63442739,3429
1721908800,2926.66,2933.24,2865.26,2892.45,1007.9852128801,7037
1721923200,2892.45,2922.08,2860.65,2878.79,593.75280207,5527
1721937600,2879.55,2945.94,2849.21,2925.93,542.78595336,4615
1721952000,2925.93,2998.2,2924.83,2981.09,187.74841094,3234
1721966400,2981.45,3018.22,2981.08,2995.62,552.06923933,2721
1721980800,2995.98,3006.4,2981.04,2989.52,755.23236703,2850
1721995200,2989.52,3011.03,2969.18,2998.6,709.02447454,4715
1722009600,2998.6,3025.0,2986.9,3015.88,261.24202493,2405
1722024000,3017.39,3025.75,2998.36,3018.62,518.60330527,1901
1722038400,3018.63,3018.63,2989.75,2989.76,52.48109546,1224
1722052800,2989.76,3018.44,2989.66,3013.78,92.67899969,1142
1722067200,3013.78,3021.44,3006.35,3018.81,291.14159885,1554
1722081600,3018.81,3060.17,3011.39,3019.88,445.31162865,3515
1722096000,3020.39,3029.61,2975.88,3004.75,337.95516694,3485
1722110400,3004.75,3030.55,2943.22,2991.52,302.6063428,4843
1722124800,2990.98,2995.08,2972.39,2983.86,80.50711944,1295
1722139200,2983.86,2985.46,2948.59,2972.55,130.76274874,1586
1722153600,2972.55,3005.8,2963.4,3000.64,185.2411221,1544
1722168000,3000.55,3019.81,2999.27,3009.32,170.65169501,1764
1722182400,3009.27,3020.0,3003.72,3012.4,326.06506234,1463
1722196800,3012.4,3014.76,2995.95,3012.6,181.41004013,1487
1722211200,3012.25,3085.0,3011.61,3081.56,160.3793852,2662
1722225600,3081.65,3117.74,3075.04,3103.65,454.31725196,2623
1722240000,3103.77,3133.0,3102.36,3118.96,828.47747015,3124
1722254400,3118.96,3129.35,3040.0,3057.08,975.51613656,5323
1722268800,3057.09,3067.23,3012.2,3056.64,652.08117295,4216
1722283200,3056.64,3095.14,3056.64,3065.95,238.62330983,2514
1722297600,3065.39,3081.69,3033.18,3068.16,75.3786569,2438
1722312000,3068.15,3093.71,3049.39,3087.68,480.42605964,2038
1722326400,3087.68,3097.65,3072.66,3080.73,840.28110953,2226
1722340800,3080.36,3110.0,3046.12,3072.33,570.67416798,4239
1722355200,3071.97,3076.23,3017.0,3026.88,417.3037349,3535
1722369600,3026.88,3036.45,2993.2,3031.33,431.48001816,2688
1722384000,3031.29,3050.95,3017.63,3041.55,83.66496515,1679
1722398400,3043.03,3079.41,3015.69,3065.2,290.42910188,2553
1722412800,3065.12,3072.95,3054.01,3067.59,377.58482089,2448
1722427200,3067.49,3088.65,3048.5,3051.69,547.10707274,3751
1722441600,3051.69,3074.75,3000.24,3015.44,616.50256581,5049
1722456000,3015.45,3022.45,2972.04,2986.32,1203.93775957,4338
1722470400,2986.81,2995.01,2929.37,2935.34,194.20669319,3726
1722484800,2935.34,2942.44,2897.35,2931.99,497.38442307,3525
1722499200,2931.2,2961.55,2930.21,2956.11,418.45093034,2416
1722513600,2956.11,2971.31,2875.95,2888.67,634.7836305,5829
1722528000,2888.58,2901.99,2856.3,2901.52,620.84469978,5720
1722542400,2900.33,2980.21,2893.08,2968.11,388.38900859,3387
1722556800,2968.15,2980.65,2908.65,2934.06,264.06749345,2256
1722571200,2933.41,2937.84,2894.56,2912.53,190.66885292,2552
1722585600,2912.51,2923.24,2900.86,2908.95,471.98545304,2606
1722600000,2908.95,2917.95,2736.01,2786.26,2681.9759166502,10257
1722614400,2786.26,2792.9,2745.84,2760.83,1172.2775892299,4961
1722628800,2760.83,2784.82,2720.85,2738.93,774.32945505,5213
1722643200,2738.65,2750.95,2674.72,2734.22,650.35765553,3180
1722657600,2734.23,2748.95,2717.51,2740.0,352.54249759,1504
1722672000,2740.0,2757.79,2730.01,2750.31,930.81975838,1652
1722686400,2750.71,2769.55,2698.51,2702.42,512.11150908,2586
1722700800,2702.42,2708.95,2643.52,2658.2,1142.76276512,4104
1722715200,2658.01,2681.85,2627.6,2664.4,1211.40349891,2980
1722729600,2665.52,2692.22,2643.19,2673.35,170.74530989,1492
1722744000,2673.35,2680.0,2650.15,2654.44,276.69338191,1336
1722758400,2654.66,2683.76,2641.0,2676.08,759.52747707,1810
1722772800,2676.08,2687.21,2588.08,2593.4,1680.57192205,3402
1722787200,2594.07,2604.09,2413.47,2548.67,3981.56678991,5882
1722801600,2548.6,2552.66,2460.01,2464.96,1298.47348393,1935
1722816000,2465.67,2472.84,1940.09,2118.98,9230.1683417,8187
1722830400,2118.62,2184.8,1980.9,2157.23,6254.56616978,8262
1722844800,2156.63,2158.75,2033.55,2091.83,4727.85699047,7373
1722859200,2092.0,2249.73,1987.06,2246.04,7946.27615017,9100
1722873600,2245.31,2305.67,2164.01,2199.43,2102.35191443,4932
1722888000,2199.15,2262.37,2194.22,2210.13,771.8430552,2211
1722902400,2211.15,2326.4,2207.43,2278.59,1626.25148576,1172
1722916800,2278.85,2321.53,2268.92,2316.33,2064.62824528,3441
1722931200,2316.29,2317.94,2240.0,2256.88,1825.02262944,3562
1722945600,2255.34,2338.98,2217.52,2316.24,3157.78348641,3542
1722960000,2316.44,2334.43,2275.11,2285.52,1172.98411557,2906
1722974400,2285.22,2301.57,2243.42,2255.13,1592.95621491,2239
1722988800,2256.67,2317.81,2225.0,2298.27,191.9719669,1079
1723003200,2300.94,2326.74,2281.17,2302.04,1023.18201542,2156
1723017600,2301.96,2338.13,2266.04,2267.06,1129.70579231,3112
1723032000,2267.38,2278.99,2166.18,2208.89,1959.281771,3508
1723046400,2210.3,2213.05,2131.63,2153.25,1268.36879157,2625
1723060800,2153.47,2171.42,2117.0,2140.9,1056.39826683,2210
1723075200,2146.64,2256.77,2126.53,2227.56,311.08161255,1017
1723089600,2224.67,2236.52,2206.61,2207.72,444.72684461,1353
1723104000,2208.25,2252.88,2204.47,2241.62,738.77746914,2564
1723118400,2241.62,2315.36,2218.13,2299.34,1510.62420584,5265
1723132800,2300.5,2389.31,2298.31,2360.96,1414.1054648,4892
1723147200,2360.43,2494.98,2354.92,2459.97,1527.1692614799,4555
1723161600,2459.97,2472.46,2428.4,2467.46,605.02160485,1873
1723176000,2467.46,2478.26,2428.51,2446.15,565.84175533,2533
1723190400,2446.15,2455.45,2400.0,2416.46,1017.70171732,3271
1723204800,2415.11,2438.38,2342.47,2345.35,1127.16185256,4715
1723219200,2343.25,2391.56,2339.71,2375.01,391.42381902,2363
1723233600,2375.01,2393.54,2352.25,2383.07,702.68052951,2352
1723248000,2383.07,2421.95,2364.9,2386.87,130.15735882,1782
1723262400,2385.91,2419.16,2375.1,2418.6,205.9527238,1160
1723276800,2417.89,2423.39,2408.15,2420.23,347.28566915,1321
1723291200,2419.44,2419.88,2385.36,2385.36,297.87699703,1697
1723305600,2385.31,2404.97,2378.3,2387.9,293.08572282,1694
1723320000,2388.11,2401.17,2383.11,2392.96,182.67134232,1123
1723334400,2392.96,2442.8,2389.96,2425.91,214.55021435,1014
1723348800,2425.95,2458.7,2416.71,2454.84,282.21610935,1055
1723363200,2454.84,2491.68,2428.0,2433.61,616.70236762,2356
1723377600,2433.27,2435.62,2382.31,2396.77,703.40756332,2478
1723392000,2396.59,2426.2,2384.0,2386.11,466.43532658,1838
1723406400,2386.11,2386.44,2327.03,2341.79,765.52682821,1972
1723420800,2341.79,2360.75,2302.51,2328.63,245.89917282,773
1723435200,2329.76,2364.82,2305.26,2353.08,397.58878695,1229
1723449600,2351.54,2455.5,2345.9,2449.07,1033.67921065,3492
1723464000,2448.36,2489.99,2376.1,2463.08,1704.7349756497,8610
1723478400,2463.25,2469.52,2407.56,2431.81,659.16189196,3869
1723492800,2431.85,2514.85,2431.85,2491.3,492.48718723,4100
1723507200,2491.49,2502.64,2425.5,2430.2,574.73422415,3566
1723521600,2430.13,2436.07,2411.44,2424.41,762.62018195,2257
1723536000,2424.45,2432.05,2390.25,2419.46,1143.49849868,3249
1723550400,2419.46,2442.8,2406.16,2423.23,608.91140666,4183
1723564800,2422.19,2487.27,2420.5,2467.28,1424.20466714,4911
1723579200,2467.8,2487.23,2452.0,2458.03,301.86717813,2095
1723593600,2458.03,2479.5,2446.92,2468.1,53.91848005,1881
1723608000,2468.11,2502.08,2466.9,2479.46,625.46582032,2119
1723622400,2479.42,2507.64,2467.64,2497.24,961.63696118,3443
1723636800,2497.24,2524.0,2391.0,2428.39,1178.45401951,7410
1723651200,2428.12,2428.12,2400.01,2424.61,292.88438228,2775
1723665600,2424.68,2433.35,2400.86,2419.31,321.79368505,1905
1723680000,2419.31,2428.6,2395.67,2410.05,594.26075206,2062
1723694400,2410.06,2411.24,2354.1,2374.3,382.15342722,2422
1723708800,2374.89,2400.45,2368.69,2396.03,610.03732829,2107
1723723200,2395.95,2436.4,2393.78,2430.19,602.33092688,3928
1723737600,2430.19,2435.44,2302.12,2325.0,1502.04794859,3253
1723752000,2325.13,2361.94,2297.71,2344.28,622.93657408,1807
1723766400,2344.28,2376.11,2327.62,2350.31,49.85764732,940
1723780800,2350.31,2393.6,2350.3,2383.46,294.39180546,1390
1723795200,2383.47,2390.0,2373.91,2377.96,361.20266026,1854
1723809600,2377.81,2381.85,2323.53,2338.8,607.4124682,2698
1723824000,2337.67,2388.45,2333.59,2379.89,374.25381504,2358
1723838400,2379.8,2383.42,2350.01,2354.57,189.4735673,1453
1723852800,2354.69,2368.5,2350.71,2356.36,162.58435692,775
1723867200,2357.25,2364.15,2353.19,2359.26,97.48048628,752
1723881600,2359.26,2366.05,2355.91,2360.38,326.50190973,1080
1723896000,2360.13,2375.23,2357.72,2366.97,189.0640189,1295
1723910400,2366.94,2383.5,2366.94,2371.48,150.03146999,1208
1723924800,2371.48,2376.2,2361.91,2373.06,295.99360035,1123
1723939200,2373.13,2393.05,2366.01,2366.38,73.90752743,1077
1723953600,2366.01,2368.93,2357.7,2366.96,186.82728866,847
1723968000,2367.44,2416.31,2365.69,2401.53,454.63021042,2025
1723982400,2401.53,2434.25,2398.17,2422.72,877.37316319,2395
1723996800,2423.35,2427.87,2399.5,2418.53,144.2691282,1714
1724011200,2419.06,2421.25,2371.3,2371.3,392.45212128,1711
1724025600,2371.32,2398.36,2364.9,2397.83,112.65045243,1271
1724040000,2397.45,2399.97,2366.4,2367.31,307.75196457,1503
1724054400,2367.32,2375.33,2323.55,2342.89,5040.6637303,2313
1724068800,2343.17,2360.96,2322.34,2335.97,742.87000828,1816
1724083200,2335.97,2374.87,2327.78,2352.57,492.93443174,1827
1724097600,2352.74,2381.94,2351.7,2379.73,118.93679683,1339
1724112000,2379.93,2413.38,2367.22,2404.46,270.57967826,1787
1724126400,2404.58,2433.0,2401.11,2413.51,468.45369269,1755
1724140800,2413.51,2413.65,2385.35,2386.87,682.98483234,1870
1724155200,2386.53,2397.25,2300.47,2319.56,985.59092829,3051
1724169600,2318.9,2344.84,2311.81,2339.9,466.54650616,1564
1724184000,2340.44,2345.89,2307.91,2313.54,181.23668189,1020
1724198400,2313.01,2335.95,2300.5,2330.08,198.65858469,658
1724212800,2330.93,2343.48,2329.2,2340.28,195.50400231,988
1724227200,2340.21,2344.25,2310.58,2321.39,495.37056229,1814
1724241600,2321.39,2353.84,2282.84,2336.65,1584.5890416899,3856
1724256000,2335.82,2374.61,2327.06,2374.03,424.5248795,2677
1724270400,2374.01,2387.76,2350.91,2358.46,322.47844822,2075
1724284800,2358.57,2366.88,2321.66,2346.78,243.91184302,1219
1724299200,2348.26,2372.27,2346.03,2368.89,229.94266669,1340
1724313600,2368.89,2373.65,2354.51,2372.53,651.45394492,1956
1724328000,2372.54,2373.74,2333.03,2339.51,499.98138021,2961
1724342400,2339.9,2358.15,2338.34,2346.42,373.1612888,1989
1724356800,2346.93,2364.54,2346.93,2359.92,403.23948308,1398
1724371200,2359.92,2385.02,2359.2,2369.7,94.54799625,1024
1724385600,2369.7,2415.29,2369.18,2400.17,803.49482833,2083
1724400000,2400.17,2409.98,2386.37,2386.37,519.2243106,2006
1724414400,2386.31,2418.24,2356.22,2390.58,904.65953073,4172
1724428800,2391.3,2457.54,2385.58,2455.86,795.71630285,3697
1724443200,2455.83,2498.85,2452.72,2471.77,930.50865123,3148
1724457600,2471.44,2477.5,2452.69,2454.73,257.91367627,1373
1724472000,2454.74,2469.0,2449.72,2465.71,211.5709826,1026
1724486400,2465.71,2489.42,2463.05,2463.57,340.1448567,1830
1724500800,2463.97,2470.14,2460.53,2467.78,341.24226225,1686
1724515200,2467.81,2517.35,2467.17,2495.66,991.54059128,3498
1724529600,2495.66,2505.84,2440.0,2471.63,239.44666031,2656
1724544000,2471.53,2481.47,2456.09,2466.99,52.08973012,1378
1724558400,2468.05,2472.37,2440.72,2447.9,236.78103999,1242
1724572800,2447.9,2463.25,2444.31,2453.02,248.86546983,1341
1724587200,2453.68,2475.52,2450.49,2468.87,429.14080341,1702
1724601600,2469.52,2477.89,2466.88,2471.32,255.12175672,1543
1724616000,2471.32,2493.58,2451.98,2455.77,199.57886816,1986
1724630400,2455.77,2466.44,2432.01,2454.94,190.41405252,1254
1724644800,2454.71,2461.45,2442.72,2445.25,326.3782833,1606
1724659200,2445.11,2460.41,2427.53,2451.52,745.40743034,2705
1724673600,2451.43,2456.47,2422.7,2438.74,855.0773305,4017
1724688000,2438.73,2445.57,2398.98,2400.97,513.04125834,3108
1724702400,2402.0,2412.0,2392.0,2401.16,469.20348701,1878
1724716800,2401.51,2412.0,2389.71,2404.83,349.73036528,1364
1724731200,2405.02,2417.53,2396.76,2407.56,303.32920369,1632
1724745600,2407.65,2409.99,2348.11,2353.72,765.01289566,3591
1724760000,2353.78,2355.54,2293.59,2310.27,1089.25622934,4538
1724774400,2310.12,2318.3,2297.58,2310.99,1041.17669126,2336
1724788800,2311.17,2313.51,2142.01,2202.01,2646.23296641,3768
1724803200,2202.02,2221.76,2167.22,2220.5,609.4297239,946
1724817600,2220.5,2229.5,2182.43,2186.34,636.84445023,1663
1724832000,2186.28,2287.62,2180.01,2270.85,962.74247704,2525
1724846400,2270.53,2286.83,2220.69,2244.68,833.57878774,3070
1724860800,2244.68,2289.35,2211.42,2253.15,734.8252281,3750
1724875200,2255.5,2297.9,2255.5,2273.44,459.78613156,3352
1724889600,2273.56,2279.01,2260.14,2266.84,150.92030329,1323
1724904000,2267.31,2299.91,2263.52,2290.55,423.72231152,1626
1724918400,2290.55,2317.0,2288.5,2302.93,668.48245835,2899
1724932800,2302.93,2344.15,2301.31,2325.32,657.63125002,4794
1724947200,2325.31,2333.63,2268.61,2282.96,810.80721977,4388
1724961600,2282.96,2295.0,2263.19,2281.79,559.34577117,2470
1724976000,2281.8,2286.64,2264.43,2274.07,138.7463244,1598
1724990400,2274.07,2284.65,2262.91,2272.01,257.13942827,1880
1725004800,2272.01,2281.84,2264.54,2268.21,755.0439524,2298
1725019200,2268.21,2300.85,2205.01,2215.6,1082.2614293401,5961
1725033600,2215.39,2298.0,2201.34,2270.01,1062.47541452,5018
1725048000,2269.71,2290.45,2269.71,2287.68,157.72315171,1441
1725062400,2287.68,2293.07,2283.12,2285.33,104.84487479,857
1725076800,2285.76,2290.87,2281.11,2282.43,330.43583931,842
1725091200,2282.6,2289.21,2274.92,2285.26,336.18588612,1663
1725105600,2285.26,2286.5,2276.99,2279.58,134.02958843,1297
1725120000,2279.58,2279.58,2257.94,2263.17,164.3019803,1711
1725134400,2263.17,2287.26,2258.79,2275.11,124.03519613,1440
1725148800,2274.92,2277.01,2243.31,2254.11,539.87860376,1507
1725163200,2254.11,2254.11,2227.99,2252.4,473.14828424,1921
1725177600,2252.45,2256.0,2228.8,2243.59,192.23882613,2066
1725192000,2243.6,2254.77,2210.78,2247.42,421.02628767,3007
1725206400,2247.79,2274.9,2227.31,2263.55,293.01049241,2367
1725220800,2263.65,2275.25,2175.0,2198.31,469.74270402,3292
1725235200,2198.31,2221.04,2197.13,2216.0,505.6712812,1781
1725249600,2216.0,2229.84,2201.92,2204.2,640.82658235,1635
1725264000,2204.2,2291.03,2204.19,2274.87,985.43642222,3538
1725278400,2274.82,2286.17,2253.91,2271.33,586.45496467,3430
1725292800,2272.13,2285.9,2267.12,2280.56,965.2790585,2014
1725307200,2280.67,2315.15,2278.88,2293.48,438.91677066,2234
1725321600,2293.48,2305.84,2273.72,2274.62,365.46752564,1410
1725336000,2275.4,2283.6,2273.51,2279.0,251.73496459,984
1725350400,2279.14,2279.7,2256.4,2273.96,453.66238281,2168
1725364800,2274.06,2280.15,2207.0,2213.73,1141.53295167,3774
1725379200,2213.72,2235.0,2208.03,2215.99,437.86992221,2692
1725393600,2215.99,2234.25,2185.0,2196.4,829.56882892,2210
1725408000,2194.86,2215.98,2091.0,2147.51,1575.94415525,3459
1725422400,2147.51,2181.38,2137.81,2171.38,1636.28069178,2246
1725436800,2171.15,2179.13,2161.51,2171.08,577.63342103,2619
1725451200,2171.08,2219.65,2161.58,2217.07,793.96705812,4280
1725465600,2217.06,2246.25,2203.41,2214.12,429.50634949,2935
1725480000,2214.06,2226.81,2206.11,2210.05,214.07235748,1531
1725494400,2210.05,2225.55,2171.97,2171.97,129.62820495,1504
1725508800,2172.12,2183.0,2146.81,2176.68,1636.92596698,2128
1725523200,2176.37,2179.0,2147.0,2153.9,1051.2680793,2217
1725537600,2153.87,2174.99,2127.45,2138.43,741.52039153,4057
1725552000,2138.43,2156.52,2115.32,2127.87,401.21338465,2358
1725566400,2127.87,2139.22,2116.61,2131.36,827.16565902,1628
1725580800,2131.17,2166.29,2123.45,2153.35,287.93220943,1141
1725595200,2153.35,2156.25,2089.29,2109.19,472.42714934,1995
1725609600,2108.52,2143.04,2104.87,2138.11,850.31924771,1995
1725624000,2138.11,2162.95,2043.12,2065.21,2382.67319061,5898
1725638400,2065.21,2068.25,1992.43,2005.0,3866.3348866701,5665
1725652800,2005.01,2010.56,1941.55,2008.84,1722.02913201,3491
1725667200,2008.85,2024.64,2006.83,2021.22,153.40437809,994
1725681600,2021.63,2072.32,2020.8,2067.44,408.69648228,1557
1725696000,2067.44,2076.05,2058.01,2063.68,383.52193393,1488
1725710400,2063.57,2087.85,2063.54,2080.33,390.50010947,1560
1725724800,2080.33,2082.75,2046.42,2070.42,547.70408901,1582
1725739200,2070.42,2070.42,2041.38,2053.25,219.03214154,1279
1725753600,2053.25,2066.02,2044.97,2061.99,114.25919418,544
1725768000,2061.99,2079.43,2061.99,2071.98,135.79344454,753
1725782400,2071.34,2084.4,2065.98,2072.93,255.31263347,1522
1725796800,2072.93,2075.81,2024.79,2026.88,669.0634623,1847
1725811200,2026.93,2061.18,2025.78,2051.43,513.4178843,1573
1725825600,2051.49,2103.64,2048.2,2072.56,468.59585964,2011
1725840000,2073.82,2091.85,2067.55,2080.5,94.33075884,1170
1725854400,2080.5,2093.62,2064.54,2093.26,309.52561056,1344
1725868800,2092.98,2114.85,2092.09,2095.53,734.0181821,2106
1725883200,2095.89,2105.16,2058.58,2076.06,1321.76794447,2955
1725897600,2076.07,2130.0,2075.92,2129.98,1160.28026585,3097
1725912000,2129.99,2156.79,2118.07,2138.71,691.04083777,2001
1725926400,2138.56,2139.29,2116.78,2121.85,184.95310754,792
1725940800,2121.85,2142.91,2111.67,2141.89,295.33616453,1201
1725955200,2141.89,2147.84,2122.0,2132.64,885.09315771,2216
1725969600,2132.64,2142.25,2106.57,2110.07,617.28712567,2692
1725984000,2110.07,2168.24,2110.07,2159.8,1082.34035571,2187
1725998400,2159.79,2175.85,2153.58,2168.3,845.16540896,1722
1726012800,2167.17,2168.57,2122.65,2125.45,371.18196142,1371
1726027200,2126.59,2126.59,2100.25,2120.65,243.58469058,1319
1726041600,2120.65,2120.65,2091.9,2107.0,575.57381657,1872
1726056000,2107.0,2135.65,2070.52,2112.86,1346.2379105,3566
1726070400,2112.55,2149.42,2112.33,2127.52,712.1000401,2755
1726084800,2125.23,2136.11,2121.26,2126.02,424.47260256,1432
1726099200,2126.02,2170.52,2125.46,2151.24,399.22787472,1717
1726113600,2151.24,2159.35,2136.33,2142.68,165.8807541,1338
1726128000,2143.45,2147.0,2127.43,2132.31,474.75759581,1800
1726142400,2132.35,2143.0,2096.99,2102.62,798.23803789,3438
1726156800,2103.69,2134.22,2103.44,2131.0,294.26481757,1883
1726171200,2131.0,2141.85,2116.37,2131.82,764.33289289,1629
1726185600,2131.82,2131.83,2121.46,2126.81,196.90103808,691
1726200000,2125.14,2127.9,2110.77,2117.43,209.86554784,911
1726214400,2117.43,2140.59,2111.4,2124.06,783.83803927,1863
1726228800,2124.69,2175.0,2114.21,2172.9,750.07499077,3745
1726243200,2173.31,2192.0,2164.68,2184.18,787.34602047,3345
1726257600,2184.25,2223.63,2180.6,2204.43,425.51323743,2171
1726272000,2203.69,2204.49,2189.14,2196.61,134.03002166,1048
1726286400,2197.04,2197.29,2180.21,2185.83,113.46738462,1061
1726300800,2185.88,2186.4,2173.57,2181.44,247.07068954,1504
1726315200,2181.21,2187.29,2178.55,2182.77,224.76889217,1507
1726329600,2182.48,2185.35,2150.0,2173.71,1001.02774967,2015
1726344000,2173.94,2184.0,2172.53,2181.98,104.11549083,1155
1726358400,2181.98,2191.88,2181.87,2184.9,83.11664199,753
1726372800,2184.91,2188.52,2180.22,2187.39,135.02769576,771
1726387200,2187.4,2187.4,2168.8,2171.33,265.74669157,1447
1726401600,2171.14,2180.14,2161.82,2172.92,176.84676096,1921
1726416000,2173.04,2173.42,2135.24,2143.23,740.4251443,2736
1726430400,2143.23,2143.23,2063.34,2089.42,878.19323545,2794
1726444800,2089.43,2093.85,2032.77,2051.89,341.39502476,1836
1726459200,2052.24,2079.0,2051.88,2079.0,287.2414822,1273
1726473600,2079.0,2098.25,2058.86,2074.49,779.11298954,2120
1726488000,2074.5,2077.79,2040.54,2059.1,956.43125056,2483
1726502400,2058.55,2076.69,2043.0,2043.06,466.01274065,2243
1726516800,2044.55,2066.66,2039.39,2062.45,180.33696073,1302
1726531200,2062.48,2064.85,2036.4,2053.14,172.04469185,824
1726545600,2053.15,2075.54,2053.0,2074.56,167.58309164,1337
1726560000,2074.56,2086.46,2067.7,2072.96,1015.72644845,1906
1726574400,2072.54,2150.65,2071.71,2144.36,1148.17752187,4156
1726588800,2145.0,2149.92,2096.34,2116.86,490.3877033,3236
1726603200,2116.94,2123.94,2097.09,2104.25,640.88924517,1734
1726617600,2104.25,2104.25,2079.11,2098.84,99.78271547,931
1726632000,2098.79,2099.33,2081.32,2094.33,331.81181059,1087
1726646400,2094.3,2094.3,2047.38,2069.13,1772.94176138,2124
1726660800,2069.12,2082.64,2055.0,2066.26,961.97521845,2070
1726675200,2066.26,2115.2,2060.73,2084.56,2589.3948975999,4333
1726689600,2084.56,2136.56,2062.54,2135.95,1618.2261498099,2123
1726704000,2136.65,2170.85,2135.87,2162.11,692.34224199,2514
1726718400,2162.11,2189.34,2158.8,2186.03,968.92675854,2165
1726732800,2186.04,2189.34,2169.7,2182.78,1780.41753383,2516
1726747200,2182.78,2199.99,2177.96,2188.9,1242.48803017,4073
1726761600,2188.65,2233.47,2184.45,2205.81,2167.9340159,4320
1726776000,2205.23,2219.15,2197.74,2208.45,648.59031459,2115
1726790400,2208.45,2255.53,2186.0,2255.53,333.46273014,2152
1726804800,2255.54,2302.58,2254.57,2294.88,589.49445179,3445
1726819200,2294.88,2295.89,2274.11,2280.37,1317.02334097,2734
1726833600,2279.88,2303.0,2258.72,2293.61,1818.42946678,5146
1726848000,2294.06,2299.71,2265.52,2276.86,553.92362,2601
1726862400,2277.12,2294.13,2275.8,2294.13,182.1852852,1416
1726876800,2294.13,2315.46,2271.58,2280.01,268.15768438,2375
1726891200,2280.01,2292.52,2267.9,2290.51,197.36300076,1311
1726905600,2290.51,2291.52,2280.68,2290.16,350.15651507,1221
1726920000,2290.16,2308.14,2286.39,2294.59,266.67889897,2036
1726934400,2294.94,2310.73,2291.91,2304.01,153.12113744,1557
1726948800,2304.01,2349.11,2295.24,2342.7,392.05334029,2163
1726963200,2342.63,2356.65,2321.27,2327.23,238.99138484,2158
1726977600,2327.23,2333.79,2310.07,2317.99,226.44496379,1357
1726992000,2318.0,2325.25,2305.0,2313.14,389.69101256,1951
1727006400,2313.13,2318.79,2291.3,2303.59,342.4167833,2224
1727020800,2303.2,2321.53,2286.51,2311.31,503.00515233,2405
1727035200,2310.46,2321.44,2264.22,2313.11,193.31315229,3022
1727049600,2313.11,2404.28,2278.7,2395.0,568.69475432,4641
1727064000,2395.0,2400.32,2371.24,2382.57,427.96818995,2482
1727078400,2382.57,2395.99,2372.0,2377.28,4026.1663031901,3403
1727092800,2377.28,2410.0,2365.51,2403.91,682.17372651,4565
1727107200,2403.91,2427.19,2390.0,2404.71,688.16742724,4533
1727121600,2405.1,2413.0,2378.15,2382.9,663.00553027,2481
1727136000,2382.43,2386.41,2352.0,2363.53,680.8556166,2543
1727150400,2363.8,2381.68,2355.62,2378.5,234.60331155,1776
1727164800,2378.79,2393.82,2368.79,2369.54,696.70111605,2530
1727179200,2369.4,2375.77,2323.93,2343.2,1262.13361921,4254
1727193600,2343.31,2378.95,2341.95,2372.63,515.42360067,2761
1727208000,2372.1,2387.21,2363.35,2372.11,1138.00345166,2685
1727222400,2372.11,2387.3,2354.17,2362.63,494.6833973,2135
1727236800,2362.63,2362.63,2334.08,2343.01,385.09301335,1842
1727251200,2343.01,2351.4,2337.07,2346.75,617.71579388,2183
1727265600,2346.75,2352.4,2326.7,2333.54,755.31855858,2853
1727280000,2333.55,2341.23,2304.0,2310.01,815.08708627,2563
1727294400,2310.01,2321.83,2297.07,2316.9,362.67236216,1984
1727308800,2317.89,2338.84,2299.96,2335.11,145.29830576,1987
1727323200,2335.75,2363.64,2327.03,2361.68,337.35348183,1566
1727337600,2361.47,2366.54,2344.0,2355.49,791.63420073,2717
1727352000,2356.79,2380.0,2337.81,2372.51,1308.27255872,4788
1727366400,2372.51,2385.05,2352.48,2370.54,436.28199045,3441
1727380800,2370.97,2376.55,2344.99,2355.8,605.70701419,2327
1727395200,2355.69,2365.95,2342.82,2363.11,65.67797184,1308
1727409600,2363.1,2391.0,2361.88,2388.63,359.83364707,2046
1727424000,2388.64,2402.85,2367.0,2376.74,955.50926454,3671
1727438400,2376.74,2419.58,2362.98,2405.64,1298.68829095,4706
1727452800,2405.64,2445.0,2404.1,2420.85,737.05257504,4161
1727467200,2420.95,2425.53,2410.76,2414.32,811.97797124,1594
1727481600,2414.51,2422.25,2408.9,2410.87,96.3781196,919
1727496000,2410.34,2419.05,2399.12,2400.43,269.36541718,1189
1727510400,2400.43,2400.43,2376.14,2396.72,272.37164711,2080
1727524800,2396.54,2396.55,2377.44,2391.32,426.38600894,1828
1727539200,2391.32,2404.11,2385.91,2398.13,265.22462643,1535
1727553600,2398.13,2400.63,2380.7,2396.75,731.66628573,1708
1727568000,2396.65,2403.59,2388.1,2395.36,72.48486767,1010
1727582400,2395.36,2395.36,2362.77,2365.61,500.66698705,1274
1727596800,2365.67,2377.41,2361.3,2375.73,329.37511912,1409
1727611200,2375.85,2389.49,2367.56,2387.93,235.40341146,2078
1727625600,2387.82,2391.84,2373.7,2386.76,377.18254977,1715
1727640000,2386.76,2391.29,2373.3,2379.57,283.68175116,1729
1727654400,2379.69,2382.15,2333.81,2355.85,259.20480837,2941
1727668800,2355.95,2368.06,2351.77,2361.15,416.14104197,1712
1727683200,2361.16,2361.16,2317.52,2347.37,791.86391119,4212
1727697600,2347.38,2359.8,2328.04,2328.04,545.88423244,3063
1727712000,2329.1,2342.33,2316.43,2330.3,683.18029248,3085
1727726400,2330.32,2348.27,2314.7,2337.02,691.18758145,2704
1727740800,2336.1,2361.45,2328.63,2359.0,573.80011084,1666
1727755200,2359.0,2385.99,2358.99,2380.12,469.55915487,1941
1727769600,2380.05,2382.13,2370.48,2371.42,386.43109115,2005
1727784000,2371.21,2376.95,2244.1,2284.05,1993.03323332,8000
1727798400,2282.51,2286.71,2200.0,2246.85,1825.6645606001,6928
1727812800,2247.19,2250.55,2180.0,2212.87,1331.61514775,6198
1727827200,2211.92,2257.52,2204.61,2248.55,221.61671593,2162
1727841600,2248.55,2252.41,2232.58,2242.48,378.1021362,2528
1727856000,2243.11,2244.33,2207.12,2217.07,587.08137559,3774
1727870400,2217.07,2230.2,2188.88,2225.99,1161.22946251,6124
1727884800,2226.0,2241.48,2143.71,2148.32,1596.3484197499,6988
1727899200,2148.32,2164.15,2126.91,2141.72,1048.63601654,3635
1727913600,2141.72,2173.37,2132.83,2173.37,150.93257483,2163
1727928000,2173.37,2177.44,2141.23,2145.07,379.52891134,2054
1727942400,2145.07,2146.55,2101.0,2130.95,2130.23973332,4202
1727956800,2130.96,2142.34,2097.02,2124.82,1339.3639880599,5491
1727971200,2124.5,2134.46,2098.83,2134.46,331.64922124,2871
1727985600,2134.42,2135.75,2116.18,2129.34,423.67463559,1694
1728000000,2129.34,2157.54,2120.9,2146.21,126.13599192,1747
1728014400,2146.35,2164.05,2145.53,2159.67,307.05149078,1523
1728028800,2159.67,2170.0,2152.76,2162.35,501.29406366,2214
1728043200,2162.35,2204.35,2146.31,2204.2,2253.02128357,4983
1728057600,2204.47,2226.25,2196.93,2214.21,645.6679438,3340
1728072000,2213.42,2214.88,2197.64,2199.4,214.91862552,1338
1728086400,2199.45,2210.95,2178.0,2186.02,151.77882429,1387
1728100800,2186.63,2210.25,2184.45,2202.56,104.02587969,1131
1728115200,2202.01,2211.92,2202.01,2203.09,311.90481951,1292
1728129600,2203.31,2207.95,2190.7,2200.02,252.62806104,1662
1728144000,2199.69,2200.24,2179.94,2180.81,191.32401444,1396
1728158400,2180.81,2201.45,2176.21,2198.47,358.40728965,1488
1728172800,2198.15,2204.85,2192.08,2198.23,131.49167646,792
1728187200,2198.24,2204.54,2195.81,2200.94,63.24309897,782
1728201600,2200.94,2212.73,2200.33,2210.32,204.31316885,1279
1728216000,2209.91,2236.55,2208.25,2227.07,426.06269615,2023
1728230400,2227.38,2233.3,2217.4,2222.71,591.38923344,1862
1728244800,2222.71,2225.55,2201.94,2223.35,194.09843599,1694
1728259200,2223.35,2288.0,2220.4,2271.29,463.15688842,2707
1728273600,2271.29,2274.75,2260.13,2260.75,241.3208757,1324
1728288000,2260.96,2267.75,2221.57,2253.32,1866.28137415,3263
1728302400,2253.35,2295.86,2244.86,2254.24,544.32401249,4816
1728316800,2254.24,2258.15,2207.53,2229.02,431.786483,4519
1728331200,2229.02,2237.43,2190.84,2206.97,633.85579222,3275
1728345600,2206.91,2228.24,2206.91,2219.07,300.50717649,1542
1728360000,2219.07,2224.97,2195.7,2209.02,292.77469098,2497
1728374400,2208.79,2220.0,2200.7,2219.68,635.78482967,2481
1728388800,2219.68,2232.85,2191.31,2204.71,697.47139614,5074
1728403200,2204.71,2235.45,2197.72,2221.51,465.67311913,4161
1728417600,2221.65,2243.24,2217.29,2223.59,164.35730645,2083
1728432000,2223.59,2251.75,2212.6,2229.84,349.89839153,2090
1728446400,2230.0,2234.93,2220.0,2221.43,235.15069451,1667
1728460800,2221.44,2226.84,2213.43,2226.51,376.78194906,2315
1728475200,2226.52,2253.8,2212.11,2246.11,605.77431278,4104
1728489600,2246.11,2246.48,2200.39,2209.51,289.90764739,3277
1728504000,2209.51,2209.51,2150.0,2164.56,424.68120144,3896
1728518400,2164.56,2190.93,2163.71,2186.9,184.31838004,1512
1728532800,2186.9,2201.53,2185.23,2188.43,600.66703367,1688
1728547200,2188.43,2199.53,2166.35,2198.71,659.83542942,3124
1728561600,2199.24,2199.56,2168.45,2198.44,612.57153693,4573
1728576000,2198.61,2211.75,2133.64,2163.29,613.68114302,5692
1728590400,2163.08,2180.0,2156.09,2180.0,646.42370646,2089
1728604800,2180.0,2207.93,2177.54,2202.72,187.4984567,1812
1728619200,2202.72,2208.73,2197.23,2198.41,311.07938682,1510
1728633600,2198.42,2216.74,2194.2,2210.82,427.4525492,2367
1728648000,2210.82,2239.74,2209.0,2233.35,883.00334287,4015
1728662400,2233.6,2258.72,2224.07,2247.64,843.3225837,3088
1728676800,2249.05,2251.43,2225.39,2227.52,317.97607058,1784
1728691200,2228.37,2240.05,2226.9,2229.74,51.40629691,919
1728705600,2229.74,2239.75,2229.74,2236.33,135.29333491,922
1728720000,2236.3,2253.79,2232.62,2241.57,200.05490893,1823
1728734400,2241.58,2269.25,2238.56,2258.94,440.18837784,2494
1728748800,2258.95,2270.0,2253.43,2257.66,176.2541005,2080
1728763200,2257.66,2273.28,2255.83,2261.91,201.94720101,1454
1728777600,2261.91,2268.69,2241.86,2245.14,147.50329786,1144
1728792000,2245.35,2255.0,2244.53,2250.0,124.59420343,971
1728806400,2250.0,2256.35,2245.5,2245.6,205.77153479,1626
1728820800,2245.6,2255.84,2225.0,2228.94,558.25200372,2133
1728835200,2228.94,2248.21,2227.37,2243.16,391.98012965,2490
1728849600,2243.17,2268.0,2240.25,2256.84,269.48599234,1791
1728864000,2256.84,2307.13,2237.36,2303.11,203.58987913,2618
1728878400,2303.11,2326.95,2296.3,2316.06,982.59987553,4033
1728892800,2316.06,2327.66,2301.05,2320.32,983.22400491,3613
1728907200,2320.32,2414.4,2318.75,2410.64,1616.62675838,7836
1728921600,2410.65,2414.35,2392.42,2398.37,578.57001128,4481
1728936000,2398.37,2426.35,2393.1,2406.77,391.50095484,3002
1728950400,2406.77,2412.45,2391.61,2393.35,385.67747137,2048
1728964800,2393.08,2404.75,2373.85,2399.13,467.3017709,2558
1728979200,2399.13,2402.08,2365.65,2371.68,1207.41293131,3666
1728993600,2371.17,2459.65,2325.81,2359.63,1826.54301653,10306
1729008000,2359.84,2400.0,2359.23,2378.67,390.68273798,5349
1729022400,2379.28,2392.04,2354.5,2391.95,224.68579824,3268
1729036800,2391.95,2412.73,2378.49,2401.16,132.08983306,2093
1729051200,2401.19,2408.84,2387.5,2393.02,313.75285999,2177
1729065600,2393.02,2422.0,2392.78,2414.9,1166.62240812,4688
1729080000,2414.85,2427.95,2387.03,2397.59,609.33133826,5688
1729094400,2397.59,2419.15,2384.88,2408.73,386.58247474,3074
1729108800,2407.61,2418.0,2402.15,2404.1,263.40561551,1820
1729123200,2403.91,2434.4,2403.91,2432.3,121.88396519,2110
1729137600,2432.31,2437.81,2414.36,2420.47,335.24192334,2093
1729152000,2420.55,2421.87,2390.0,2390.11,706.90692948,3031
1729166400,2390.02,2425.0,2386.59,2425.0,726.24304221,4468
1729180800,2425.0,2425.0,2378.82,2395.56,610.19346127,3641
1729195200,2395.58,2410.0,2394.57,2403.47,241.87230481,1863
1729209600,2403.69,2441.65,2394.5,2406.5,313.63780391,2394
1729224000,2406.47,2437.0,2405.48,2436.64,298.20561103,2388
1729238400,2436.65,2441.29,2415.64,2415.65,700.71565195,2644
1729252800,2415.64,2449.95,2404.98,2443.82,1088.28999168,4744
1729267200,2443.22,2460.0,2422.9,2440.11,445.21097139,3654
1729281600,2439.67,2439.99,2424.75,2431.66,226.11438351,1489
1729296000,2431.69,2446.9,2424.91,2435.53,123.1186903,1290
1729310400,2435.53,2436.32,2426.87,2429.34,138.56179587,1076
1729324800,2429.62,2436.43,2419.67,2419.67,201.41778529,1704
1729339200,2420.68,2439.75,2420.68,2432.32,583.38535894,1874
1729353600,2432.32,2432.83,2425.52,2428.4,231.47572322,1663
1729368000,2428.22,2438.99,2428.07,2434.91,360.26419187,1171
1729382400,2434.91,2437.82,2422.69,2426.79,99.37716194,765
1729396800,2425.9,2435.0,2424.12,2430.82,109.13351994,936
1729411200,2430.82,2436.1,2428.0,2432.4,164.77854437,1219
1729425600,2432.4,2496.0,2425.79,2484.33,938.4214645,4789
1729440000,2484.3,2485.07,2465.48,2478.26,227.83551591,2249
1729454400,2478.26,2531.75,2475.58,2523.0,1291.16145165,5292
1729468800,2523.13,2542.0,2505.21,2511.4,247.11453743,2619
1729483200,2511.41,2521.21,2506.0,2506.0,593.46975424,2122
1729497600,2506.52,2510.0,2485.56,2490.2,584.81742739,3261
1729512000,2489.14,2495.44,2451.04,2472.85,1501.6294098501,5267
1729526400,2472.86,2479.69,2453.3,2476.51,454.22307926,3036
1729540800,2476.51,2478.12,2463.74,2463.75,232.20647127,1759
1729555200,2463.75,2467.66,2415.06,2442.2,230.19510523,2812
1729569600,2442.25,2453.94,2435.03,2440.44,294.18644967,1835
1729584000,2440.6,2441.86,2411.55,2431.94,717.48564807,3777
1729598400,2431.4,2442.3,2411.22,2426.75,776.11069512,5200
1729612800,2426.26,2435.41,2409.44,2432.73,327.68947769,3358
1729627200,2432.65,2444.91,2424.13,2425.49,442.44740914,1679
1729641600,2427.15,2429.9,2408.37,2419.87,166.01719076,1555
1729656000,2419.91,2426.58,2411.54,2411.69,284.56220406,2350
1729670400,2411.55,2415.78,2376.12,2394.08,948.4095821,3733
1729684800,2394.08,2397.25,2345.75,2353.88,805.14300645,4365
1729699200,2353.88,2355.55,2270.41,2325.11,1298.3413792799,7011
1729713600,2326.0,2341.46,2319.35,2339.44,180.58790767,1978
1729728000,2339.45,2370.75,2325.96,2358.42,119.52160926,2413
1729742400,2358.33,2371.57,2353.37,2354.46,390.32662099,2811
1729756800,2354.46,2358.12,2322.15,2340.02,424.23736737,3296
1729771200,2340.02,2352.91,2325.98,2336.22,1485.72400121,4549
1729785600,2335.8,2345.54,2320.07,2343.6,313.55501128,3199
1729800000,2344.16,2361.65,2333.45,2341.77,364.80328101,2313
1729814400,2341.32,2341.98,2318.5,2329.54,125.65291154,1521
1729828800,2329.51,2329.51,2275.0,2291.0,542.23729389,3287
1729843200,2291.0,2349.0,2288.71,2349.0,2783.01916389,4394
1729857600,2349.0,2366.24,2320.35,2333.65,1036.83831489,4742
1729872000,2333.65,2345.87,2270.19,2290.55,597.94247306,6684
1729886400,2290.0,2308.39,2207.0,2259.02,2413.55282411,6380
1729900800,2259.02,2275.14,2251.16,2271.13,290.54186786,2675
1729915200,2271.13,2294.85,2270.83,2283.07,544.81077799,1568
1729929600,2283.08,2294.05,2281.81,2289.63,1691.02422379,1917
1729944000,2289.63,2293.45,2263.28,2274.89,725.38629953,2408
1729958400,2275.46,2302.11,2274.73,2301.31,517.57854504,2068
1729972800,2301.32,2319.71,2298.3,2298.74,283.55114012,1521
1729987200,2298.68,2299.27,2288.5,2298.58,54.71184358,932
1730001600,2298.65,2300.73,2294.69,2297.32,69.6932943,795
1730016000,2297.28,2298.09,2281.5,2286.59,167.65193412,1413
1730030400,2286.59,2316.55,2286.4,2311.98,303.97968782,2664
1730044800,2311.98,2320.0,2299.68,2306.19,248.50367978,2261
1730059200,2306.19,2337.03,2304.31,2320.46,434.91139636,2475
1730073600,2320.46,2321.26,2289.91,2294.05,128.86567808,1375
1730088000,2294.05,2335.0,2291.5,2322.66,231.91627826,2500
1730102400,2322.05,2347.75,2315.07,2332.55,732.94088159,3512
1730116800,2332.55,2340.05,2309.51,2309.52,1004.50883401,4956
1730131200,2309.5,2330.7,2300.0,2315.17,847.44901798,5442
1730145600,2315.23,2388.88,2315.22,2369.82,1019.1774012,4461
1730160000,2369.78,2425.65,2363.71,2406.27,614.72817671,4072
1730174400,2406.27,2422.1,2406.27,2412.3,596.75997288,2504
1730188800,2413.05,2437.98,2412.64,2432.87,1052.13658588,3607
1730203200,2433.39,2454.19,2419.36,2452.74,1071.21538142,5596
1730217600,2452.74,2479.72,2423.13,2423.13,1045.06092321,7438
1730232000,2423.55,2442.09,2406.73,2434.82,498.63418939,3351
1730246400,2434.82,2445.95,2401.1,2439.52,115.40490101,2461
1730260800,2439.07,2478.0,2436.83,2464.9,263.99611428,2563
1730275200,2464.9,2485.0,2452.9,2454.05,1180.52682427,5115
1730289600,2454.11,2507.28,2451.0,2470.6,1261.89557538,6523
1730304000,2470.6,2481.35,2444.91,2444.91,1056.57869706,3998
1730318400,2444.91,2472.05,2427.74,2447.65,383.2519827,4170
1730332800,2447.82,2457.35,2432.33,2447.48,88.10219294,2557
1730347200,2447.48,2448.44,2425.39,2436.19,220.54981202,1663
1730361600,2436.81,2437.15,2415.98,2427.81,1011.52118341,3272
1730376000,2428.1,2429.21,2340.3,2359.57,1172.87722017,6092
1730390400,2359.53,2360.82,2307.31,2309.31,1168.76261671,5382
1730404800,2309.31,2322.46,2300.0,2313.51,348.26279823,3504
1730419200,2313.51,2324.0,2267.91,2300.15,414.83222388,4295
1730433600,2300.15,2311.27,2285.31,2301.54,435.18547101,2657
1730448000,2302.23,2322.75,2294.54,2314.3,703.75270822,3172
1730462400,2314.11,2379.75,2288.72,2304.53,1564.38814224,6552
1730476800,2304.55,2336.7,2302.58,2320.35,585.01955693,5005
1730491200,2320.13,2331.85,2296.11,2318.87,352.7977436,2515
1730505600,2318.87,2329.65,2311.58,2314.2,124.7419623,1103
1730520000,2314.21,2320.61,2309.48,2314.59,104.84881154,878
1730534400,2314.59,2316.55,2302.71,2309.83,186.14036189,1556
1730548800,2309.83,2312.25,2282.0,2297.55,428.05282687,4465
1730563200,2297.55,2305.3,2291.13,2302.26,205.27737566,2253
1730577600,2302.27,2306.7,2297.74,2303.15,217.22183255,1375
1730592000,2303.2,2305.4,2239.36,2263.0,1187.1171318,4604
1730606400,2263.0,2273.19,2257.0,2263.99,147.8831094,1899
1730620800,2263.99,2274.71,2258.48,2267.24,669.58087958,2724
1730635200,2267.24,2272.05,2230.7,2256.55,870.4926058,6036
1730649600,2255.0,2269.4,2227.5,2264.6,472.64401533,4783
1730664000,2264.6,2282.82,2255.44,2262.23,1091.22480465,3642
1730678400,2262.19,2284.64,2243.45,2270.73,196.70266212,2397
1730692800,2270.73,2275.34,2256.05,2257.0,232.32933153,1440
1730707200,2257.0,2270.72,2245.51,2263.18,542.47560668,3250
1730721600,2263.19,2276.91,2230.93,2240.21,743.09493499,4798
1730736000,2240.21,2244.55,2211.22,2233.13,1822.45983945,4210
1730750400,2233.13,2233.13,2167.84,2203.52,1040.00518561,5526
1730764800,2203.53,2222.83,2190.13,2222.82,557.24403262,2558
1730779200,2222.83,2245.61,2222.38,2243.49,363.21512339,1684
1730793600,2243.43,2245.55,2231.89,2238.83,878.73079988,2873
1730808000,2239.35,2274.63,2227.98,2238.1,1038.08006022,6080
1730822400,2238.38,2264.67,2197.56,2204.45,783.81896226,5560
1730836800,2204.71,2235.45,2200.41,2216.62,511.57514089,4478
1730851200,2216.61,2444.33,2215.62,2399.25,1950.1708078099,10313
1730865600,2399.66,2456.63,2375.67,2416.21,2657.63957548,9312
1730880000,2417.31,2460.1,2390.19,2453.13,1792.17198445,7111
1730894400,2454.24,2487.27,2435.47,2455.6,2564.6288225301,7641
1730908800,2455.6,2504.78,2454.92,2504.78,1745.08559731,5774
1730923200,2504.69,2554.93,2488.89,2534.33,1467.79394323,7788
1730937600,2534.33,2679.24,2513.95,2654.64,1689.72363686,6898
1730952000,2654.65,2656.65,2587.31,2623.75,2563.9069834,4532
1730966400,2623.71,2630.0,2594.74,2595.07,1586.94546792,4420
1730980800,2595.03,2636.01,2566.09,2634.72,1293.31331803,6324
1730995200,2636.01,2685.21,2620.64,2675.25,2321.48163777,6304
1731009600,2675.44,2701.32,2652.97,2682.13,3847.0721032102,5547
1731024000,2682.3,2737.0,2681.64,2692.72,448.30256868,3290
1731038400,2693.55,2714.01,2686.0,2704.78,1356.62891969,2482
1731052800,2704.98,2720.67,2691.0,2705.96,536.34597596,3294
1731067200,2706.1,2750.0,2705.0,2735.91,1076.47734611,5752
1731081600,2735.92,2785.84,2707.09,2758.94,1854.6637915199,6755
1731096000,2758.95,2776.8,2725.25,2766.16,940.06346878,4019
1731110400,2766.23,2796.0,2761.84,2769.67,418.30111145,2632
1731124800,2770.42,2855.0,2762.18,2830.75,1500.01731222,3539
1731139200,2830.77,2853.56,2823.2,2852.1,1335.29916309,3575
1731153600,2851.02,2852.49,2829.7,2841.01,534.7512563,2960
1731168000,2841.01,2887.0,2794.47,2865.98,1625.51614172,4188
1731182400,2865.98,2946.32,2862.52,2918.57,2487.21019492,2412
1731196800,2918.0,2939.86,2900.5,2926.33,965.40476837,3105
1731211200,2926.33,2993.51,2922.1,2966.23,2409.59669103,5637
1731225600,2966.02,3016.17,2956.51,3003.0,2469.24218411,5763
1731240000,3003.0,3017.26,2953.14,2988.95,2725.3011954701,6616
1731254400,2988.22,3025.0,2936.01,2945.15,3499.6656464003,8407
1731268800,2945.33,3002.79,2835.42,2965.5,5849.4841304105,13840
1731283200,2965.49,3001.2,2957.5,2981.67,470.48065025,4687
1731297600,2981.67,2981.67,2897.06,2933.35,714.95719627,6089
1731312000,2933.35,3005.0,2930.52,2999.0,2541.01906628,7387
1731326400,2997.54,3057.81,2949.22,3033.38,5223.9922147003,13697
1731340800,3034.75,3100.0,3033.03,3084.44,3276.7638157,14962
1731355200,3084.45,3154.84,3023.69,3131.61,4348.0142273502,16854
1731369600,3131.06,3132.84,3030.0,3100.84,874.6550172701,9251
1731384000,3100.83,3164.44,3084.47,3153.05,1298.23698327,8495
1731398400,3153.05,3200.0,2930.77,3080.36,5733.5064296505,22011
1731412800,3080.5,3094.76,3012.08,3071.49,2253.7261953001,9886
1731427200,3071.61,3106.98,3022.58,3077.02,1381.67050969,9708
1731441600,3077.0,3098.85,3036.91,3043.08,841.1035077101,6871
1731456000,3041.98,3078.63,3010.0,3012.21,691.29880861,6070
1731470400,3014.1,3030.05,2918.08,2979.95,2149.40035227,9605
1731484800,2980.0,3007.25,2960.0,2982.03,2375.12275612,5988
1731499200,2981.93,3138.78,2966.38,3120.68,2983.6867466801,12185
1731513600,3120.68,3143.89,2975.43,2981.21,3395.9800221504,12256
1731528000,2980.57,3022.26,2946.67,3012.62,1638.2994188499,7381
1731542400,3013.44,3050.0,2994.04,3042.95,360.62458823,2873
1731556800,3043.05,3068.04,3011.03,3049.87,670.28723415,4547
1731571200,3049.87,3059.0,3003.58,3026.3,902.40358712,5533
1731585600,3025.55,3036.01,2900.0,2912.2,2695.34790409,9949
1731600000,2912.25,3010.75,2908.06,2983.04,1281.34811773,6579
1731614400,2983.22,2983.22,2873.02,2904.87,1354.96408816,8138
1731628800,2904.83,2937.04,2880.08,2926.71,299.7132701,3957
1731643200,2926.09,2926.1,2861.3,2882.9,546.35715858,4814
1731657600,2880.31,2945.76,2865.33,2935.01,932.42853669,4789
1731672000,2935.0,2961.52,2864.24,2869.86,929.0861633,7404
1731686400,2870.51,2902.35,2859.76,2884.13,823.7066383401,6511
1731700800,2885.28,2957.19,2883.32,2929.48,1207.27314196,6117
1731715200,2928.9,2988.15,2913.67,2988.15,752.47862053,3444
1731729600,2988.25,2995.35,2940.79,2945.6,501.01841835,2428
1731744000,2945.6,3024.62,2941.73,3024.62,1665.44213357,5081
1731758400,3024.61,3047.45,2953.6,2970.05,1070.39249427,6695
1731772800,2970.07,3014.82,2962.06,2999.96,878.4946069,4250
1731787200,2999.99,3004.85,2956.79,2963.13,1103.9160923,3561
1731801600,2964.32,2984.0,2870.04,2913.25,442.18691526,5092
1731816000,2913.26,2975.38,2909.26,2965.26,612.3163051,3957
1731830400,2965.82,2986.89,2935.01,2936.52,671.23808756,4278
1731844800,2936.51,2956.3,2903.63,2919.69,865.74414475,4985
1731859200,2918.56,2947.95,2906.92,2931.17,790.08329114,4683
1731873600,2931.35,2938.14,2885.0,2914.59,788.99300244,5317
1731888000,2914.59,2956.65,2910.21,2947.0,189.31859137,3162
1731902400,2947.0,2984.05,2934.37,2965.09,440.48231407,3444
1731916800,2965.24,2973.9,2893.67,2897.2,1318.25595009,5379
1731931200,2897.26,2984.54,2895.05,2972.23,1296.08729781,7120
1731945600,2971.41,3019.99,2920.61,2956.34,1862.0416060498,9030
1731960000,2955.01,3040.95,2952.01,3026.55,975.2624308501,6213
1731974400,3026.63,3038.75,2968.08,2973.67,412.6039492,2574
1731988800,2973.59,2982.78,2941.0,2948.71,650.1067615,2947
1732003200,2948.96,2962.3,2937.74,2960.61,794.06642648,3580
1732017600,2960.61,2980.0,2909.99,2934.8,1584.2199457999,6546
1732032000,2934.8,2970.47,2930.83,2947.53,1197.37371802,4491
1732046400,2947.51,2955.94,2900.0,2932.94,671.56550806,4911
1732060800,2933.6,2951.68,2903.37,2925.97,137.7614493,2917
1732075200,2926.22,2943.1,2920.72,2941.26,305.29318473,2057
1732089600,2941.25,2968.33,2925.15,2937.95,888.10652384,3658
1732104000,2937.94,2994.35,2920.12,2974.99,1933.1875216298,8067
1732118400,2975.0,2979.29,2875.4,2902.0,1309.4749617201,8696
1732132800,2901.61,2927.65,2890.84,2901.45,2085.1154444599,4665
1732147200,2901.45,2935.0,2876.35,2917.72,904.72902344,3880
1732161600,2917.72,2974.25,2914.82,2972.55,985.21803681,6502
1732176000,2972.54,2994.06,2960.0,2989.19,1376.67530783,5375
1732190400,2989.18,3197.35,2986.68,3116.37,7758.6502510806,16794
1732204800,3116.02,3228.17,3116.02,3184.23,2785.20180793,11964
1732219200,3185.01,3214.21,3177.4,3196.2,1194.4726064,5503
1732233600,3196.0,3213.56,3148.61,3209.37,932.55228927,5844
1732248000,3207.34,3260.98,3200.0,3200.0,2233.7675191499,7608
1732262400,3201.51,3245.64,3170.0,3205.0,3177.5113454001,9721
1732276800,3205.0,3219.55,3124.57,3185.03,2221.77781323,10805
1732291200,3185.01,3190.0,3134.82,3147.71,1012.36690396,6529
1732305600,3147.71,3190.0,3142.23,3190.0,618.87015374,4746
1732320000,3190.0,3219.56,3171.29,3199.86,533.63378764,5922
1732334400,3199.86,3215.0,3182.88,3196.19,744.39912543,4227
1732348800,3196.52,3256.29,3192.23,3211.51,1426.7634105,7077
1732363200,3211.5,3346.53,3207.0,3313.81,3474.24711451,10102
1732377600,3313.81,3319.61,3238.0,3257.26,1610.13824012,8416
1732392000,3257.13,3275.14,3230.0,3242.23,660.54505083,5025
1732406400,3242.72,3294.15,3239.18,3272.27,311.98732345,2752
1732420800,3272.96,3279.11,3251.66,3275.08,302.78966645,2588
1732435200,3275.08,3278.52,3195.09,3198.76,1127.6131904001,6569
1732449600,3198.73,3207.95,3140.0,3142.95,1631.9811333699,10399
1732464000,3142.95,3183.12,3137.16,3179.73,907.23429523,5609
1732478400,3179.76,3211.95,3175.74,3206.48,777.30771174,4712
1732492800,3206.48,3212.05,3150.0,3207.89,157.67542244,4777
1732507200,3207.92,3267.89,3207.89,3252.31,556.53710657,3963
1732521600,3252.43,3360.24,3247.9,3313.0,2779.70272607,8952
1732536000,3313.17,3365.0,3187.22,3351.03,3520.5202911401,12746
1732550400,3351.03,3375.0,3264.67,3297.76,1485.10986826,3728
1732564800,3297.06,3340.1,3202.01,3263.1,2711.62517137,3728
1732579200,3265.14,3306.03,3247.28,3277.9,821.99513371,2646
1732593600,3277.9,3283.5,3230.3,3241.61,418.3094034,2061
1732608000,3241.61,3241.8,3116.36,3157.53,2509.55947303,12214
1732622400,3156.79,3201.98,3133.2,3144.59,1342.27874342,10539
1732636800,3145.38,3186.05,3107.45,3150.0,916.3896442101,10606
1732651200,3150.0,3186.24,3139.35,3168.01,627.64701874,6753
1732665600,3168.01,3211.66,3149.53,3206.58,324.40965286,3763
1732680000,3206.08,3285.28,3203.24,3262.85,656.66562382,2234
1732694400,3262.78,3310.0,3238.96,3287.61,1023.20897375,4018
1732708800,3287.81,3383.83,3270.11,3364.73,2134.13088524,6661
1732723200,3364.73,3422.11,3345.21,3404.99,2310.79759352,7836
1732737600,3405.0,3487.18,3404.99,3460.57,2541.9091772199,9720
1732752000,3460.58,3469.0,3379.6,3412.81,570.62554036,4398
1732766400,3412.82,3427.72,3386.5,3408.92,383.04752545,2974
1732780800,3408.92,3448.19,3397.53,3433.99,1166.47632367,5604
1732795200,3433.99,3454.94,3355.11,3356.11,3006.53211182,7726
1732809600,3356.13,3397.31,3345.58,3387.22,1034.15002955,3523
1732824000,3387.23,3407.87,3364.89,3390.47,814.6590271,3200
1732838400,3390.09,3404.61,3358.88,3389.38,560.31987953,2404
1732852800,3389.31,3400.0,3341.55,3351.43,404.15329481,2569
1732867200,3351.34,3407.36,3351.34,3405.98,810.87095855,3534
1732881600,3405.97,3454.85,3390.68,3428.52,2028.92400368,6293
1732896000,3428.11,3434.12,3371.07,3389.75,847.96910909,5159
1732910400,3390.03,3409.32,3385.7,3397.25,573.85668317,2939
1732924800,3397.25,3459.0,3376.05,3459.0,345.60510382,4728
1732939200,3458.4,3520.0,3440.31,3499.57,2422.3182441,5489
1732953600,3499.56,3512.0,3430.77,3451.51,1173.03611793,3682
1732968000,3451.5,3479.78,3451.0,3473.8,860.97204459,3218
1732982400,3473.71,3493.15,3457.09,3487.52,614.9193568,3309
1732996800,3487.51,3531.2,3485.41,3501.08,1224.73809093,5024
1733011200,3501.66,3523.97,3461.1,3503.99,394.8728744,3983
1733025600,3503.99,3511.71,3484.0,3500.6,163.4260084,1847
1733040000,3500.56,3514.21,3477.59,3490.1,564.10644759,3226
1733054400,3490.09,3540.0,3480.0,3522.24,1017.62731369,4251
1733068800,3523.0,3537.13,3489.01,3499.99,1299.014337,4152
1733083200,3500.0,3527.84,3472.84,3515.45,1092.65030645,4834
1733097600,3514.83,3566.44,3491.01,3502.71,507.6453226,5871
1733112000,3502.71,3523.41,3470.71,3489.8,815.46241337,4770
1733126400,3489.28,3492.29,3391.11,3408.71,4067.38908688,9440
1733140800,3408.95,3514.62,3404.8,3509.5,1119.644133,7396
1733155200,3509.01,3516.36,3393.71,3442.58,1959.06987455,9172
1733169600,3442.2,3470.76,3429.57,3470.01,698.13085046,4415
1733184000,3469.87,3482.18,3441.91,3468.5,314.63546059,3541
1733198400,3468.01,3495.79,3428.58,3445.95,849.00331251,3629
1733212800,3445.08,3459.44,3409.71,3434.9,1238.97129314,4838
1733227200,3434.84,3438.0,3328.38,3398.36,2398.32910522,9227
1733241600,3398.36,3422.73,3369.28,3406.7,1176.23008062,5288
1733256000,3407.3,3459.26,3405.98,3442.11,769.24789841,4225
1733270400,3442.11,3530.0,3442.1,3490.65,789.21877899,5644
1733284800,3490.31,3540.0,3488.61,3538.1,763.77207766,2818
1733299200,3538.1,3568.83,3524.34,3552.19,1930.80598701,5296
1733313600,3550.9,3665.0,3517.72,3632.81,4362.63402649,11475
1733328000,3632.81,3659.69,3550.0,3658.08,2582.87272693,6097
1733342400,3657.09,3699.03,3635.09,3649.11,2111.80700196,4572
1733356800,3649.67,3700.0,3585.94,3636.29,1221.20463066,2891
1733371200,3636.29,3680.67,3617.97,3650.0,1270.46807202,3244
1733385600,3650.01,3749.39,3650.0,3729.66,4540.02343809,7374
1733400000,3729.06,3738.05,3660.11,3681.23,1949.92164364,3925
1733414400,3680.95,3715.96,3611.05,3621.91,1445.65107322,4355
1733428800,3620.08,3650.56,3475.0,3582.25,4138.44697144,7852
1733443200,3582.26,3700.0,3575.93,3698.59,939.26927648,4154
1733457600,3696.03,3716.63,3669.27,3683.45,704.07167356,1436
1733472000,3683.45,3696.74,3640.57,3653.41,1120.27162871,4999
1733486400,3653.41,3828.99,3625.7,3785.74,6180.9681870099,9964
1733500800,3785.69,3861.99,3776.81,3859.99,2843.72856805,7567
1733515200,3860.0,3874.0,3778.18,3786.7,1872.23142478,4867
1733529600,3786.71,3808.71,3760.6,3776.02,319.74505926,1611
1733544000,3776.02,3789.34,3760.41,3775.0,262.56090952,1057
1733558400,3775.0,3792.73,3761.78,3787.38,2434.49612161,2314
1733572800,3787.37,3796.82,3766.03,3786.24,1036.71111394,2191
1733587200,3786.24,3805.0,3770.0,3795.98,701.10495966,2005
1733601600,3795.98,3806.31,3775.64,3779.85,519.01551372,1778
1733616000,3778.9,3789.51,3766.6,3770.46,504.51379847,996
1733630400,3770.18,3775.23,3739.53,3764.91,242.70697187,1337
1733644800,3764.91,3764.91,3715.2,3759.61,623.67035168,2759
1733659200,3758.65,3788.65,3747.41,3778.44,557.39431431,3621
1733673600,3778.41,3780.73,3735.99,3758.64,1318.98763338,4017
1733688000,3758.6,3797.07,3752.88,3786.41,653.65759281,3499
1733702400,3786.41,3787.88,3707.04,3727.91,231.68773685,2602
1733716800,3727.91,3746.61,3680.0,3707.12,368.51049205,1539
1733731200,3707.81,3711.61,3631.22,3642.03,984.28777876,5021
1733745600,3642.02,3729.99,3590.5,3610.92,2004.02543682,6971
1733760000,3610.9,3652.91,3583.58,3591.15,1216.71542482,7080
1733774400,3591.09,3600.0,3307.62,3524.17,5902.0728872811,20120
1733788800,3523.11,3583.1,3430.0,3486.01,660.48372793,8317
1733803200,3489.7,3544.22,3446.05,3540.16,558.43874495,4981
1733817600,3540.16,3584.86,3525.82,3567.01,1374.35723123,4599
1733832000,3567.0,3568.73,3390.99,3399.72,2115.2780476499,13214
1733846400,3399.82,3452.09,3346.5,3451.33,2636.9182035101,15127
1733860800,3451.34,3490.0,3439.01,3450.58,823.3156156701,6824
1733875200,3450.3,3484.46,3387.41,3480.95,295.6973489,6080
1733889600,3483.48,3499.76,3472.01,3484.32,430.71838011,3041
1733904000,3484.32,3551.23,3484.32,3541.77,1375.43353726,4721
1733918400,3541.82,3645.12,3535.8,3613.47,1599.95677543,8097
1733932800,3613.98,3636.71,3578.88,3627.92,1745.6571288699,5899
1733947200,3628.1,3662.0,3627.3,3645.11,1022.10999497,4006
1733961600,3645.11,3757.01,3617.3,3748.78,481.79687344,3560
1733976000,3747.75,3755.88,3708.78,3711.62,549.3517697,2074
1733990400,3713.1,3749.0,3703.15,3726.59,1319.60464497,5424
1734004800,3726.59,3798.0,3726.58,3780.06,1639.83169003,10290
1734019200,3780.47,3799.9,3680.0,3694.3,1486.00232213,7091
1734033600,3694.25,3725.54,3662.41,3706.79,630.34652725,4749
1734048000,3706.8,3762.69,3680.41,3760.03,130.99838028,2874
1734062400,3760.04,3762.34,3702.41,3713.91,447.80625053,2739
1734076800,3713.91,3739.93,3691.62,3722.31,727.13395902,3901
1734091200,3722.3,3781.61,3701.0,3705.52,1260.60033548,5552
1734105600,3705.52,3759.61,3701.11,3733.53,506.64861783,5697
1734120000,3733.29,3747.7,3708.88,3722.11,299.40279937,2950
1734134400,3722.11,3754.83,3711.51,3724.38,109.02693034,2916
1734148800,3723.11,3743.59,3721.31,3732.14,145.46611387,1334
1734163200,3732.66,3741.89,3700.5,3707.95,334.56226088,2472
1734177600,3707.25,3710.16,3665.0,3701.91,768.12844233,3817
1734192000,3701.91,3707.96,3646.0,3673.31,526.10622408,4421
1734206400,3673.31,3689.01,3645.0,3683.03,305.15472657,3096
1734220800,3683.04,3704.76,3673.51,3691.05,189.97172175,1609
1734235200,3689.21,3720.0,3647.68,3658.36,213.06844601,2186
1734249600,3658.36,3692.18,3654.7,3691.24,511.49315797,2329
1734264000,3691.24,3717.43,3682.77,3704.63,1749.17272951,3414
1734278400,3704.63,3724.6,3699.04,3710.05,650.01332862,3014
1734292800,3710.05,3764.99,3654.0,3752.21,1506.6092742299,6409
1734307200,3752.21,3799.9,3727.11,3739.04,1227.23598164,3830
1734321600,3738.99,3780.0,3734.1,3778.24,378.33145482,2383
1734336000,3778.25,3779.99,3721.21,3722.53,1060.916027,5463
1734350400,3722.95,3771.97,3700.0,3750.28,1210.8298951799,7461
1734364800,3750.01,3896.38,3747.4,3847.25,5323.7456318707,14028
1734379200,3846.63,3858.0,3774.18,3781.51,1349.75563698,6428
1734393600,3781.51,3838.66,3744.5,3835.32,198.65116712,4045
1734408000,3835.32,3835.32,3795.0,3804.54,414.15757518,3110
1734422400,3804.44,3839.18,3800.43,3806.72,1200.27716133,4945
1734436800,3806.3,3826.0,3730.48,3747.31,1588.2999421299,8656
1734451200,3748.69,3791.83,3730.48,3755.0,2193.98065784,5853
1734465600,3755.01,3764.67,3668.41,3707.66,1158.97126569,6494
1734480000,3707.66,3714.57,3654.91,3666.21,212.42067486,4251
1734494400,3666.21,3674.0,3620.0,3666.11,1122.17738082,5959
1734508800,3666.11,3698.16,3661.21,3695.0,1976.66294536,4719
1734523200,3694.99,3702.81,3646.0,3692.64,889.76482292,6622
1734537600,3692.65,3727.82,3630.1,3630.1,899.62708277,8241
1734552000,3630.0,3640.0,3496.01,3503.4,3446.2725305102,17598
1734566400,3503.4,3536.7,3410.43,3536.47,790.5852675901,9206
1734580800,3536.01,3555.32,3519.8,3552.59,861.9307076,3528
1734595200,3553.21,3569.68,3514.84,3557.73,918.40657146,4944
1734609600,3558.76,3562.72,3429.52,3477.85,2180.9185857799,9497
1734624000,3476.61,3499.21,3254.81,3315.73,4623.6796856601,13023
1734638400,3315.49,3339.97,3208.0,3297.47,3428.86598586,12983
1734652800,3296.0,3341.13,3252.71,3292.33,319.10456781,9638
1734667200,3292.33,3309.07,3202.99,3260.5,2110.08178626,8122
1734681600,3260.51,3260.51,2973.42,2981.44,9814.7797476207,20378
1734696000,2982.7,3267.51,2979.45,3248.38,3596.03073147,20056
1734710400,3248.05,3350.0,3234.2,3332.61,1718.86443098,10612
1734724800,3335.37,3348.8,3256.04,3332.71,1710.27883449,6377
1734739200,3332.98,3346.96,3310.84,3326.96,220.40881523,3240
1734753600,3326.96,3415.99,3321.24,3387.91,2614.15582028,4187
1734768000,3387.91,3389.0,3293.54,3309.28,1597.97614182,5327
1734782400,3309.27,3309.27,3210.36,3256.9,1057.23981117,7732
1734796800,3256.65,3265.01,3194.8,3226.08,890.69373031,6470
1734811200,3226.33,3254.09,3164.53,3205.79,1449.27129097,7175
1734825600,3205.86,3239.36,3189.0,3222.44,115.85476537,3135
1734840000,3222.48,3226.01,3165.33,3197.69,175.87662834,4105
1734854400,3197.75,3266.51,3197.18,3248.31,273.78058137,3747
1734868800,3248.31,3260.33,3143.21,3164.53,1921.74036676,9176
1734883200,3164.53,3200.0,3105.64,3113.99,626.87446395,9205
1734897600,3113.99,3172.75,3090.93,3143.91,607.81016521,10655
1734912000,3143.95,3211.17,3085.32,3208.41,364.46483348,11934
1734926400,3208.41,3217.46,3124.8,3171.84,252.55622304,7647
1734940800,3171.85,3224.84,3162.22,3207.11,1168.42377409,6163
1734955200,3207.1,3230.2,3142.53,3149.05,1064.63919945,11628
1734969600,3149.25,3247.64,3145.34,3204.44,1956.28528634,10306
1734984000,3203.9,3326.85,3198.21,3287.57,1023.18581449,8677
1734998400,3287.58,3289.63,3224.01,3265.75,148.56365911,4283
1735012800,3265.75,3301.93,3254.2,3269.01,1587.50671547,3453
1735027200,3269.01,3281.1,3255.21,3280.04,977.20844601,4210
1735041600,3280.09,3373.56,3260.89,3359.87,2142.12775935,6337
1735056000,3359.92,3404.4,3333.3,3333.31,791.31975147,4758
1735070400,3333.31,3369.85,3301.87,3358.66,502.13257003,3359
1735084800,3358.53,3359.03,3326.5,3343.07,157.31920449,2375
1735099200,3343.4,3371.85,3337.21,3353.88,83.00730432,1441
1735113600,3353.88,3409.88,3335.18,3339.41,739.77512581,3965
1735128000,3338.92,3366.78,3328.41,3340.09,348.43834028,3226
1735142400,3340.29,3352.85,3312.11,3345.84,367.24315976,2892
1735156800,3346.05,3365.03,3318.51,3362.12,271.50384626,3038
1735171200,3361.84,3377.21,3318.42,3323.4,175.73909587,2712
1735185600,3323.31,3323.31,3287.0,3289.08,321.16740881,2773
1735200000,3289.14,3292.74,3220.0,3240.37,1251.70592139,5212
1735214400,3240.56,3240.57,3199.0,3209.44,410.95658042,5136
1735228800,3209.58,3226.87,3181.98,3204.89,355.80762805,5945
1735243200,3204.23,3212.07,3171.02,3197.81,388.14695634,5217
1735257600,3197.14,3247.65,3181.81,3242.4,226.31942653,3651
1735272000,3241.95,3260.81,3188.1,3189.2,385.59430417,3460
1735286400,3189.2,3303.13,3189.2,3273.51,915.93123228,6097
1735300800,3273.5,3277.74,3171.26,3187.13,1854.80672213,7125
1735315200,3188.75,3227.43,3170.6,3215.04,513.14337022,6320
1735329600,3215.43,3215.54,3175.0,3194.5,305.21233511,4267
1735344000,3194.74,3210.17,3183.58,3207.45,103.85282284,2355
1735358400,3207.45,3216.65,3194.59,3195.29,64.40768797,1412
1735372800,3195.29,3219.46,3194.29,3219.0,298.22006939,2179
1735387200,3218.99,3250.0,3212.53,3221.91,796.58946959,3536
1735401600,3221.91,3264.98,3221.5,3252.01,287.45855303,3057
1735416000,3252.01,3279.08,3246.2,3259.12,573.13416443,2792
1735430400,3259.12,3260.77,3233.11,3238.21,150.84009855,1684
1735444800,3238.66,3263.25,3237.91,3262.74,213.12969724,1249
1735459200,3262.74,3265.38,3248.2,3253.05,1247.80846258,2144
1735473600,3253.0,3262.83,3211.3,3229.01,621.68479475,2990
1735488000,3229.01,3229.1,3201.13,3218.07,696.81613366,3064
1735502400,3218.07,3222.26,3183.17,3211.2,318.73842323,4774
1735516800,3211.94,3285.29,3206.42,3258.92,843.37075855,3701
1735531200,3257.31,3282.56,3242.72,3280.2,380.86619209,2364
1735545600,3280.2,3285.26,3247.8,3270.57,873.74790421,3363
1735560000,3270.53,3277.04,3170.22,3198.0,1265.52813466,8610
1735574400,3198.01,3276.76,3193.2,3269.03,1070.62161955,5656
1735588800,3269.72,3283.89,3180.0,3226.81,1118.33920725,5965
1735603200,3226.81,3228.38,3183.8,3205.06,175.62946385,2984
1735617600,3204.87,3227.98,3197.39,3218.01,167.77942342,2145
1735632000,3218.01,3270.0,3218.01,3256.09,1225.17724839,3582
1735646400,3256.08,3320.0,3256.08,3292.84,1801.80127076,5194
1735660800,3292.11,3295.43,3217.41,3234.05,2139.47390058,4935
1735675200,3234.12,3240.0,3207.27,3219.0,1629.31919231,3234
1735689600,3219.01,3244.09,3214.83,3233.53,288.50089398,1833
1735704000,3233.56,3234.68,3218.26,3225.98,163.92291896,1139
1735718400,3226.48,3230.11,3200.0,3223.38,264.00728992,2487
1735732800,3223.35,3240.94,3212.51,3234.37,304.62500033,2700
1735747200,3234.38,3244.6,3206.1,3238.18,685.49264078,2877
1735761600,3238.78,3253.67,3234.1,3238.32,730.28414701,2370
1735776000,3238.32,3282.56,3235.41,3261.9,642.67169284,2774
1735790400,3261.16,3297.03,3261.1,3296.37,322.44729949,2041
1735804800,3296.37,3361.87,3296.37,3357.51,840.08766967,3744
1735819200,3357.5,3394.99,3337.2,3366.83,1733.36613895,5108
1735833600,3366.89,3400.0,3338.7,3378.21,2095.18200355,4249
1735848000,3378.2,3384.84,3333.3,3363.14,583.96918943,2585
1735862400,3363.79,3379.86,3350.1,3376.01,2489.87804298,1564
1735876800,3376.01,3376.01,3336.27,3336.42,180.64893441,1382
1735891200,3336.42,3364.46,3329.42,3363.5,1133.57086603,2813
1735905600,3363.5,3475.99,3362.0,3468.11,1371.11941598,5825
1735920000,3468.11,3522.12,3467.91,3517.53,1876.75977826,5786
1735934400,3517.53,3517.54,3491.41,3500.0,589.87884222,3004
1735948800,3500.0,3510.0,3477.0,3491.46,221.78212678,1692
1735963200,3491.46,3502.35,3480.31,3487.91,179.82811505,1213
1735977600,3487.91,3496.9,3468.0,3495.33,365.2487818,2382
1735992000,3495.29,3551.93,3489.21,3502.01,1192.24645869,5068
1736006400,3502.01,3534.32,3497.41,3524.03,482.51217755,3127
1736020800,3524.71,3560.0,3524.71,3548.11,575.57999343,2850
1736035200,3548.15,3563.37,3521.48,3528.32,104.32344013,1862
1736049600,3528.92,3540.0,3523.01,3523.61,92.84525593,1069
1736064000,3524.04,3524.44,3496.37,3505.28,285.35373031,2296
1736078400,3505.69,3528.32,3489.2,3524.41,428.70418934,2820
1736092800,3524.41,3538.99,3506.01,3526.91,2596.56571776,2979
1736107200,3526.91,3544.82,3523.1,3527.47,715.12743849,2847
1736121600,3527.7,3570.28,3504.21,3551.09,242.67916666,3679
1736136000,3551.09,3580.82,3531.5,3534.2,315.01150987,2486
1736150400,3534.13,3542.59,3502.57,3507.72,586.85530168,2933
1736164800,3507.72,3571.73,3476.27,3571.73,1843.3306623,6155
1736179200,3571.73,3598.8,3523.22,3552.71,1187.30692557,5693
1736193600,3552.71,3562.55,3532.12,3552.36,341.85439865,3111
1736208000,3552.39,3563.45,3533.01,3544.4,343.84949799,2384
1736222400,3544.4,3547.44,3517.92,3522.31,268.01211551,1741
1736236800,3522.31,3530.02,3486.28,3496.88,601.23413471,3393
1736251200,3496.88,3507.92,3290.43,3340.02,4166.20348947,6503
1736265600,3340.02,3364.01,3260.9,3268.88,1737.02044454,6336
1736280000,3268.65,3300.0,3244.86,3270.65,822.88146037,5902
1736294400,3270.64,3300.98,3233.34,3248.72,321.11144961,3727
1736308800,3248.71,3258.12,3194.0,3249.01,686.46713451,4959
1736323200,3249.01,3270.13,3233.5,3253.06,639.91293575,4115
1736337600,3253.43,3286.75,3240.27,3251.7,745.53273436,6339
1736352000,3251.7,3251.7,3118.48,3184.46,2055.56567733,14526
1736366400,3183.81,3234.62,3170.36,3227.48,662.76224596,5669
1736380800,3227.56,3254.91,3209.73,3225.46,560.54167135,3317
1736395200,3224.88,3241.78,3189.7,3197.75,348.04786749,2542
1736409600,3197.75,3226.6,3177.54,3203.38,763.90490074,5404
1736424000,3203.38,3240.0,3115.18,3225.27,3646.70842797,10032
1736438400,3225.36,3233.16,3101.99,3101.99,1121.76565796,6809
1736452800,3105.78,3145.16,3069.01,3128.18,823.90478859,9244
1736467200,3128.61,3164.33,3124.55,3161.89,119.47315026,4420
1736481600,3162.12,3221.74,3153.53,3203.11,444.54533209,4152
1736496000,3203.11,3224.77,3194.19,3215.63,449.10149219,3210
1736510400,3215.48,3218.21,3118.41,3166.62,1782.30513346,12856
1736524800,3166.62,3238.9,3157.92,3216.88,911.72753872,7080
1736539200,3216.88,3216.88,3182.24,3190.7,374.45139624,3000
1736553600,3190.7,3192.95,3157.78,3160.21,105.89435505,2288
1736568000,3160.21,3172.44,3150.04,3157.52,127.70058436,1772
1736582400,3157.52,3200.0,3144.14,3197.79,383.85458675,2875
1736596800,3197.0,3202.27,3180.01,3192.65,331.05301113,2793
1736611200,3192.87,3202.61,3182.73,3197.96,1028.10982002,3285
1736625600,3196.89,3237.8,3196.89,3201.22,766.79963171,2759
1736640000,3201.22,3208.14,3195.49,3203.55,196.34350447,1054
1736654400,3203.55,3208.02,3185.7,3186.48,50.07392115,1018
1736668800,3186.54,3191.05,3149.64,3174.12,344.76177929,2857
1736683200,3174.12,3211.0,3169.29,3203.74,392.90985245,3208
1736697600,3204.12,3216.49,3187.23,3198.09,492.82356621,2559
1736712000,3198.1,3205.66,3155.67,3187.71,461.68111232,4169
1736726400,3187.71,3256.38,3161.8,3173.13,323.77746321,5204
1736740800,3173.31,3187.35,3114.76,3130.23,337.84695712,4637
1736755200,3130.23,3133.79,2990.68,2995.0,3782.65404182,7788
1736769600,2995.0,3025.96,2855.01,2991.51,3770.02883866,7873
1736784000,2991.51,3000.19,2926.01,2963.29,1201.79498751,3022
1736798400,2963.66,3064.65,2950.0,3057.17,1280.84769498,3628
1736812800,3057.17,3095.14,3050.66,3082.41,92.05870087,2174
1736827200,3082.41,3108.28,3081.82,3093.0,344.32182944,2351
1736841600,3092.91,3172.0,3091.89,3137.9,1553.94756044,6086
1736856000,3137.9,3148.0,3103.86,3110.06,1204.70694987,7419
1736870400,3110.07,3139.5,3082.92,3120.15,790.20952261,5886
1736884800,3120.58,3142.51,3103.77,3130.13,427.97734122,4063
1736899200,3130.09,3148.35,3113.47,3143.75,275.06963391,4757
1736913600,3143.75,3157.05,3122.75,3136.95,405.09123888,3443
1736928000,3136.94,3151.55,3090.78,3105.97,750.24414541,4252
1736942400,3105.96,3247.61,3094.51,3235.61,1926.69221724,10970
1736956800,3235.61,3343.2,3230.91,3338.11,1305.4804407,5930
1736971200,3338.1,3372.99,3321.46,3349.73,1253.52942674,4423
1736985600,3349.74,3357.07,3253.91,3268.14,551.00453611,3371
1737000000,3268.14,3290.0,3266.6,3284.85,439.56893156,1361
1737014400,3284.96,3286.56,3205.77,3257.19,1487.30564257,5381
1737028800,3257.2,3274.74,3174.03,3235.21,1746.52535434,9559
1737043200,3235.23,3262.1,3216.41,3245.34,708.7250486,5772
1737057600,3244.66,3253.62,3171.6,3208.76,1229.8159937,5052
1737072000,3209.17,3289.42,3209.1,3258.11,231.73022657,2939
1737086400,3260.12,3291.41,3250.0,3277.41,334.09346871,2044
1737100800,3277.41,3335.87,3277.4,3322.97,1223.08394154,4845
1737115200,3322.5,3342.8,3299.46,3322.69,1623.78435825,7034
1737129600,3322.76,3348.22,3312.0,3336.3,1170.8200187,5460
1737144000,3336.91,3424.88,3331.26,3374.27,1605.75905607,6334
1737158400,3375.14,3392.0,3275.0,3289.03,403.67542496,3393
1737172800,3287.31,3295.24,3185.28,3192.68,891.8249161,6846
1737187200,3192.68,3229.08,3135.23,3220.0,1675.12237859,11173
1737201600,3220.0,3247.88,3186.11,3206.31,1004.68124189,6568
1737216000,3206.31,3214.51,3153.9,3191.01,1209.10246975,6172
1737230400,3191.65,3219.97,3160.43,3213.01,559.10231168,4359
1737244800,3213.01,3272.85,3203.11,3235.2,584.03060773,4066
1737259200,3235.11,3236.76,3165.0,3180.68,477.53508199,5411
1737273600,3180.68,3181.09,3049.0,3066.33,2415.88395708,12079
1737288000,3064.34,3330.0,3061.08,3294.02,2803.41267871,14505
1737302400,3294.01,3355.29,3289.3,3324.66,2620.55902264,8347
1737316800,3324.75,3338.46,3071.01,3126.5,4734.9026123001,18360
1737331200,3125.26,3182.45,3057.0,3174.17,1057.92209739,13313
1737345600,3174.17,3338.16,3154.72,3274.07,1496.23335903,9695
1737360000,3273.74,3302.11,3227.12,3264.85,1653.21565614,7530
1737374400,3264.8,3266.34,3154.42,3208.64,1962.03109744,11751
1737388800,3206.89,3255.0,3085.33,3207.61,3057.18300386,15333
1737403200,3207.6,3207.6,3127.01,3149.01,524.14910892,7850
1737417600,3149.05,3154.94,3086.3,3136.34,326.90973355,8036
1737432000,3138.17,3144.98,3090.93,3134.86,896.01350443,5384
1737446400,3134.86,3198.93,3122.61,3190.2,1001.72396774,5238
1737460800,3190.18,3208.76,3145.14,3168.44,1259.33368443,7891
1737475200,3168.44,3228.38,3164.6,3199.1,1149.00346066,6537
1737489600,3199.36,3209.99,3171.51,3197.78,466.98349762,3584
1737504000,3198.63,3227.88,3190.41,3200.0,119.27730519,1893
1737518400,3199.36,3205.59,3158.21,3160.23,265.59555582,2128
1737532800,3160.23,3188.73,3141.86,3185.35,868.26760471,4085
1737547200,3185.89,3190.0,3137.94,3146.93,721.99915601,6889
1737561600,3146.84,3158.47,3112.6,3130.0,789.95824365,5965
1737576000,3131.71,3143.55,3096.28,3115.07,528.25655868,4364
1737590400,3115.07,3130.62,3081.33,3098.96,175.94031684,2434
1737604800,3099.27,3108.71,3060.01,3108.29,301.06755112,1517
1737619200,3108.71,3108.71,3061.01,3088.52,627.73074804,2357
1737633600,3088.37,3155.78,3067.06,3133.06,974.25343369,7605
1737648000,3135.05,3170.0,3067.91,3076.8,707.06978324,6223
1737662400,3076.5,3213.56,3067.93,3206.67,1134.24809384,11436
1737676800,3206.76,3215.19,3140.93,3162.47,362.20800773,4923
1737691200,3162.29,3270.6,3153.66,3232.51,566.73342914,4668
1737705600,3232.81,3256.88,3228.25,3242.31,973.13521543,3683
1737720000,3242.51,3267.91,3195.2,3217.04,1016.27791053,5156
1737734400,3218.31,3242.68,3208.61,3211.36,431.18847199,3719
1737748800,3211.35,3220.57,3152.53,3156.69,572.84897367,4177
1737763200,3155.3,3167.1,3118.5,3164.66,514.16549772,3162
1737777600,3164.66,3164.66,3130.77,3136.9,747.37809079,1889
1737792000,3136.9,3156.39,3122.11,3153.44,319.16912127,2493
1737806400,3153.28,3155.86,3143.13,3152.97,246.68549861,1310
1737820800,3148.81,3188.93,3148.81,3183.89,585.99655652,1933
1737835200,3183.9,3194.22,3162.93,3164.79,368.61243171,2196
1737849600,3164.79,3192.54,3161.63,3185.06,223.88478021,1769
1737864000,3184.92,3203.51,3177.34,3182.27,121.24299588,1331
1737878400,3182.27,3186.34,3141.07,3157.44,334.6153344,2630
1737892800,3157.44,3163.81,3145.0,3160.55,707.44681946,2117
1737907200,3160.37,3186.35,3154.16,3180.77,255.43956636,2576
1737921600,3180.77,3184.21,3088.0,3090.26,737.2387834,4742
1737936000,3088.91,3108.0,3020.79,3041.36,563.59295519,1651
1737950400,3041.67,3041.67,2887.0,2937.55,3272.49818027,4601
1737964800,2937.55,2949.38,2888.73,2912.36,1635.43470665,4597
1737979200,2912.36,3006.15,2907.64,2985.51,2070.42461442,4982
1737993600,2985.51,2986.94,2908.47,2931.84,1328.86894282,4093
1738008000,2931.84,3087.79,2931.84,3045.93,1311.88804399,3533
1738022400,3046.13,3081.8,3016.21,3071.63,121.55274397,1436
1738036800,3071.01,3088.88,3056.35,3063.92,626.11606323,1588
1738051200,3063.91,3073.36,3048.86,3056.49,757.02307546,2514
1738065600,3056.48,3077.44,3028.18,3052.21,736.95075241,3046
1738080000,3052.16,3053.49,2994.94,3016.41,1078.37161663,3039
1738094400,3016.41,3020.41,2916.48,2950.9,863.94925699,2356
1738108800,2949.9,3000.0,2949.82,2998.86,107.48562357,844
1738123200,2998.46,3031.73,2986.63,3030.37,212.51074252,1411
1738137600,3029.74,3035.81,3000.14,3013.47,701.90021767,2205
1738152000,3013.33,3019.11,2965.65,2976.41,958.91091814,2066
1738166400,2976.51,3024.31,2937.39,3001.56,925.91767241,4961
1738180800,3004.15,3052.41,2968.74,2987.29,548.49519225,4510
1738195200,2987.29,3068.95,2966.71,3068.95,149.51263399,1835
1738209600,3069.0,3081.49,3052.7,3061.97,435.36873029,1851
1738224000,3061.76,3103.62,3053.66,3101.05,848.26811706,2718
1738238400,3101.04,3145.08,3087.48,3123.0,1491.68067796,4883
1738252800,3123.01,3149.75,3116.96,3136.06,1216.64312741,3820
1738267200,3136.28,3147.1,3105.0,3123.39,609.10646559,2962
1738281600,3123.61,3154.76,3102.37,3110.99,262.33771268,2449
1738296000,3111.58,3150.22,3096.96,3115.98,355.08394846,2173
1738310400,3116.26,3215.0,3113.42,3214.91,1054.53070958,4421
1738324800,3214.9,3296.99,3204.0,3296.99,2250.77376189,6594
1738339200,3296.99,3306.86,3179.82,3218.9,1959.76270779,7624
1738353600,3217.61,3217.61,3164.81,3185.95,623.10939377,4843
1738368000,3185.95,3216.83,3171.81,3176.41,290.96420286,1984
1738382400,3176.41,3190.88,3162.63,3166.06,277.35668989,1575
1738396800,3166.07,3172.17,3114.47,3139.02,479.65368915,3650
1738411200,3138.54,3156.96,3120.0,3138.82,523.45449104,3148
1738425600,3139.07,3154.04,3071.8,3085.36,988.52543799,3774
1738440000,3085.36,3085.36,3002.0,3014.69,1624.70751543,3958
1738454400,3014.69,3058.9,2973.21,2981.08,768.873711,2666
1738468800,2978.98,3037.79,2976.63,3000.97,561.10431455,2412
1738483200,3000.9,3022.66,2951.48,2962.44,863.37642593,3595
1738497600,2962.39,2998.9,2950.0,2978.57,815.12913937,3752
1738512000,2978.57,2979.21,2783.81,2869.01,6441.0556227199,11315
1738526400,2869.0,2899.99,2686.19,2800.0,5480.8168211901,9002
1738540800,2802.69,2803.32,2095.0,2474.7,11594.7388737302,13535
1738555200,2476.66,2577.78,2397.16,2570.17,4998.75868118,6592
1738569600,2570.17,2570.17,2470.68,2522.97,2352.17280175,7601
1738584000,2522.97,2653.89,2470.82,2626.07,5609.65796478,7590
1738598400,2627.99,2700.0,2600.75,2696.65,2706.99706239,5394
1738612800,2695.89,2826.97,2624.12,2795.01,2816.80197047,4366
1738627200,2795.01,2800.73,2710.93,2727.98,850.74813598,1063
1738641600,2728.5,2754.11,2596.48,2625.15,1914.49412956,2962
1738656000,2625.27,2703.79,2596.66,2675.85,2175.35495889,2806
1738670400,2676.41,2755.34,2640.13,2680.11,2545.47886939,4908
1738684800,2679.91,2767.55,2670.01,2673.39,1208.28436219,3068
1738699200,2672.18,2693.98,2540.56,2635.35,2361.72060556,3662
1738713600,2635.41,2666.35,2602.11,2621.77,395.90124106,918
1738728000,2622.25,2687.29,2615.37,2655.1,559.70368826,1358
1738742400,2655.1,2705.79,2642.9,2691.84,1064.75702399,2180
1738756800,2691.84,2714.98,2646.84,2663.19,1208.83301819,2305
1738771200,2663.24,2677.4,2609.01,2668.35,826.7310981,2234
1738785600,2668.88,2694.46,2636.35,2682.71,508.34147202,1719
1738800000,2682.46,2713.26,2652.02,2701.24,109.00603171,737
1738814400,2701.46,2748.74,2701.46,2728.99,586.17027927,1360
1738828800,2729.59,2758.79,2698.02,2708.63,1079.84984264,2102
1738843200,2708.63,2712.13,2593.74,2611.23,1208.33237645,2402
1738857600,2611.23,2630.08,2578.83,2590.77,2054.73022333,2383
1738872000,2590.01,2623.97,2561.0,2589.16,1095.79713676,1774
1738886400,2589.16,2638.54,2583.84,2617.48,259.25032329,1088
1738900800,2617.48,2631.15,2573.31,2613.21,542.45671806,1198
1738915200,2613.3,2663.6,2604.52,2663.6,737.74234324,1794
1738929600,2663.5,2699.4,2622.31,2631.57,1511.93234301,2791
1738944000,2631.57,2636.54,2571.64,2574.97,1564.65410473,2764
1738958400,2576.32,2576.32,2485.0,2541.46,1305.5433746,3020
1738972800,2541.46,2584.19,2536.28,2561.77,470.99845501,1056
1738987200,2561.77,2567.54,2516.42,2549.19,594.37598685,966
1739001600,2549.19,2550.92,2524.41,2534.69,690.92449472,1523
1739016000,2534.29,2556.61,2513.5,2527.28,607.63969776,1816
1739030400,2527.28,2567.42,2513.61,2556.49,392.88417148,1563
1739044800,2557.19,2564.57,2546.05,2552.96,165.28234201,1354
1739059200,2553.04,2614.99,2548.23,2594.06,365.20345787,972
1739073600,2596.29,2596.29,2570.25,2580.57,70.48039901,764
1739088000,2580.57,2591.03,2572.12,2574.87,341.49860406,1541
1739102400,2574.89,2580.0,2533.65,2572.13,294.47685592,1939
1739116800,2572.13,2584.67,2539.89,2544.71,377.79758847,1617
1739131200,2544.7,2571.15,2452.02,2550.01,1446.65372645,2938
1739145600,2550.01,2577.78,2487.37,2546.51,435.62141353,1055
1739160000,2547.36,2577.41,2541.45,2557.28,204.77376349,991
1739174400,2557.45,2577.34,2555.28,2571.07,580.75466442,2072
1739188800,2571.07,2600.0,2552.64,2578.8,975.01024904,2489
1739203200,2578.56,2612.0,2572.09,2593.26,752.1280189,2142
1739217600,2593.26,2606.99,2575.53,2581.96,375.29441937,1556
1739232000,2581.96,2642.99,2581.95,2601.39,250.85568599,891
1739246400,2601.4,2644.23,2600.05,2633.79,625.68895569,1312
1739260800,2633.48,2638.15,2610.04,2625.15,538.87745853,1919
1739275200,2625.15,2625.15,2548.19,2576.15,1037.56570216,2604
1739289600,2575.9,2582.32,2492.36,2501.61,1997.55875108,3447
1739304000,2501.46,2540.66,2473.09,2511.78,680.23979502,2150
1739318400,2511.82,2531.42,2482.54,2495.77,229.05138641,950
1739332800,2497.33,2531.42,2490.01,2524.77,323.23879411,1145
1739347200,2524.77,2543.02,2519.11,2532.75,606.96055093,2283
1739361600,2532.75,2570.4,2464.56,2514.43,2361.42439941,5010
1739376000,2514.23,2580.85,2495.95,2577.43,1191.01252941,2963
1739390400,2577.98,2689.0,2570.06,2634.86,1416.18777187,3739
1739404800,2634.86,2650.67,2613.1,2633.69,126.50986152,1022
1739419200,2633.71,2633.71,2563.0,2573.57,323.82436495,1575
1739433600,2573.57,2580.0,2550.0,2554.9,738.01482471,2133
1739448000,2554.97,2577.68,2522.71,2539.88,997.19541312,3005
1739462400,2540.55,2551.53,2510.22,2531.67,1093.09987944,2644
1739476800,2531.68,2561.56,2531.36,2558.27,298.91535605,1688
1739491200,2558.95,2600.9,2550.0,2596.21,359.28526777,1238
1739505600,2597.41,2597.42,2575.2,2581.0,279.59054872,1190
1739520000,2581.0,2592.9,2564.01,2565.48,723.78568764,2856
1739534400,2565.48,2613.98,2560.31,2601.74,1305.045332,3720
1739548800,2603.3,2657.3,2583.6,2608.92,1164.401198,4156
1739563200,2608.73,2622.22,2582.76,2599.57,514.61138676,2925
1739577600,2599.89,2611.43,2581.11,2599.01,497.71741622,1552
1739592000,2599.01,2606.02,2570.8,2573.85,109.8589423,1455
1739606400,2573.81,2588.12,2573.0,2583.99,267.60807812,1797
1739620800,2584.1,2587.04,2542.13,2567.02,268.49463534,2237
1739635200,2568.06,2582.18,2558.53,2568.81,458.15683066,2069
1739649600,2568.81,2579.39,2558.53,2568.78,277.68246869,1525
1739664000,2568.78,2580.43,2565.23,2573.62,79.83222456,972
1739678400,2573.62,2599.12,2568.21,2570.0,81.30222331,1306
1739692800,2570.0,2586.5,2567.44,2586.5,497.76063782,1811
1739707200,2586.5,2586.5,2555.7,2569.81,372.3834065,2251
1739721600,2569.81,2577.79,2540.4,2561.01,528.00886589,2408
1739736000,2561.01,2564.62,2530.21,2538.67,759.25895771,2415
1739750400,2538.67,2555.36,2534.3,2547.09,136.83200152,1279
1739764800,2547.09,2569.4,2516.56,2559.53,386.48103698,2141
1739779200,2559.53,2645.67,2555.49,2628.0,1656.71384933,4899
1739793600,2628.0,2718.36,2623.45,2630.52,1916.53295101,7074
1739808000,2630.52,2640.59,2565.97,2593.97,1173.14717955,5819
1739822400,2594.24,2649.47,2594.1,2616.67,821.73860315,3147
1739836800,2616.67,2628.27,2588.89,2592.21,289.51133814,2021
1739851200,2592.16,2597.33,2538.86,2554.63,438.72896898,2962
1739865600,2554.49,2585.73,2538.03,2561.48,692.00163802,3206
1739880000,2561.48,2614.61,2545.01,2553.46,1168.09408599,4946
1739894400,2554.53,2563.86,2496.7,2517.68,1674.95355777,3586
1739908800,2516.58,2555.37,2507.83,2555.25,756.49032112,2198
1739923200,2555.25,2579.74,2542.55,2576.0,315.55324795,1849
1739937600,2575.94,2596.34,2550.71,2592.01,281.6025171,1881
1739952000,2592.0,2622.45,2592.0,2614.59,1047.33283475,2880
1739966400,2614.59,2617.71,2565.54,2585.01,955.15494218,3756
1739980800,2586.3,2610.0,2584.27,2598.15,1247.72522988,2910
1739995200,2598.16,2618.63,2596.73,2604.67,241.95378341,2495
1740009600,2604.67,2632.61,2601.54,2628.31,147.36709204,1779
1740024000,2627.54,2641.93,2610.15,2617.9,235.31427538,1751
1740038400,2617.57,2631.78,2612.34,2626.21,1049.15994289,1915
1740052800,2626.21,2651.38,2588.57,2590.33,769.82310265,4002
1740067200,2591.1,2638.36,2588.13,2617.92,504.86407647,3587
1740081600,2618.14,2631.18,2594.54,2610.22,322.83748452,2030
1740096000,2610.22,2617.71,2600.0,2613.3,115.92725517,1170
1740110400,2613.31,2637.8,2613.31,2627.66,187.84043527,1389
1740124800,2627.84,2701.73,2625.11,2665.06,1291.2352179,4428
1740139200,2665.06,2715.65,2562.59,2606.4,2524.32769839,8306
1740153600,2606.41,2648.3,2511.68,2523.58,1684.50896534,9032
1740168000,2523.58,2546.68,2503.86,2546.06,530.93062411,4544
1740182400,2546.06,2571.0,2539.73,2557.24,226.90177393,1726
1740196800,2557.53,2577.83,2557.24,2567.73,132.79928568,1227
1740211200,2567.73,2631.12,2560.13,2613.85,370.13164714,2979
1740225600,2613.88,2661.63,2604.27,2655.07,505.16170673,2466
1740240000,2655.07,2673.29,2636.97,2649.23,461.39893243,3133
1740254400,2649.24,2655.04,2639.56,2642.8,170.7106983,1579
1740268800,2642.8,2653.82,2626.81,2631.34,373.49555987,1494
1740283200,2631.34,2706.3,2628.05,2702.0,368.21026143,2317
1740297600,2702.0,2706.92,2664.81,2675.97,907.46767402,2417
1740312000,2675.96,2699.39,2652.32,2661.7,409.49144345,3055
1740326400,2661.02,2698.39,2661.02,2682.95,477.6132933,2423
1740340800,2683.08,2725.0,2664.25,2693.15,892.94251883,3242
1740355200,2693.15,2707.71,2581.95,2586.69,297.28138583,3457
1740369600,2586.6,2604.67,2565.16,2595.43,1223.5586906,2985
1740384000,2595.42,2596.07,2545.86,2569.85,1105.84108345,4276
1740398400,2569.85,2575.46,2520.01,2540.0,1468.67728424,5598
1740412800,2540.0,2559.45,2506.1,2522.21,688.01553315,4416
1740427200,2522.99,2544.25,2363.79,2403.64,2574.26726091,7934
1740441600,2403.37,2417.88,2353.34,2382.44,997.35134226,3717
1740456000,2382.44,2399.26,2214.0,2265.0,5078.44409268,5529
1740470400,2262.68,2324.53,2252.14,2319.4,3724.13745138,4468
1740484800,2319.4,2331.47,2246.21,2293.56,2046.5078115,3557
1740499200,2293.57,2349.47,2268.7,2348.53,964.2075606,2700
1740513600,2348.53,2407.19,2336.04,2371.29,995.13508491,3191
1740528000,2371.4,2382.9,2348.41,2370.41,133.73554641,1172
1740542400,2369.76,2385.62,2359.22,2366.42,402.90894427,1328
1740556800,2366.42,2376.38,2342.01,2348.86,667.13295722,2471
1740571200,2348.86,2350.09,2260.01,2310.14,6487.1403697,3364
1740585600,2310.26,2314.21,2160.0,2184.91,3034.97678178,4466
1740600000,2184.65,2267.71,2146.0,2223.54,2106.5115603,2924
1740614400,2223.68,2259.02,2203.58,2225.69,523.57881001,872
1740628800,2225.23,2263.1,2199.0,2248.62,424.78273237,1232
1740643200,2248.07,2269.47,2238.07,2245.08,754.87819908,2105
1740657600,2245.08,2254.74,2195.71,2230.01,1712.61905396,2452
1740672000,2230.01,2242.17,2186.48,2200.7,1125.97354476,2186
1740686400,2200.7,2217.68,2141.69,2216.15,1226.02896911,2300
1740700800,2216.0,2221.22,2045.0,2060.02,3121.71480266,3247
1740715200,2063.99,2072.14,2000.0,2023.42,3698.45403073,4630
1740729600,2021.89,2066.69,1995.0,2043.25,3313.28727442,4916
1740744000,2043.11,2140.99,2023.36,2137.95,2788.01899078,4235
1740758400,2138.0,2171.41,2115.04,2151.94,1365.68089214,2605
1740772800,2150.68,2157.58,2121.01,2154.74,518.31876915,1709
1740787200,2156.03,2190.0,2133.49,2181.06,276.79175372,913
1740801600,2180.77,2196.96,2143.9,2146.53,427.87482067,1146
1740816000,2147.92,2159.32,2090.19,2105.36,978.06533537,2180
1740830400,2105.73,2108.5,2067.27,2097.01,798.53936743,1895
1740844800,2097.01,2151.85,2092.7,2142.82,387.85698829,1706
1740859200,2142.82,2155.65,2112.96,2138.46,484.58787599,1414
1740873600,2138.19,2148.98,2122.45,2140.63,180.76788336,764
1740888000,2140.94,2154.62,2139.52,2142.18,148.92649237,781
1740902400,2142.2,2179.0,2129.46,2160.41,592.13164663,1582
1740916800,2160.41,2208.53,2096.86,2151.2,1390.026069,2778
1740931200,2150.76,2427.85,2135.23,2398.61,8659.8733639401,12457
1740945600,2398.01,2453.8,2393.09,2420.65,1892.61544928,4491
1740960000,2420.65,2424.82,2323.35,2342.55,588.86728033,2016
1740974400,2343.78,2357.8,2262.46,2294.6,1484.45039889,2057
1740988800,2294.07,2295.25,2231.01,2254.57,1337.60124964,2521
1741003200,2254.89,2281.09,2163.32,2181.81,2837.48628465,3743
1741017600,2181.81,2189.75,2005.0,2013.6,3365.23584973,5247
1741032000,2014.12,2071.75,1985.39,2049.25,3711.35688143,3963
1741046400,2049.25,2064.37,1911.0,1979.9,1818.57240514,2867
1741060800,1980.43,2022.26,1972.0,1982.06,1444.78024133,2189
1741075200,1981.92,2011.76,1978.75,1994.23,1095.77090216,3193
1741089600,1993.94,2049.67,1931.32,1970.58,1953.11233036,4465
1741104000,1970.66,2053.2,1895.85,2049.99,2064.25520148,4970
1741118400,2050.0,2091.11,2004.36,2045.0,1289.91535143,2762
1741132800,2044.83,2064.93,2031.07,2037.61,403.0774562,845
1741147200,2035.87,2076.59,2033.65,2070.04,465.90089722,1168
1741161600,2068.84,2126.14,2068.53,2078.26,1314.26413013,2814
1741176000,2078.26,2087.6,2015.01,2033.14,1824.18930287,2969
1741190400,2032.7,2062.54,2008.59,2056.36,989.0142109,2917
1741204800,2056.36,2086.98,2052.08,2077.89,465.26200484,1916
1741219200,2077.89,2126.7,2070.97,2122.68,434.85105058,1129
1741233600,2122.84,2147.11,2110.86,2116.24,995.358735,1476
1741248000,2116.24,2138.25,2111.05,2128.55,2394.61084634,2198
1741262400,2128.56,2129.08,2042.63,2086.85,1604.42315258,3184
1741276800,2086.85,2093.13,2018.57,2035.21,843.40544868,2314
1741291200,2035.21,2067.16,2032.61,2042.12,606.97668484,1747
1741305600,2042.64,2062.45,1950.28,1987.96,1321.02842273,2227
1741320000,1988.27,2025.52,1986.01,2025.23,432.73230078,1421
1741334400,2024.98,2036.57,2008.5,2026.08,1389.88784286,2427
1741348800,2026.16,2078.98,1999.0,2033.11,2333.06942036,3565
1741363200,2033.76,2040.7,1976.94,2008.27,2258.2677397,3244
1741377600,2008.27,2016.39,1951.46,1976.33,1844.25954692,2357
1741392000,1976.34,1989.79,1942.69,1974.33,212.34974737,946
1741406400,1973.71,1987.72,1969.14,1974.44,361.94790439,827
1741420800,1974.44,1978.59,1964.39,1976.84,729.09900877,1525
1741435200,1977.56,2027.77,1973.91,2014.62,759.3796005,1736
1741449600,2014.59,2061.99,1996.27,2054.43,859.53401831,1730
1741464000,2054.43,2054.44,2025.54,2034.59,213.76758939,1316
1741478400,2034.6,2042.27,2009.71,2018.55,110.49853342,785
1741492800,2018.53,2024.97,2005.6,2017.04,285.59793156,759
1741507200,2017.01,2017.67,1965.21,1982.19,771.85344363,1902
1741521600,1982.19,1982.19,1925.0,1935.89,1343.17613584,2468
1741536000,1935.02,1945.69,1845.0,1881.24,2971.54130889,4779
1741550400,1881.61,1895.98,1833.77,1857.75,2209.63235886,2526
1741564800,1859.89,1907.16,1839.0,1899.24,599.78726767,919
1741579200,1899.96,1918.32,1895.53,1917.35,325.00722206,1278
1741593600,1917.35,1985.32,1895.01,1962.25,2091.5440061,2700
1741608000,1961.28,1968.6,1843.02,1862.93,2417.5419678,3208
1741622400,1862.12,1867.25,1672.62,1724.79,6109.36967067,7640
1741636800,1724.73,1755.95,1700.93,1719.77,1771.64361659,2985
1741651200,1720.1,1740.91,1617.0,1703.34,2004.3987771,2756
1741665600,1703.96,1762.81,1702.24,1749.06,744.42325498,1789
1741680000,1749.06,1770.61,1744.18,1755.87,2131.49598935,2946
1741694400,1755.87,1796.76,1687.38,1752.38,4537.92756573,4012
1741708800,1752.29,1795.98,1727.42,1787.7,1457.46256524,3578
1741723200,1787.19,1790.76,1757.71,1760.14,596.51129822,1734
1741737600,1761.61,1769.84,1715.01,1715.01,461.06533211,1200
1741752000,1715.31,1758.02,1701.0,1754.2,531.58919013,1573
1741766400,1753.46,1790.74,1717.17,1758.26,1801.04025323,2863
1741780800,1758.82,1783.26,1677.5,1712.2,2288.47495874,4099
1741795200,1712.41,1736.38,1706.98,1727.26,1844.77058288,2269
1741809600,1725.08,1758.89,1720.78,1753.5,607.61721301,1525
1741824000,1753.11,1761.1,1728.68,1733.27,409.14351852,801
1741838400,1733.43,1738.2,1708.71,1723.29,1299.83861652,1276
1741852800,1723.19,1753.74,1706.01,1748.97,1355.26110232,2513
1741867200,1750.0,1769.39,1717.88,1726.54,2055.497786,2803
1741881600,1727.07,1730.3,1677.67,1706.52,1267.206917,2732
1741896000,1706.89,1734.99,1696.19,1717.61,1135.77488809,1660
1741910400,1717.91,1747.41,1714.56,1742.09,179.44001596,798
1741924800,1742.3,1758.42,1741.1,1748.75,656.85119856,1243
1741939200,1747.7,1753.03,1740.6,1746.82,1357.86075602,1943
1741953600,1746.72,1785.0,1728.58,1768.76,2139.45654494,2821
1741968000,1769.02,1788.74,1760.55,1778.93,1018.65853114,2306
1741982400,1778.93,1778.93,1755.04,1756.33,423.56571977,1480
1741996800,1757.52,1768.09,1752.01,1765.62,234.58398558,870
1742011200,1765.7,1778.0,1761.39,1763.9,225.28270465,905
1742025600,1764.01,1777.27,1759.86,1774.63,929.50981846,1519
1742040000,1774.44,1783.0,1768.96,1782.02,533.2815915,1559
1742054400,1782.34,1790.43,1774.53,1782.08,518.89605139,1802
1742068800,1781.98,1799.24,1781.98,1782.01,380.84640251,1279
1742083200,1782.14,1783.81,1764.13,1773.46,138.046083,758
1742097600,1773.46,1778.19,1768.01,1772.1,138.0004346,728
1742112000,1772.1,1772.1,1715.82,1723.32,1580.36321663,1797
1742126400,1723.34,1744.99,1723.34,1744.01,1057.7233051,1615
1742140800,1744.01,1767.71,1712.43,1729.62,654.86777787,1840
1742155200,1731.27,1744.13,1719.58,1735.41,1153.36241468,1322
1742169600,1735.42,1760.0,1733.9,1755.04,158.62464591,592
1742184000,1754.1,1757.0,1727.55,1748.09,478.59951978,932
1742198400,1748.22,1759.0,1740.01,1753.54,1406.83383553,1735
1742212800,1753.54,1779.0,1732.6,1757.61,2106.83436104,2414
1742227200,1757.99,1787.36,1747.91,1778.4,934.31079846,2009
1742241600,1778.51,1782.51,1761.01,1764.34,438.62790561,1505
1742256000,1764.26,1767.44,1740.01,1742.76,261.69743681,774
1742270400,1742.77,1750.6,1736.88,1742.91,564.28068061,1006
1742284800,1742.66,1747.78,1724.55,1734.34,816.40782759,1820
1742299200,1733.99,1743.83,1718.0,1720.01,921.70090529,1971
1742313600,1722.18,1743.29,1712.46,1739.76,737.27329403,2022
1742328000,1739.81,1768.01,1734.07,1766.25,474.21084123,1451
1742342400,1765.48,1781.89,1761.64,1771.3,186.61572581,669
1742356800,1771.76,1778.32,1765.51,1773.15,902.8990455,1003
1742371200,1773.7,1863.88,1772.43,1859.85,2458.58562305,3030
1742385600,1859.63,1890.83,1828.45,1884.54,1854.00186647,3129
1742400000,1884.28,1894.74,1837.59,1863.17,1380.42814528,2927
1742414400,1865.06,1897.37,1861.27,1885.34,902.45821438,1801
1742428800,1885.17,1894.28,1853.38,1854.77,394.64488539,922
1742443200,1854.77,1857.52,1844.14,1846.29,585.33156672,1013
1742457600,1846.08,1861.05,1821.11,1833.63,1431.97047001,2071
1742472000,1833.59,1855.0,1815.15,1818.07,1018.12191924,1771
1742486400,1818.19,1823.42,1798.54,1819.1,1583.35729187,2020
1742500800,1819.31,1828.42,1816.9,1827.02,316.44502461,1385
1742515200,1826.96,1839.19,1821.49,1825.42,282.16150775,553
1742529600,1825.08,1836.0,1815.0,1823.33,313.49994684,711
1742544000,1822.93,1827.4,1807.12,1812.73,517.72022687,1510
1742558400,1812.74,1819.01,1786.0,1803.57,1130.98107025,1914
1742572800,1803.57,1827.0,1800.34,1824.38,713.74828109,1656
1742587200,1824.33,1833.26,1814.02,1815.8,216.92576972,1150
1742601600,1816.24,1836.34,1815.62,1835.57,229.27048409,837
1742616000,1835.57,1841.78,1833.94,1834.67,278.66078391,749
1742630400,1835.05,1854.79,1832.84,1840.32,737.13706053,1438
1742644800,1840.23,1846.87,1831.66,1837.03,269.64896432,1671
1742659200,1836.47,1847.53,1832.73,1844.54,260.379163,1215
1742673600,1844.17,1852.0,1825.96,1830.26,337.27841419,1310
1742688000,1830.27,1855.7,1827.63,1855.1,77.67710374,697
1742702400,1855.19,1865.83,1841.42,1855.37,179.68584433,773
1742716800,1855.77,1866.2,1851.39,1855.29,420.12632696,1161
1742731200,1855.36,1867.05,1851.41,1855.41,606.03586557,1410
1742745600,1855.41,1855.41,1837.59,1845.52,436.06597296,1558
1742760000,1845.52,1850.64,1830.46,1850.64,752.57110749,1221
1742774400,1850.82,1864.64,1827.83,1861.35,668.06135597,753
1742788800,1861.59,1916.66,1861.59,1909.71,1035.82667779,1625
1742803200,1909.65,1939.15,1908.89,1932.2,1429.37380067,2238
1742817600,1932.3,1943.68,1915.86,1936.55,1281.01333649,2422
1742832000,1936.05,1944.0,1916.33,1936.0,1136.35119474,2245
1742846400,1934.5,1940.32,1916.35,1927.82,492.41560933,1593
1742860800,1926.8,1942.07,1890.93,1892.48,342.84287881,820
1742875200,1891.55,1913.93,1886.27,1905.41,476.07259718,1138
1742889600,1905.68,1920.38,1904.87,1913.15,756.27144031,1759
1742904000,1913.14,1923.05,1896.76,1914.58,990.67690564,2067
1742918400,1914.22,1928.24,1904.81,1922.76,469.26480508,1861
1742932800,1923.22,1929.0,1903.82,1916.68,409.94229484,1693
1742947200,1916.68,1926.82,1893.96,1900.35,235.92914475,959
1742961600,1900.57,1921.31,1899.08,1919.47,307.74191991,845
1742976000,1919.47,1923.51,1906.32,1917.35,491.63004943,1739
1742990400,1917.42,1918.59,1861.38,1867.37,1243.82758552,2398
1743004800,1866.85,1873.55,1843.1,1860.76,1047.75695662,2285
1743019200,1859.14,1875.36,1855.0,1869.99,698.62354709,1455
1743033600,1870.0,1890.04,1867.52,1883.73,227.83342431,474
1743048000,1883.53,1884.87,1876.91,1882.53,137.27465478,602
1743062400,1882.97,1890.0,1867.02,1870.52,518.82187071,1700
1743076800,1870.23,1879.16,1843.12,1858.27,919.09144916,2393
1743091200,1858.27,1866.72,1848.33,1855.74,537.37397667,1910
1743105600,1856.78,1869.99,1852.69,1854.94,313.742254,1309
1743120000,1854.94,1867.58,1845.76,1853.83,175.98665835,756
1743134400,1852.85,1857.8,1760.7,1770.03,1367.24191938,2489
1743148800,1770.07,1783.49,1727.5,1764.36,1735.1527809,2600
1743163200,1763.84,1766.7,1730.0,1730.71,1160.94910961,2293
1743177600,1730.01,1743.51,1721.11,1731.03,791.51386818,2160
1743192000,1730.93,1756.35,1730.35,1752.1,386.75861836,1418
1743206400,1752.11,1766.7,1743.75,1754.92,139.13124816,707
1743220800,1754.96,1759.1,1733.25,1736.86,390.90862752,720
1743235200,1736.46,1743.33,1694.0,1702.81,1233.96839483,2059
1743249600,1703.0,1720.75,1695.0,1698.7,551.71272822,1581
1743264000,1699.02,1706.86,1660.33,1687.31,1788.50789174,2546
1743278400,1687.49,1690.68,1675.0,1689.24,1834.71250023,1411
1743292800,1689.24,1703.53,1675.52,1693.86,336.4344941,672
1743307200,1693.87,1704.72,1693.55,1697.47,365.9497654,744
1743321600,1697.47,1707.94,1689.55,1693.4,466.5512811,1335
1743336000,1693.4,1699.37,1654.87,1675.47,1958.25397452,2293
1743350400,1675.47,1693.74,1650.5,1676.66,679.08176154,2271
1743364800,1676.67,1682.4,1636.49,1669.16,1272.36883707,1780
1743379200,1670.19,1680.79,1643.27,1660.17,639.65619748,783
1743393600,1660.17,1674.07,1653.06,1659.97,2055.05963346,1389
1743408000,1660.6,1680.5,1645.01,1676.2,1498.93011169,2284
1743422400,1676.17,1715.0,1660.31,1706.85,1581.4955906,2888
1743436800,1706.8,1710.33,1681.01,1688.38,802.091838,1718
1743451200,1689.67,1695.35,1679.51,1684.12,397.18829025,1227
1743465600,1684.29,1701.29,1680.83,1693.01,250.64850421,588
1743480000,1693.43,1726.99,1691.51,1717.1,728.2303791,1285
1743494400,1716.71,1749.01,1716.71,1727.57,3102.90805152,2110
1743508800,1727.46,1784.58,1706.17,1776.98,25996.4588793998,14578
1743523200,1777.09,1782.32,1762.55,1771.29,6383.14739408,2567
1743537600,1771.27,1781.65,1759.92,1765.3,502.24410874,1322
1743552000,1765.3,1768.5,1734.98,1737.99,201.89556644,622
1743566400,1738.36,1744.48,1716.72,1729.01,1033.85683678,1164
1743580800,1729.01,1748.18,1725.25,1729.93,864.67820316,1876
1743595200,1729.93,1767.4,1716.08,1747.65,1949.47935486,2400
1743609600,1749.99,1764.83,1735.0,1762.83,2212.11968917,1777
1743624000,1761.8,1794.73,1642.1,1646.13,3907.00980894,3111
1743638400,1646.13,1680.87,1641.66,1671.33,357.17230797,735
1743652800,1671.56,1690.64,1646.87,1654.87,1437.16586369,1437
1743667200,1654.87,1660.9,1616.93,1619.64,3835.3181169,2742
1743681600,1619.64,1623.69,1575.71,1612.23,4257.45674607,4044
1743696000,1612.24,1628.78,1601.85,1618.36,1343.34414511,2100
1743710400,1619.93,1648.0,1612.84,1644.61,1000.32935619,1375
1743724800,1644.61,1651.1,1601.06,1615.66,536.82959235,812
1743739200,1616.09,1652.85,1609.04,1652.41,848.18827943,1414
1743753600,1652.41,1669.07,1591.82,1613.37,1756.33595331,2559
1743768000,1613.38,1655.74,1601.63,1630.61,1709.96481404,2386
1743782400,1630.05,1669.44,1624.61,1653.92,847.26887686,1707
1743796800,1653.92,1667.0,1650.37,1657.1,281.16847288,1066
1743811200,1657.51,1665.9,1651.17,1651.2,108.33352753,546
1743825600,1651.2,1656.5,1646.56,1653.08,256.45874181,746
1743840000,1653.08,1662.15,1648.7,1648.75,425.11522506,1195
1743854400,1648.83,1649.11,1622.07,1625.85,727.712257,1368
1743868800,1625.86,1637.31,1624.0,1625.19,287.55851521,1228
1743883200,1625.19,1650.0,1610.48,1646.92,428.02499638,1022
1743897600,1646.69,1657.06,1643.71,1650.23,116.59486625,480
1743912000,1650.57,1653.65,1635.51,1639.59,139.75271488,650
1743926400,1639.58,1639.59,1627.0,1631.78,444.16599269,1095
1743940800,1631.79,1633.54,1586.34,1605.52,1158.51535529,1733
1743955200,1605.35,1605.35,1458.9,1484.12,8362.1060066,6310
1743969600,1483.23,1487.4,1396.24,1435.96,5276.66643888,4900
1743984000,1435.96,1469.44,1389.99,1408.57,1292.29867095,1163
1743998400,1408.23,1419.05,1280.01,1325.54,6811.68031265,5673
1744012800,1325.55,1384.04,1321.01,1351.78,4136.68701294,4813
1744027200,1351.78,1494.42,1347.96,1426.98,6057.16600419,6252
1744041600,1426.29,1439.11,1397.0,1417.72,1224.6885471,2753
1744056000,1415.26,1452.45,1415.26,1423.84,855.1699452,1533
1744070400,1423.02,1474.03,1408.29,1446.13,457.94686106,893
1744084800,1446.0,1459.81,1428.47,1438.39,886.92937683,1698
1744099200,1438.39,1453.16,1421.79,1452.65,1022.39329228,2219
1744113600,1453.05,1457.05,1392.85,1403.96,2172.95084028,2865
1744128000,1403.94,1405.79,1326.9,1337.95,2240.12595002,3363
1744142400,1337.93,1354.72,1316.64,1341.48,1694.1572795,2226
1744156800,1340.99,1348.34,1255.22,1287.37,1715.20169745,2075
1744171200,1287.59,1350.24,1284.07,1347.34,1080.56961624,1804
1744185600,1346.81,1356.63,1308.28,1318.69,2493.73073721,2771
1744200000,1318.53,1358.67,1300.47,1344.94,1964.90963777,2418
1744214400,1345.25,1529.8,1343.13,1500.21,5502.68573843,4379
1744228800,1500.05,1542.12,1500.05,1524.62,1592.3012485,1973
1744243200,1524.77,1524.78,1460.0,1471.11,430.05100481,751
1744257600,1472.58,1479.81,1440.4,1447.25,1369.57464519,1402
1744272000,1447.25,1454.44,1428.66,1441.0,4057.02514766,2259
1744286400,1441.0,1463.88,1323.3,1336.69,4404.13523058,3679
1744300800,1336.68,1368.47,1315.02,1351.0,2120.11543284,2589
1744315200,1351.77,1369.5,1350.34,1351.59,1932.82071852,1360
1744329600,1352.17,1369.75,1330.98,1361.43,2328.68543837,1009
1744344000,1361.43,1385.79,1361.31,1366.53,720.36788542,1390
1744358400,1366.45,1395.5,1350.21,1375.9,3923.58181481,3293
1744372800,1375.8,1394.99,1355.39,1381.84,4982.71543323,3763
1744387200,1381.84,1405.13,1378.15,1380.26,1723.1378655,2899
1744401600,1380.01,1397.37,1372.83,1379.16,426.60573889,1650
1744416000,1379.12,1381.83,1361.92,1368.32,308.67375326,841
1744430400,1368.32,1396.3,1366.02,1393.58,471.89999001,1203
1744444800,1393.68,1414.28,1393.68,1404.53,774.29347218,1648
1744459200,1404.53,1469.02,1402.08,1457.8,2909.27074621,2834
1744473600,1457.8,1463.77,1435.0,1447.7,1702.28331021,1911
1744488000,1447.71,1462.0,1446.79,1448.65,638.19052661,1610
1744502400,1448.71,1453.17,1416.37,1431.11,431.43686531,990
1744516800,1430.84,1430.97,1407.53,1422.82,430.45578604,1026
1744531200,1422.82,1435.79,1405.38,1414.8,865.4164812,1590
1744545600,1414.8,1418.56,1380.01,1399.39,794.80616796,2044
1744560000,1399.4,1452.51,1379.01,1402.27,2228.85884022,2749
1744574400,1402.76,1426.17,1390.0,1407.9,1540.66362388,2094
1744588800,1407.91,1457.36,1406.22,1431.83,384.4125974,1113
1744603200,1433.17,1443.65,1414.28,1436.0,536.78074834,1446
1744617600,1436.0,1485.25,1429.47,1471.84,1190.79458968,2504
1744632000,1471.85,1488.39,1425.65,1434.09,2367.72542909,2841
1744646400,1433.75,1455.9,1422.38,1440.74,882.7861248,2251
1744660800,1441.86,1442.23,1416.02,1433.1,494.06679509,1356
1744675200,1432.77,1447.65,1426.24,1444.29,298.48178264,621
1744689600,1444.29,1453.61,1438.07,1448.96,817.08860153,1091
1744704000,1448.96,1456.42,1433.0,1441.48,1144.38537197,2355
1744718400,1441.48,1466.73,1419.59,1435.71,2196.07996185,2829
1744732800,1435.71,1443.31,1416.03,1425.42,2756.34901769,2084
1744747200,1424.64,1431.76,1403.0,1407.2,838.92615229,1652
1744761600,1407.21,1417.11,1394.57,1404.31,540.16217729,602
1744776000,1403.39,1405.48,1370.33,1374.61,1247.90584574,1328
1744790400,1374.23,1396.36,1369.72,1393.88,827.28702423,1904
1744804800,1394.22,1420.37,1380.2,1398.05,1253.65252685,2504
1744819200,1398.25,1417.0,1353.2,1395.44,2650.47655927,2768
1744833600,1395.07,1401.9,1377.82,1383.87,501.0474877,1463
1744848000,1383.76,1402.55,1383.2,1394.43,223.55047329,745
1744862400,1394.58,1416.04,1391.31,1407.0,360.98557035,1241
1744876800,1407.0,1410.4,1397.28,1402.93,786.05627041,2133
1744891200,1402.94,1412.94,1374.79,1392.99,1328.01792567,2750
1744905600,1393.0,1424.72,1386.95,1391.34,2412.29045281,1836
1744920000,1390.84,1399.96,1390.01,1392.58,202.27005547,886
1744934400,1392.83,1397.13,1388.0,1393.79,131.49941185,515
1744948800,1393.38,1393.95,1385.0,1392.87,283.69795593,753
1744963200,1392.87,1400.87,1391.43,1398.22,401.90218076,1453
1744977600,1398.14,1402.9,1388.0,1390.45,383.90182601,1485
1744992000,1390.29,1400.0,1390.06,1397.58,316.16546412,1466
1745006400,1397.58,1404.61,1393.9,1394.77,184.77830421,1287
1745020800,1394.81,1404.14,1392.21,1402.63,254.3279724,774
1745035200,1402.63,1414.99,1400.42,1404.79,388.13224384,1500
1745049600,1405.27,1409.44,1400.59,1400.61,378.70213857,1473
1745064000,1400.61,1415.0,1400.51,1410.48,247.38246807,1509
1745078400,1410.48,1430.97,1403.51,1417.17,810.83109319,1952
1745092800,1417.18,1423.49,1414.75,1415.38,188.92103756,1091
1745107200,1415.59,1421.26,1411.73,1414.94,247.48718481,711
1745121600,1414.93,1419.37,1393.6,1402.0,438.99028848,951
1745136000,1402.0,1402.0,1376.0,1381.04,486.55136217,1846
1745150400,1381.32,1390.0,1380.02,1383.01,378.09719003,1285
1745164800,1383.01,1394.65,1381.19,1393.29,261.31655456,1381
1745179200,1393.3,1404.78,1379.0,1387.15,764.94165446,1344
1745193600,1387.13,1429.54,1385.08,1419.04,843.84790659,1016
1745208000,1419.78,1439.0,1418.76,1424.6,946.47677437,1376
1745222400,1424.6,1430.4,1403.56,1408.88,1160.58250207,1783
1745236800,1408.88,1426.0,1396.67,1410.33,2374.61661831,1954
1745251200,1411.05,1413.7,1357.89,1366.3,1177.10804872,2446
1745265600,1366.68,1372.49,1365.0,1371.93,347.06608969,1305
1745280000,1371.93,1386.1,1338.33,1368.69,981.0961332,1313
1745294400,1368.87,1410.37,1364.53,1407.3,652.33800988,1352
1745308800,1407.28,1425.0,1404.2,1419.59,1404.49014199,2223
1745323200,1419.6,1504.67,1418.13,1486.78,2984.21726369,3284
1745337600,1486.77,1493.78,1472.52,1488.18,1147.69930588,2196
1745352000,1487.91,1561.11,1481.66,1547.28,3198.05303102,2654
1745366400,1547.59,1584.0,1534.32,1577.62,1626.45734227,974
1745380800,1577.86,1595.93,1558.2,1575.65,2689.21653669,1863
1745395200,1575.65,1589.19,1560.23,1576.08,1829.65559159,2407
1745409600,1576.08,1611.07,1549.47,1582.3,2538.19422948,3659
1745424000,1581.56,1598.55,1567.17,1577.73,1581.47867466,2076
1745438400,1577.58,1594.78,1577.58,1585.47,429.14895688,1464
1745452800,1585.06,1588.37,1559.01,1560.21,420.96869255,771
1745467200,1559.83,1567.4,1540.64,1544.02,960.50391177,1702
1745481600,1544.07,1546.61,1514.79,1543.54,1764.98597193,2395
1745496000,1543.54,1564.2,1536.25,1553.51,1324.9889973,2584
1745510400,1554.33,1564.17,1537.78,1549.52,702.41490476,2303
1745524800,1550.0,1560.84,1537.78,1556.48,368.91458934,1520
1745539200,1556.99,1576.95,1534.13,1555.59,394.60678265,1034
1745553600,1555.47,1570.82,1553.84,1565.0,522.89145377,1392
1745568000,1565.0,1579.91,1556.82,1577.34,1549.76740312,2433
1745582400,1578.33,1608.25,1552.69,1589.25,2057.52949431,3041
1745596800,1589.24,1594.65,1569.35,1588.0,874.26001122,1831
1745611200,1588.0,1592.94,1571.72,1572.6,880.63385157,1419
1745625600,1571.72,1598.0,1571.72,1582.59,342.9312051,734
1745640000,1583.02,1594.48,1576.0,1585.88,211.18667178,764
1745654400,1585.87,1619.76,1568.01,1573.51,1297.40129366,1558
1745668800,1572.9,1588.32,1569.34,1585.71,493.84019613,1088
1745683200,1585.75,1596.99,1582.27,1596.63,363.9203747,1102
1745697600,1596.64,1611.3,1590.14,1602.83,473.83322502,1043
1745712000,1603.56,1635.09,1587.0,1593.23,483.71297805,792
1745726400,1593.23,1595.59,1578.01,1588.79,150.18269251,674
1745740800,1588.79,1597.29,1587.28,1591.12,654.73315657,1163
1745755200,1591.05,1591.82,1571.0,1580.07,996.22223899,1726
1745769600,1580.02,1591.81,1575.49,1591.79,464.60958495,1567
1745784000,1591.79,1591.79,1574.0,1579.52,873.24513617,1329
1745798400,1579.42,1581.18,1544.72,1572.21,449.54506057,1080
1745812800,1572.07,1596.73,1571.82,1591.24,939.52516101,1692
1745827200,1591.25,1611.88,1577.4,1600.89,968.83526706,2683
1745841600,1600.89,1601.0,1540.66,1549.2,1124.38074118,2260
1745856000,1549.82,1581.66,1533.29,1573.7,1340.51169664,2099
1745870400,1574.45,1582.98,1560.51,1577.57,761.1444273,1382
1745884800,1578.15,1589.07,1568.54,1582.83,119.05658082,907
1745899200,1582.84,1602.0,1573.28,1597.83,607.66414591,1626
1745913600,1597.83,1619.41,1595.59,1609.32,1728.02504801,2520
1745928000,1609.33,1612.0,1581.96,1593.44,947.52657407,2497
1745942400,1593.44,1607.8,1587.01,1600.82,553.06650972,2253
1745956800,1601.07,1604.78,1565.54,1579.03,542.46848962,2041
1745971200,1578.98,1592.5,1573.5,1591.02,129.98273983,899
1745985600,1591.53,1594.57,1575.12,1579.06,457.16351533,1375
1746000000,1579.27,1597.1,1575.33,1596.94,985.24870405,2165
1746014400,1596.94,1597.11,1525.05,1555.87,1675.7250507,3251
1746028800,1555.77,1580.58,1548.48,1577.78,743.27249441,2367
1746043200,1577.97,1597.11,1577.01,1583.51,648.98695581,1669
1746057600,1584.67,1606.5,1583.2,1598.25,175.44300323,897
1746072000,1598.25,1607.84,1596.18,1602.01,491.45849141,1435
1746086400,1602.01,1640.0,1598.35,1630.25,1028.18140458,2577
1746100800,1630.94,1658.99,1614.01,1643.45,2127.73704327,2790
1746115200,1643.46,1658.0,1630.88,1633.76,778.61772808,2124
1746129600,1633.12,1640.47,1625.0,1627.88,288.28601879,1550
1746144000,1627.64,1640.71,1626.44,1633.26,190.88467072,748
1746158400,1633.73,1636.47,1603.39,1603.41,596.21662302,1401
1746172800,1603.32,1620.46,1602.34,1616.75,787.01630386,1723
1746187200,1616.75,1631.99,1611.73,1625.94,1257.02988954,2250
1746201600,1625.94,1651.63,1622.01,1628.5,551.71036562,1510
1746216000,1626.85,1636.15,1623.0,1630.75,353.26767563,911
1746230400,1630.76,1631.1,1618.01,1624.27,207.85579438,708
1746244800,1624.27,1627.78,1616.25,1617.51,246.98322382,822
1746259200,1617.51,1620.94,1611.18,1615.53,382.48838858,1457
1746273600,1615.53,1628.62,1615.53,1624.54,224.96762975,1397
1746288000,1624.6,1628.99,1605.1,1627.98,491.3680634,1586
1746302400,1628.0,1636.22,1619.15,1623.66,264.28214822,1306
1746316800,1623.94,1636.25,1618.8,1623.25,73.01402938,682
1746331200,1622.87,1637.76,1620.49,1630.17,437.35705369,1088
1746345600,1630.52,1630.6,1615.0,1619.11,382.23117918,1440
1746360000,1619.12,1624.06,1612.68,1621.68,302.88650943,1513
1746374400,1621.54,1623.78,1615.15,1618.97,414.21054812,1840
1746388800,1618.97,1631.08,1595.0,1598.0,541.81000697,1431
1746403200,1597.92,1606.13,1572.3,1583.39,628.73934542,880
1746417600,1583.39,1615.93,1581.55,1613.77,442.4061554,1368
1746432000,1613.77,1617.59,1586.95,1592.93,1021.59443136,2356
1746446400,1591.83,1602.01,1580.36,1592.29,1005.49704097,2261
1746460800,1592.24,1617.59,1592.24,1604.94,846.00843657,1965
1746475200,1605.72,1620.0,1591.81,1609.28,591.6297936,1356
1746489600,1609.42,1613.32,1586.83,1596.64,175.96186278,772
1746504000,1596.64,1598.24,1588.68,1592.41,286.95953825,1260
1746518400,1592.41,1592.79,1553.21,1563.33,1095.96760337,2324
1746532800,1563.31,1568.85,1544.9,1561.32,751.54686743,1947
1746547200,1561.43,1582.31,1553.55,1570.54,540.44180498,1820
1746561600,1570.55,1603.75,1553.32,1601.2,567.99141284,1583
1746576000,1602.44,1630.83,1599.77,1609.29,425.28703186,1045
1746590400,1609.54,1618.76,1606.46,1618.12,308.82437833,1241
1746604800,1617.76,1624.5,1612.16,1615.85,1029.82156593,1745
1746619200,1616.2,1617.88,1599.58,1602.37,998.90220084,2034
1746633600,1602.37,1602.77,1575.4,1589.7,935.9106181,2142
1746648000,1588.7,1613.64,1583.84,1602.02,313.18763115,1262
1746662400,1602.24,1680.79,1599.48,1679.32,650.42553594,1277
1746676800,1678.17,1720.0,1672.53,1707.51,1284.28387809,1671
1746691200,1707.51,1742.31,1705.07,1733.09,1771.7154994,2294
1746705600,1732.96,1840.32,1727.57,1823.67,5589.58131104,3830
1746720000,1823.63,1904.25,1813.53,1885.81,4359.04136891,3370
1746734400,1887.08,1979.22,1881.25,1965.0,6116.09570326,3730
1746748800,1965.0,1996.71,1945.93,1963.65,599.45635651,1258
1746763200,1963.06,2127.0,1960.71,2102.35,2871.52523411,3904
1746777600,2102.1,2211.0,2035.73,2087.58,5994.32954616,6817
1746792000,2087.58,2120.31,2014.47,2042.01,3074.9137824,4104
1746806400,2042.01,2090.16,2020.01,2071.08,1482.78505424,2763
1746820800,2070.86,2089.27,2064.67,2082.93,1110.33768324,1656
1746835200,2083.58,2112.0,2060.6,2079.3,455.23800716,968
1746849600,2078.66,2145.64,2068.62,2130.87,818.35592833,2591
1746864000,2130.88,2163.0,2101.02,2117.92,2270.82880069,3466
1746878400,2117.92,2175.04,2117.92,2162.49,1400.70353803,2516
1746892800,2161.49,2229.18,2160.0,2219.67,4216.17366223,4351
1746907200,2219.63,2306.74,2195.0,2294.72,2495.85899851,3248
1746921600,2294.14,2314.99,2224.2,2253.92,1137.92838492,1619
1746936000,2253.65,2273.49,2180.14,2197.41,2211.45017825,2823
1746950400,2197.41,2250.9,2196.78,2250.23,1464.19348148,2355
1746964800,2247.94,2249.14,2165.44,2188.45,1094.02384866,2674
1746979200,2188.45,2245.1,2168.8,2230.31,1349.63435023,3056
1746993600,2230.31,2253.16,2214.64,2235.5,890.52483404,1969
1747008000,2239.45,2265.0,2219.88,2243.27,496.41628648,1107
1747022400,2243.21,2354.0,2214.62,2297.11,3141.69644584,4896
1747036800,2297.72,2319.0,2270.68,2275.74,3106.76100759,3444
1747051200,2275.74,2317.14,2231.19,2238.86,3196.12430193,3662
1747065600,2239.53,2266.21,2171.19,2217.85,2025.23579405,3265
1747080000,2217.53,2252.1,2210.17,2248.18,534.66421136,1821
1747094400,2248.15,2248.15,2176.91,2181.69,373.23421438,1033
1747108800,2181.69,2232.35,2178.44,2213.16,480.74921212,1810
1747123200,2213.26,2269.89,2207.87,2262.17,1874.99816348,3121
1747137600,2262.07,2303.0,2243.17,2295.97,2141.53344297,3298
1747152000,2296.78,2446.08,2291.07,2404.27,5802.83074649,5559
1747166400,2405.0,2418.18,2375.0,2396.24,2273.99368034,3467
1747180800,2395.96,2433.09,2344.26,2364.82,582.28816647,1879
1747195200,2364.38,2400.98,2356.01,2356.01,2760.21667625,2521
1747209600,2356.02,2359.06,2296.61,2341.38,4186.24122417,3565
1747224000,2341.17,2349.0,2285.0,2317.59,1959.31595404,3026
1747238400,2317.99,2339.52,2275.34,2331.08,2179.88268368,2883
1747252800,2331.08,2338.09,2310.95,2333.53,848.06823251,1840
1747267200,2333.71,2364.48,2294.72,2299.89,225.99196032,1417
1747281600,2299.91,2320.0,2247.25,2260.36,2127.02707452,2499
1747296000,2260.37,2292.66,2247.92,2284.9,1931.83341102,2882
1747310400,2285.49,2301.99,2217.27,2294.29,1727.23374151,3818
1747324800,2294.29,2329.83,2248.04,2261.42,1154.70678005,3239
1747339200,2263.64,2291.16,2247.01,2277.25,1635.25349216,2152
1747353600,2277.81,2306.86,2262.43,2304.78,386.44346303,1041
1747368000,2304.79,2336.0,2291.49,2321.68,772.49889642,1694
1747382400,2321.43,2362.45,2285.94,2341.61,1295.58372784,3326
1747396800,2341.58,2342.69,2307.6,2328.51,932.62272372,2833
1747411200,2328.51,2334.62,2308.16,2323.5,1767.92739492,2268
1747425600,2323.5,2323.5,2266.37,2272.08,3525.75912128,2025
1747440000,2272.08,2272.08,2197.33,2237.14,944.89239952,1931
1747454400,2237.14,2250.0,2218.28,2232.5,417.6213045,1394
1747468800,2232.76,2235.83,2209.5,2222.35,1786.45480808,1689
1747483200,2222.64,2227.02,2189.7,2215.36,864.82714378,2211
1747497600,2215.36,2227.97,2194.41,2211.53,445.81410801,1900
1747512000,2211.56,2233.62,2200.0,2217.28,696.38433112,1439
1747526400,2217.28,2228.02,2211.9,2218.08,75.0640936,725
1747540800,2218.08,2251.71,2218.07,2247.19,280.83642004,1155
1747555200,2247.19,2264.28,2237.82,2240.32,1082.28716975,1776
1747569600,2240.32,2315.68,2228.52,2308.67,618.51335304,2432
1747584000,2308.25,2313.17,2152.0,2156.4,2853.41744714,4044
1747598400,2156.4,2243.67,2067.36,2233.07,2245.67311512,3630
1747612800,2230.44,2243.78,2127.66,2134.91,498.83441891,1299
1747627200,2132.64,2150.24,2096.44,2139.01,935.37493162,1910
1747641600,2139.02,2154.21,2121.75,2145.37,851.10783176,2628
1747656000,2145.37,2197.58,2118.28,2197.58,954.48988509,3067
1747670400,2197.0,2266.0,2183.36,2241.71,1903.53838757,2500
1747684800,2240.5,2254.95,2218.0,2250.39,906.93898301,1356
1747699200,2250.92,2301.0,2236.95,2271.42,484.03005121,878
1747713600,2270.25,2291.37,2238.83,2246.22,895.24323109,1329
1747728000,2246.22,2257.62,2218.02,2236.55,2194.23731636,2314
1747742400,2236.43,2236.92,2191.01,2206.13,1442.77561365,2878
1747756800,2206.14,2226.26,2168.66,2218.16,3266.78942665,3137
1747771200,2218.17,2249.99,2203.75,2236.04,674.91406938,1947
1747785600,2236.49,2256.5,2222.0,2246.65,223.57193117,1061
1747800000,2245.61,2304.73,2240.01,2253.76,1423.51002995,2025
1747814400,2253.76,2262.98,2217.13,2242.37,1580.97146844,2618
1747828800,2242.38,2276.66,2228.87,2263.94,1611.60390493,3071
1747843200,2263.83,2303.69,2163.78,2220.62,3155.80045903,5315
1747857600,2220.36,2290.99,2195.9,2250.06,1004.45120184,2350
1747872000,2250.83,2332.5,2246.46,2320.2,1046.16465859,2215
1747886400,2318.02,2333.94,2291.42,2325.59,1544.82047508,2665
1747900800,2325.91,2380.0,2321.35,2342.96,3691.83110516,4175
1747915200,2342.97,2374.06,2320.18,2361.14,1956.68007169,4339
1747929600,2361.1,2373.15,2327.0,2333.26,2992.7459144,4084
1747944000,2334.92,2360.0,2329.26,2360.0,988.77504328,2241
1747958400,2359.83,2412.76,2341.14,2405.1,1104.08100475,2397
1747972800,2405.1,2406.92,2338.29,2341.01,969.98873955,2505
1747987200,2341.01,2367.95,2253.65,2265.56,2033.61999786,5249
1748001600,2267.34,2289.92,2212.0,2263.62,5279.99469893,6754
1748016000,2264.15,2278.46,2245.01,2253.68,865.90304721,4802
1748030400,2254.98,2255.05,2203.6,2224.47,938.83658827,3619
1748044800,2224.47,2249.15,2214.82,2245.13,252.37450719,802
1748059200,2245.44,2256.61,2233.21,2242.91,488.21716332,1032
1748073600,2242.99,2266.17,2241.65,2255.37,394.93167282,1360
1748088000,2256.09,2257.47,2240.0,2250.25,401.59742321,1663
1748102400,2250.03,2259.88,2241.83,2247.73,219.82303714,1482
1748116800,2247.73,2250.85,2218.84,2227.94,559.3409428,1533
1748131200,2228.14,2235.53,2182.93,2213.66,569.90238546,1202
1748145600,2213.66,2217.95,2191.0,2195.99,678.2623301,2807
1748160000,2196.0,2202.65,2169.05,2198.59,1116.24889102,3618
1748174400,2198.6,2222.93,2184.33,2212.03,1538.01244826,3480
1748188800,2212.04,2231.13,2198.35,2224.68,515.78204337,3115
1748203200,2224.69,2246.55,2208.07,2243.93,658.60198709,2995
1748217600,2243.94,2260.0,2229.97,2244.41,372.75751536,2486
1748232000,2244.41,2279.89,2242.84,2266.89,909.02010285,1803
1748246400,2266.94,2268.23,2246.81,2255.91,1284.38274362,2148
1748260800,2255.91,2263.31,2232.02,2255.49,1878.28692438,2205
1748275200,2255.68,2261.85,2221.99,2233.2,703.35520175,2427
1748289600,2233.21,2268.0,2228.77,2252.05,414.96406834,1837
1748304000,2251.81,2258.45,2203.88,2239.22,414.27113299,1661
1748318400,2238.3,2308.25,2237.98,2298.54,1263.22852463,2161
1748332800,2298.54,2336.75,2298.53,2336.51,2707.79966513,3317
1748347200,2336.51,2360.0,2320.14,2355.13,2598.43398338,4298
1748361600,2356.59,2392.4,2347.94,2368.33,1740.90454236,3683
1748376000,2370.84,2377.7,2340.11,2347.48,755.06292335,2213
1748390400,2347.2,2347.41,2315.01,2341.38,1038.9322613,1908
1748404800,2341.39,2345.85,2321.27,2328.48,1358.74665687,2345
1748419200,2328.49,2348.23,2302.01,2347.09,1140.89003817,3249
1748433600,2347.09,2378.82,2315.0,2328.23,2722.56032112,4221
1748448000,2328.48,2358.85,2318.75,2321.4,767.80516659,2577
1748462400,2319.02,2387.37,2314.0,2387.37,929.12341173,2048
1748476800,2387.37,2475.37,2377.07,2456.52,1957.38045441,2810
1748491200,2456.41,2459.84,2404.26,2421.56,1551.65369823,2284
1748505600,2422.6,2432.27,2404.0,2410.0,2089.37469978,2855
1748520000,2410.0,2410.0,2309.81,2326.0,2322.41504484,3577
1748534400,2326.66,2348.38,2312.46,2331.85,1465.62440433,2085
1748548800,2332.61,2347.25,2302.8,2313.33,898.05833905,2782
1748563200,2313.34,2326.72,2252.32,2319.11,758.54717828,3666
1748577600,2319.18,2333.96,2298.3,2310.59,943.85283118,3674
1748592000,2310.59,2319.68,2286.63,2312.8,1441.164855,4329
1748606400,2312.81,2316.67,2274.18,2291.54,1562.41781956,4724
1748620800,2291.55,2295.29,2236.44,2268.11,950.01569034,4199
1748635200,2268.82,2280.98,2211.01,2232.6,1912.30295788,3848
1748649600,2232.6,2238.55,2180.65,2215.84,673.64612797,3198
1748664000,2215.85,2228.42,2209.2,2224.03,313.55273101,2888
1748678400,2224.03,2239.9,2213.92,2223.55,693.00922546,3456
1748692800,2223.55,2249.77,2220.15,2237.75,600.59651889,3512
1748707200,2237.76,2248.05,2225.27,2239.44,273.86901661,3176
1748721600,2239.38,2249.3,2228.02,2230.42,213.84836686,2692
1748736000,2230.43,2232.06,2200.03,2216.96,356.93748539,2234
1748750400,2216.82,2229.18,2211.63,2213.9,222.00393723,2409
1748764800,2213.89,2214.93,2185.72,2203.08,625.41288129,3290
1748779200,2203.33,2227.64,2180.0,2225.78,737.29336223,3442
1748793600,2225.95,2246.85,2201.6,2227.83,679.53513119,3108
1748808000,2227.83,2243.99,2221.9,2238.37,347.76113629,2637
1748822400,2238.38,2238.38,2190.01,2199.51,1104.60091975,2383
1748836800,2199.51,2203.69,2185.18,2194.93,665.59845505,3065
1748851200,2194.94,2204.82,2166.13,2175.3,1821.07471573,3942
1748865600,2175.31,2235.0,2171.98,2227.51,1393.76158291,3745
1748880000,2227.52,2245.0,2209.33,2214.63,1071.08719339,3294
1748894400,2214.24,2284.59,2214.24,2277.76,1192.45792232,1754
1748908800,2278.0,2318.0,2270.03,2281.56,767.11463408,965
1748923200,2281.6,2295.56,2268.53,2287.87,858.83188667,1383
1748937600,2288.01,2298.11,2276.42,2286.59,1312.285845,2103
1748952000,2285.26,2331.54,2282.59,2309.06,2033.74790738,2621
1748966400,2308.9,2312.59,2291.1,2310.69,1229.51037026,2253
1748980800,2310.58,2310.58,2264.73,2278.86,1113.20493358,1759
1748995200,2279.15,2322.57,2271.06,2312.66,502.64334949,843
1749009600,2312.67,2325.88,2305.04,2307.76,368.75945135,1138
1749024000,2307.76,2328.59,2307.76,2308.47,969.17978798,2024
1749038400,2308.51,2345.0,2272.91,2336.32,1942.41659956,2999
1749052800,2336.32,2338.37,2297.97,2300.67,1067.60118144,2093
1749067200,2300.67,2300.89,2277.03,2284.43,900.6746002,1676
1749081600,2284.44,2305.07,2279.13,2300.84,321.86459903,642
1749096000,2300.85,2309.22,2281.0,2282.42,2334.00308975,1471
1749110400,2282.67,2289.33,2261.82,2283.8,868.651264,2088
1749124800,2283.84,2312.0,2236.38,2264.46,3371.7848733401,4156
1749139200,2265.23,2267.22,2194.02,2211.51,2145.57917377,3003
1749153600,2211.83,2215.65,2091.55,2110.14,3412.78039983,4172
1749168000,2110.14,2148.77,2082.09,2148.53,662.2175989,1247
1749182400,2148.54,2160.17,2141.49,2150.0,991.95502175,1661
1749196800,2150.0,2184.05,2149.72,2170.26,2085.86088651,2399
1749211200,2170.59,2223.97,2168.62,2204.0,1015.58886272,2548
1749225600,2204.0,2211.37,2181.16,2181.16,728.2191673,2589
1749240000,2181.88,2201.76,2172.64,2174.74,235.29586483,1764
1749254400,2174.81,2189.57,2159.43,2185.45,204.89813851,1187
1749268800,2185.16,2195.21,2178.94,2187.09,2293.33499637,1216
1749283200,2187.52,2195.05,2179.74,2191.24,337.78102459,2049
1749297600,2190.78,2215.44,2190.0,2211.6,705.83867224,1975
1749312000,2211.63,2216.59,2201.81,2209.3,484.20738749,1305
1749326400,2209.3,2232.58,2209.3,2216.23,488.20325769,1331
1749340800,2216.46,2217.24,2203.0,2205.41,391.19238402,778
1749355200,2205.1,2210.0,2202.98,2208.04,1984.99463366,1040
1749369600,2208.21,2212.75,2189.8,2207.34,916.96292503,1770
1749384000,2207.06,2218.17,2196.05,2206.27,359.58670928,2208
1749398400,2206.28,2229.73,2205.98,2223.19,450.32194398,2220
1749412800,2223.19,2235.0,2193.08,2201.52,945.89515609,1979
1749427200,2201.39,2203.39,2175.62,2188.89,343.2244819,1034
1749441600,2188.9,2188.9,2172.39,2182.45,395.44023332,1290
1749456000,2182.81,2233.21,2176.41,2226.85,1124.53627025,2783
1749470400,2226.43,2235.73,2202.89,2220.7,2865.4703854601,2897
1749484800,2220.7,2267.55,2219.84,2260.05,3046.32416337,3048
1749499200,2260.05,2357.7,2255.32,2346.1,2042.42091228,2682
1749513600,2346.23,2383.21,2345.0,2358.39,932.85551118,1769
1749528000,2358.53,2367.0,2329.08,2351.64,927.11113231,2676
1749542400,2351.64,2448.45,2343.06,2427.95,2720.86328187,4800
1749556800,2428.1,2430.15,2357.46,2392.54,3383.01643938,4721
1749571200,2392.73,2453.5,2390.0,2428.18,1762.9836905,3348
1749585600,2426.85,2471.29,2392.91,2461.39,4223.816955,3474
1749600000,2461.59,2476.92,2428.07,2444.3,400.40143425,1233
1749614400,2444.8,2453.87,2435.88,2445.51,441.03920704,1595
1749628800,2445.51,2445.52,2408.07,2423.57,1572.86117097,2644
1749643200,2423.57,2504.97,2416.38,2493.0,4283.47461906,5225
1749657600,2493.0,2501.16,2437.9,2449.6,1664.67552597,3961
1749672000,2449.6,2463.9,2387.5,2409.55,1573.41916366,2546
1749686400,2409.55,2419.63,2385.59,2402.07,616.4447933,1126
1749700800,2401.58,2409.29,2374.0,2378.77,1696.16815066,1784
1749715200,2378.08,2392.09,2342.13,2356.06,1532.98862923,2807
1749729600,2356.07,2396.03,2339.65,2351.08,2229.01655702,3468
1749744000,2350.32,2395.0,2326.18,2329.63,1058.51427216,2954
1749758400,2329.62,2334.08,2261.82,2280.01,2962.4573575,3995
1749772800,2280.01,2280.12,2115.35,2183.42,3758.87203722,4683
1749787200,2181.62,2202.6,2162.59,2191.88,1502.83628888,3383
1749801600,2191.97,2214.49,2176.55,2214.16,1405.15880257,3831
1749816000,2214.42,2227.87,2173.22,2209.4,1905.39206744,4519
1749830400,2210.52,2237.38,2177.2,2190.7,1251.5339184,2697
1749844800,2189.97,2238.32,2189.97,2234.75,759.92782713,2160
1749859200,2234.71,2234.71,2208.1,2209.26,808.5532439,966
1749873600,2209.26,2216.2,2192.0,2199.79,377.69312718,969
1749888000,2199.71,2201.47,2184.57,2201.07,727.09655199,1596
1749902400,2201.07,2206.07,2170.99,2185.0,838.19923878,1639
1749916800,2185.0,2189.86,2157.44,2173.84,614.93667877,1690
1749931200,2172.85,2199.65,2165.02,2192.82,655.44199115,1759
1749945600,2192.82,2201.4,2189.51,2193.48,437.75646639,720
1749960000,2192.61,2211.6,2187.63,2191.76,1577.57412225,1114
1749974400,2191.76,2192.55,2173.84,2178.69,843.83994965,1303
1749988800,2178.99,2211.7,2178.99,2200.37,999.05169052,1677
1750003200,2200.63,2214.42,2191.6,2195.99,752.3344241,1870
1750017600,2196.03,2209.0,2159.42,2207.82,1762.39549301,2167
1750032000,2207.82,2233.97,2180.0,2228.52,780.15921299,1047
1750046400,2228.52,2279.75,2226.42,2269.12,1657.00731351,1685
1750060800,2269.12,2274.0,2240.0,2261.83,1576.84944979,3267
1750075200,2261.83,2289.4,2250.09,2274.02,1362.67715616,5245
1750089600,2274.02,2309.13,2270.63,2302.22,881.59380365,2570
1750104000,2302.47,2318.0,2197.03,2201.81,3002.33572016,2448
1750118400,2203.11,2264.32,2186.85,2253.86,1029.38044671,923
1750132800,2253.86,2256.74,2225.0,2235.01,3062.09083262,1364
1750147200,2235.0,2237.42,2197.75,2207.31,1563.79240297,2984
1750161600,2207.4,2221.63,2155.11,2167.0,2136.11588577,3423
1750176000,2167.0,2213.79,2132.95,2202.45,3906.74970181,4802
1750190400,2201.84,2207.64,2170.45,2185.41,3276.47241871,1988
1750204800,2185.41,2206.16,2181.73,2198.58,196.03552514,1078
1750219200,2198.55,2211.58,2187.0,2199.83,733.8453446,1466
1750233600,2199.99,2211.99,2165.89,2184.4,1517.08571534,2191
1750248000,2184.4,2206.93,2147.76,2179.07,3574.92141163,3195
1750262400,2179.05,2186.7,2147.76,2172.06,562.33388837,3015
1750276800,2172.64,2209.36,2165.01,2201.05,971.08696993,2133
1750291200,2200.72,2218.0,2187.56,2202.59,265.36908464,1060
1750305600,2202.59,2207.61,2195.0,2197.66,396.05540961,984
1750320000,2197.66,2217.41,2197.66,2205.93,568.67973649,1712
1750334400,2205.93,2210.67,2173.17,2175.77,750.03288148,2135
1750348800,2175.78,2198.68,2170.0,2178.76,490.23858851,2070
1750363200,2178.76,2200.72,2176.97,2189.29,570.00288169,1462
1750377600,2189.4,2197.66,2181.31,2184.04,87.73216176,814
1750392000,2184.05,2214.48,2173.3,2212.55,806.1412028,1723
1750406400,2212.55,2231.08,2208.06,2213.58,675.86167372,2402
1750420800,2213.44,2222.7,2160.58,2164.79,3144.45638768,3171
1750435200,2165.03,2166.42,2050.0,2100.0,5618.83491832,4434
1750449600,2097.43,2116.95,2069.61,2089.17,576.55714096,2333
1750464000,2089.3,2111.95,2081.21,2108.31,268.29391083,920
1750478400,2107.62,2108.71,2100.97,2107.51,140.43092287,1190
1750492800,2107.52,2200.61,2105.0,2121.69,3252.22518399,1755
1750507200,2121.48,2123.69,2096.36,2104.82,447.73398123,1821
1750521600,2105.21,2108.15,2068.75,2070.96,871.35771199,1677
1750536000,2070.47,2090.0,1925.41,1994.34,5742.842505,4680
1750550400,1994.69,2009.94,1951.58,1966.91,1502.02109093,1346
1750564800,1967.24,1996.02,1965.0,1972.15,661.633815,1313
1750579200,1972.84,1979.97,1942.96,1972.51,1044.29068583,1949
1750593600,1972.51,1984.98,1870.97,1885.75,4026.80827096,4440
1750608000,1885.96,1924.79,1884.58,1895.81,1276.16691048,2508
1750622400,1896.33,1945.94,1839.18,1937.65,3044.63023427,2961
1750636800,1936.77,1965.99,1932.58,1943.06,479.43600046,742
1750651200,1944.25,1977.48,1938.57,1965.11,2247.35707638,1767
1750665600,1964.7,1978.55,1951.71,1963.55,3503.23607682,2375
1750680000,1963.37,2011.53,1948.0,1951.01,2472.47863536,3796
1750694400,1951.01,2009.0,1901.28,2000.55,3043.43175273,4545
1750708800,1999.06,2103.0,1992.68,2080.22,5564.7684197,6302
1750723200,2081.92,2087.32,2063.4,2069.0,1121.59213328,1047
1750737600,2068.97,2098.93,2064.96,2066.35,1611.1893173,1888
1750752000,2066.35,2109.0,2052.15,2077.4,1833.07322687,3161
1750766400,2077.4,2112.05,2072.97,2101.03,1246.39576698,3632
1750780800,2101.88,2135.62,2082.66,2097.08,2529.8921055,3895
1750795200,2097.87,2111.8,2095.22,2107.74,381.69819304,2142
1750809600,2109.58,2123.75,2100.0,2106.05,115.85792898,985
1750824000,2106.39,2112.05,2089.24,2108.94,331.80666422,1635
1750838400,2108.78,2110.01,2078.91,2095.16,1291.14575406,2836
1750852800,2095.16,2108.4,2061.27,2072.0,1594.33441868,3361
1750867200,2071.75,2092.1,2066.0,2086.99,1964.52018043,2341
1750881600,2087.0,2106.37,2065.45,2071.53,534.77757353,1553
1750896000,2071.52,2154.26,2070.01,2129.53,1124.74854196,2027
1750910400,2129.53,2137.16,2113.95,2128.98,782.61804515,1389
1750924800,2127.79,2134.03,2087.43,2095.33,948.84719765,1980
1750939200,2095.33,2098.84,2060.11,2078.37,1807.02089839,2663
1750953600,2078.37,2085.99,2061.13,2080.83,667.65406436,2673
1750968000,2081.18,2100.0,2047.37,2066.94,701.68550265,1885
1750982400,2066.95,2093.79,2036.98,2092.13,537.08297583,1172
1750996800,2092.14,2099.23,2082.24,2085.76,511.37147148,1365
1751011200,2086.04,2103.96,2079.4,2088.73,768.01737826,1891
1751025600,2090.5,2097.04,2062.18,2081.38,1076.75587244,2598
1751040000,2081.8,2090.0,2044.86,2062.94,838.22037637,2088
1751054400,2062.2,2074.05,2061.39,2070.01,346.7828994,2613
1751068800,2070.01,2070.58,2056.06,2068.08,71.18583346,843
1751083200,2067.83,2079.52,2065.3,2077.08,190.68883433,1178
1751097600,2077.08,2077.29,2067.42,2073.91,253.66113187,1325
1751112000,2073.92,2084.16,2068.01,2080.26,227.29290501,1502
1751126400,2080.26,2090.64,2077.41,2077.41,366.10746912,1609
1751140800,2077.42,2085.37,2073.59,2080.38,204.61158568,1564
1751155200,2080.08,2085.57,2071.13,2073.62,68.97253036,741
1751169600,2073.36,2083.78,2072.91,2083.33,118.73332857,817
1751184000,2083.97,2101.63,2081.57,2101.5,346.90094289,1320
1751198400,2101.35,2101.85,2077.91,2080.55,503.53610984,1320
1751212800,2080.56,2085.0,2075.83,2080.24,422.27531922,2781
1751227200,2080.25,2151.61,2060.0,2132.51,1795.19054311,2501
1751241600,2132.78,2151.82,2130.6,2134.63,449.2556476,846
1751256000,2134.61,2138.75,2094.97,2116.06,1028.13998631,2152
1751270400,2115.88,2120.9,2089.91,2098.39,728.62990056,1784
1751284800,2098.4,2114.06,2075.06,2103.08,2047.92627482,2748
1751299200,2103.24,2137.0,2095.42,2136.44,1961.24421182,2086
1751313600,2135.93,2140.0,2108.44,2110.05,1221.3059526,1430
1751328000,2110.05,2120.0,2099.67,2108.83,661.41191722,1074
1751342400,2109.02,2109.02,2077.49,2092.42,496.6379957,1551
1751356800,2092.73,2092.9,2068.8,2073.97,1205.65391487,2975
1751371200,2073.97,2084.39,2045.0,2059.14,1220.9251266,2758
1751385600,2059.04,2067.17,2040.0,2040.0,705.61185757,2426
1751400000,2040.01,2049.32,2023.42,2037.58,2710.16606666,2118
1751414400,2037.48,2061.43,2010.88,2059.9,494.27015083,1139
1751428800,2059.9,2084.39,2056.57,2079.61,393.31826298,1800
1751443200,2079.61,2090.55,2076.59,2082.63,764.28568492,2157
1751457600,2082.25,2124.99,2069.61,2121.47,1499.11409702,2701
1751472000,2121.01,2208.45,2118.22,2207.41,5115.5460851701,5827
1751486400,2207.58,2218.37,2177.07,2179.02,1672.17269205,2242
1751500800,2179.02,2190.86,2168.25,2172.99,2163.10825567,1314
1751515200,2172.82,2207.19,2172.26,2203.71,1028.93301464,1511
1751529600,2203.71,2220.0,2192.57,2205.63,3420.97312948,3033
1751544000,2205.64,2240.0,2180.44,2187.43,2500.91868536,5233
1751558400,2187.43,2208.32,2185.4,2202.07,535.58102804,2017
1751572800,2202.07,2215.0,2199.59,2203.04,1405.14014019,1615
1751587200,2203.04,2212.19,2188.29,2191.87,517.5232852,1480
1751601600,2191.6,2196.41,2150.99,2154.75,721.04638079,2180
1751616000,2154.75,2173.82,2148.24,2166.32,876.24643687,2268
1751630400,2166.33,2172.73,2123.03,2124.54,891.79566926,2774
1751644800,2124.6,2126.69,2102.75,2109.01,956.8076799,2428
1751659200,2109.01,2142.14,2108.59,2131.52,315.49636701,1715
1751673600,2131.63,2145.26,2125.62,2140.29,108.84204223,663
1751688000,2140.15,2149.44,2135.54,2143.09,180.08558397,944
1751702400,2143.09,2145.47,2132.16,2140.23,281.05780661,1484
1751716800,2139.96,2143.3,2130.13,2131.84,214.95329898,1447
1751731200,2131.96,2135.81,2115.71,2129.79,316.90612838,1785
1751745600,2129.8,2143.77,2123.63,2139.18,121.07854812,1329
1751760000,2139.18,2142.39,2133.16,2137.26,83.69302481,827
1751774400,2137.26,2145.57,2132.47,2140.01,102.41328638,947
1751788800,2140.01,2140.55,2128.4,2137.78,416.04891385,1408
1751803200,2137.69,2182.28,2134.67,2172.78,649.48582745,2425
1751817600,2173.22,2175.22,2144.97,2158.45,416.62782623,1542
1751832000,2158.45,2210.0,2157.54,2182.59,1775.6022566,2321
1751846400,2182.43,2199.39,2167.14,2190.26,182.42086186,929
1751860800,2190.34,2195.44,2178.08,2195.3,282.11426344,1611
1751875200,2195.3,2206.16,2178.28,2186.18,969.53295296,2791
1751889600,2186.43,2190.15,2157.14,2159.84,1273.77833616,2978
1751904000,2159.99,2181.57,2143.98,2171.6,873.76052129,2801
1751918400,2172.13,2173.67,2157.7,2165.45,1456.88703451,1812
1751932800,2165.42,2174.95,2150.0,2161.24,772.56951335,1134
1751947200,2160.7,2184.28,2156.53,2171.34,243.52966247,1356
1751961600,2171.35,2203.45,2166.0,2196.83,945.48449032,2291
1751976000,2197.01,2220.0,2188.41,2191.56,1123.09181202,2619
1751990400,2191.44,2241.13,2187.19,2228.69,2067.5207469,3090
1752004800,2227.91,2232.8,2217.25,2231.7,592.26719768,1792
1752019200,2231.71,2239.64,2213.79,2214.99,248.22485585,1095
1752033600,2214.99,2258.28,2214.89,2242.87,905.79833001,1915
1752048000,2242.69,2249.0,2224.6,2247.12,1566.74739717,2174
1752062400,2247.12,2285.0,2244.85,2269.55,2964.98999253,3550
1752076800,2269.91,2383.84,2265.7,2357.46,3855.02197376,4459
1752091200,2358.11,2374.6,2330.95,2359.77,3073.80116228,3170
1752105600,2360.36,2382.5,2348.28,2365.75,4133.24302854,1337
1752120000,2365.75,2405.93,2358.35,2379.77,2626.16148166,2186
1752134400,2379.77,2385.47,2365.1,2372.73,1152.82552442,2611
1752148800,2372.73,2390.62,2365.1,2370.69,5661.17201062,3311
1752163200,2371.2,2429.26,2371.02,2407.93,5298.74178655,4893
1752177600,2407.91,2557.56,2406.09,2516.5,7697.2502038001,10385
1752192000,2515.35,2543.2,2490.0,2541.18,582.25598,2486
1752206400,2540.59,2586.4,2525.05,2536.1,3190.82668079,5464
1752220800,2535.91,2592.96,2530.64,2546.9,2483.53122831,8495
1752235200,2546.91,2569.48,2510.76,2518.2,2375.19515637,7173
1752249600,2518.72,2569.5,2508.32,2567.03,1372.50042174,5694
1752264000,2567.04,2568.0,2490.0,2518.1,1081.70533997,4513
1752278400,2518.29,2527.86,2499.69,2524.89,301.21584964,2199
1752292800,2524.89,2530.64,2504.5,2521.29,376.73654172,2221
1752307200,2521.22,2535.03,2516.72,2519.93,453.43035125,2730
1752321600,2520.0,2523.09,2473.48,2481.49,2598.96010257,5030
1752336000,2481.49,2502.73,2478.08,2498.1,506.24233681,2484
1752350400,2498.1,2504.58,2480.0,2502.94,233.75967783,2084
1752364800,2503.81,2516.78,2500.01,2511.19,76.50471306,1228
1752379200,2510.65,2523.87,2508.73,2518.65,328.50213834,1470
1752393600,2518.65,2522.15,2507.78,2519.94,519.55370942,2775
1752408000,2519.95,2562.02,2515.92,2541.8,901.52594883,4916
1752422400,2541.8,2554.48,2514.35,2541.53,1556.84654128,3578
1752436800,2541.53,2554.16,2508.0,2536.69,410.35534808,3074
1752451200,2536.62,2599.0,2527.69,2586.9,637.65450738,2726
1752465600,2586.91,2610.46,2567.92,2580.74,2109.91702528,5874
1752480000,2581.63,2630.0,2566.23,2609.83,4649.9289379601,11305
1752494400,2608.93,2623.93,2561.0,2577.86,2209.88919555,10588
1752508800,2576.25,2594.67,2553.22,2567.14,902.42972937,3993
1752523200,2567.33,2581.78,2553.23,2581.09,654.29388252,2862
1752537600,2581.09,2585.51,2510.73,2526.53,862.72207631,3681
1752552000,2526.53,2562.93,2511.71,2546.18,975.90090984,3048
1752566400,2546.18,2556.27,2531.75,2553.77,1045.6805948,3306
1752580800,2553.9,2632.96,2544.65,2615.29,2171.58267449,7949
1752595200,2615.71,2669.46,2612.08,2619.83,3054.50811403,7701
1752609600,2620.46,2706.49,2612.42,2703.57,3049.45117519,4542
1752624000,2703.19,2711.86,2671.84,2682.48,1283.28126986,2648
1752638400,2682.95,2732.86,2670.95,2722.41,3163.20796491,4056
1752652800,2722.41,2729.64,2707.07,2714.83,1546.8069906,3691
1752667200,2714.84,2821.03,2713.66,2789.63,5679.80301341,10416
1752681600,2790.15,2905.68,2778.62,2905.68,8110.1090168401,11221
1752696000,2905.69,2938.02,2870.77,2901.25,3560.01593532,8032
1752710400,2897.64,2921.19,2847.84,2866.3,1021.47051779,4203
1752724800,2866.19,2989.82,2859.07,2975.2,5155.2337985201,6185
1752739200,2975.2,3000.0,2953.73,2965.91,5256.20769623,6667
1752753600,2965.74,2970.91,2901.08,2950.27,3355.4080306,7297
1752768000,2949.95,2978.38,2905.0,2940.06,3467.13927321,6032
1752782400,2942.69,3028.68,2908.41,2990.66,8369.06180192,9343
1752796800,2990.66,3114.91,2977.05,3089.92,6230.2801270301,7283
1752811200,3089.93,3159.25,3076.65,3101.83,3575.967223,7982
1752825600,3101.29,3116.61,3078.78,3103.91,3531.49711381,6334
1752840000,3103.01,3150.49,3030.18,3061.01,3017.8360526,9334
1752854400,3060.8,3116.91,3047.28,3052.43,1543.98760861,6469
1752868800,3056.71,3080.54,2990.39,3050.24,4388.8847010901,6630
1752883200,3050.78,3093.34,3018.75,3089.83,196.3105359,2582
1752897600,3089.84,3101.1,3070.0,3072.6,453.18158373,2144
1752912000,3072.6,3078.32,3045.82,3055.95,629.60109944,3197
1752926400,3056.08,3070.16,3036.23,3054.63,562.59329877,3068
1752940800,3054.64,3078.1,3040.2,3076.04,658.3036919,2938
1752955200,3076.39,3094.6,3046.04,3089.87,699.37934987,2701
1752969600,3089.87,3174.07,3080.86,3145.08,1320.90195582,2986
1752984000,3145.08,3171.63,3126.6,3155.49,772.82963165,2681
1752998400,3155.5,3234.14,3155.46,3228.92,3582.43780438,5947
1753012800,3228.92,3256.51,3204.36,3252.73,2075.28118039,5197
1753027200,3252.73,3282.32,3204.36,3222.27,2617.00158279,7110
1753041600,3222.23,3238.49,3165.8,3231.63,3708.60117642,6367
1753056000,3229.67,3240.0,3188.18,3228.58,345.569733,2682
1753070400,3230.0,3277.62,3224.36,3250.44,2121.53880392,3986
1753084800,3250.84,3289.52,3227.62,3265.01,2959.20811347,6099
1753099200,3265.01,3310.0,3240.0,3256.71,3010.7813896,7212
1753113600,3256.79,3263.96,3183.33,3197.67,2272.15530203,7825
1753128000,3196.96,3232.75,3182.92,3218.47,1668.86961077,3421
1753142400,3218.48,3250.37,3167.57,3191.36,1297.21379505,4236
1753156800,3194.35,3194.35,3125.69,3147.07,4742.8179134,5254
1753171200,3147.5,3193.0,3091.81,3168.82,3966.74356873,6042
1753185600,3168.83,3176.32,3100.14,3165.0,3572.758799,5773
1753200000,3165.0,3194.98,3113.74,3124.28,2868.25918391,5374
1753214400,3125.19,3193.96,3117.84,3192.44,735.10878046,2686
1753228800,3191.41,3208.26,3165.07,3177.09,2110.68029809,2842
1753243200,3177.88,3185.55,3064.91,3129.39,3803.18447992,2986
1753257600,3129.08,3149.02,3105.53,3132.28,2639.7697586,3529
1753272000,3132.28,3139.02,3053.73,3102.26,3884.26119714,7016
1753286400,3104.01,3104.95,3022.35,3045.83,4224.70152817,5635
1753300800,3048.51,3085.36,2995.66,3082.47,2374.42767262,4692
1753315200,3083.14,3111.84,3071.77,3093.16,343.33299274,1341
1753329600,3093.43,3105.48,2985.0,3054.49,3322.77011308,5186
1753344000,3054.38,3115.0,3045.75,3111.29,3795.61147724,5109
1753358400,3111.29,3208.5,3070.39,3172.0,3038.52264139,6838
1753372800,3172.0,3191.98,3121.0,3178.83,1581.10541299,4904
1753387200,3177.94,3189.38,3147.64,3153.48,767.13367623,3378
1753401600,3154.55,3155.38,3045.28,3063.78,751.59403914,3957
1753416000,3062.91,3117.95,2888.0,3089.95,4099.21002961,5455
1753430400,3091.36,3195.5,3089.11,3176.4,1587.47364451,5750
1753444800,3176.41,3185.0,3073.62,3099.12,1875.59395869,6040
1753459200,3099.79,3115.18,3088.76,3102.93,562.53760423,2765
1753473600,3102.93,3174.55,3102.92,3171.28,902.24565082,2763
1753488000,3171.33,3203.98,3151.1,3185.62,681.21652926,2189
1753502400,3184.02,3198.13,3177.4,3187.3,402.37820597,1531
1753516800,3187.55,3218.53,3173.85,3184.83,1422.64502833,3281
1753531200,3185.46,3197.09,3167.37,3180.92,321.83006246,2244
1753545600,3181.93,3196.32,3160.9,3195.01,489.93572302,2217
1753560000,3195.01,3227.11,3180.77,3184.55,995.28729472,2381
1753574400,3184.55,3223.15,3179.0,3212.7,251.63727871,1335
1753588800,3213.8,3242.36,3205.76,3209.11,760.01525471,2326
1753603200,3209.12,3272.24,3195.6,3245.61,1985.63180618,3681
1753617600,3247.1,3264.32,3229.98,3250.01,774.37600445,2833
1753632000,3250.01,3291.0,3242.35,3256.94,3466.64842861,4344
1753646400,3256.94,3298.25,3247.55,3293.42,869.74019517,2757
1753660800,3294.26,3321.5,3271.32,3299.99,954.07402905,2564
1753675200,3300.0,3354.04,3291.45,3329.87,2460.1283716,4681
1753689600,3329.88,3340.46,3312.88,3329.91,1077.26615153,3659
1753704000,3329.91,3336.83,3240.51,3281.01,2290.29927604,6238
1753718400,3281.01,3294.09,3237.02,3275.46,2840.67617034,4730
1753732800,3275.52,3280.75,3249.85,3274.22,500.98958209,2739
1753747200,3274.3,3294.34,3220.0,3272.66,733.2345006,3337
1753761600,3272.66,3358.0,3260.25,3354.53,1111.34669952,3154
1753776000,3354.63,3359.5,3301.23,3312.5,1117.14028034,3976
1753790400,3312.5,3357.55,3250.0,3263.73,2595.87769555,5973
1753804800,3262.8,3284.43,3222.0,3259.19,1174.76532924,4432
1753819200,3260.55,3288.7,3237.07,3284.18,998.92209891,3098
1753833600,3284.08,3308.34,3250.0,3301.49,262.44257067,1876
1753848000,3301.48,3314.89,3279.95,3297.61,1585.11604545,2185
1753862400,3297.41,3308.57,3248.52,3258.06,1003.57911523,3725
1753876800,3259.01,3334.1,3253.04,3309.73,1014.66705432,4850
1753891200,3310.0,3325.0,3222.0,3292.89,1511.14464974,6325
1753905600,3291.98,3333.32,3280.83,3331.21,2319.95892886,2868
1753920000,3331.22,3382.79,3323.32,3378.14,986.48939249,2310
1753934400,3378.14,3382.8,3367.83,3372.74,851.57175063,1976
1753948800,3373.37,3381.41,3343.19,3349.0,1140.42631029,3128
1753963200,3349.0,3356.92,3289.04,3313.83,1443.00073345,4734
1753977600,3314.52,3340.33,3268.68,3276.54,965.6503926,4268
1753992000,3276.54,3290.67,3231.1,3239.62,1472.47941135,4179
1754006400,3239.63,3264.07,3167.08,3245.63,2405.24822171,6315
1754020800,3245.61,3245.62,3172.37,3197.27,1131.01105215,4179
1754035200,3196.57,3196.57,3140.0,3192.0,3462.39972736,5531
1754049600,3192.0,3211.17,3084.25,3129.42,2336.10294781,8011
1754064000,3129.42,3145.33,3036.55,3041.21,2195.55596108,6618
1754078400,3041.54,3066.76,2961.91,3012.58,3055.39401935,6704
1754092800,3012.15,3047.77,3003.53,3045.9,700.75967305,1966
1754107200,3047.67,3055.03,2987.58,3042.23,562.18080101,3152
1754121600,3041.94,3046.96,3002.26,3031.83,1984.9457176,3276
1754136000,3031.77,3039.0,2984.58,2989.1,798.0937436,3501
1754150400,2989.88,3006.9,2913.66,2925.0,1630.28733933,5980
1754164800,2925.01,2973.03,2911.0,2930.83,1464.41345665,4214
1754179200,2930.83,2980.79,2896.07,2976.65,469.45313613,2431
1754193600,2974.39,2989.79,2967.32,2987.82,496.28995296,1565
1754208000,2987.82,3040.69,2986.8,3016.19,1325.3773863,3601
1754222400,3016.53,3031.67,2990.0,3007.07,836.03644935,3005
1754236800,3007.38,3040.0,3000.05,3023.31,1123.41471827,2798
1754251200,3023.32,3040.0,3009.36,3020.76,559.30670511,2229
1754265600,3020.76,3089.0,3017.53,3074.59,550.26734792,2352
1754280000,3073.67,3079.45,3046.45,3072.61,1176.99035303,2260
1754294400,3073.87,3092.81,3066.03,3075.01,1085.18740909,3433
1754308800,3075.01,3167.0,3068.2,3156.11,2468.0850088,5166
1754323200,3155.89,3215.93,3155.2,3172.32,1449.11089054,4580
1754337600,3173.18,3226.0,3166.01,3213.48,780.85107199,2912
1754352000,3213.18,3213.19,3160.0,3160.33,373.42305721,1667
1754366400,3161.41,3184.77,3120.0,3129.74,911.32586594,2978
1754380800,3129.75,3199.66,3127.19,3183.05,1262.45223939,3542
1754395200,3183.06,3186.9,3073.24,3084.39,2540.91181695,6211
1754409600,3083.48,3119.51,3075.45,3086.4,1015.68498001,3755
1754424000,3086.71,3128.46,3063.17,3120.49,531.54177379,2898
1754438400,3119.7,3120.15,3082.59,3094.02,199.87283875,1491
1754452800,3094.25,3163.55,3083.13,3142.54,643.08352772,3076
1754467200,3143.11,3148.01,3111.12,3119.99,991.6209099,3207
1754481600,3119.99,3149.96,3078.78,3147.82,1242.40443329,4775
1754496000,3147.19,3171.63,3126.09,3159.99,1842.53679244,3540
1754510400,3160.0,3162.19,3135.3,3159.23,459.84879257,1998
1754524800,3159.23,3188.0,3133.4,3136.58,267.15164671,1873
1754539200,3136.24,3177.18,3135.43,3169.1,368.35510104,1926
1754553600,3169.11,3298.0,3169.11,3287.19,2150.98631454,5137
1754568000,3287.19,3317.4,3276.49,3297.55,2323.48015223,4914
1754582400,3297.55,3328.71,3250.47,3317.25,1098.78952001,4574
1754596800,3318.04,3362.78,3306.18,3349.86,1387.71651647,3738
1754611200,3349.47,3400.0,3325.96,3378.76,1953.48729547,4691
1754625600,3378.63,3378.63,3344.0,3360.22,3671.76472873,3032
1754640000,3360.22,3366.69,3338.22,3365.66,1602.32867258,3005
1754654400,3365.67,3442.0,3344.04,3390.84,3234.8618018,7608
1754668800,3390.95,3486.88,3390.66,3485.85,4105.8434469,6706
1754683200,3485.99,3492.49,3438.32,3439.85,1298.76024041,3224
1754697600,3439.9,3475.0,3438.18,3475.0,257.22547567,1196
1754712000,3475.0,3600.0,3474.0,3574.81,5364.38231617,7383
1754726400,3574.81,3636.89,3573.77,3589.85,4110.57536616,6052
1754740800,3589.86,3609.11,3555.0,3594.07,2259.36787673,5362
1754755200,3594.33,3654.85,3587.0,3643.29,2775.32568136,5249
1754769600,3643.47,3695.46,3630.15,3644.97,2482.54264562,6722
1754784000,3644.87,3700.49,3589.34,3624.68,1409.19171233,4640
1754798400,3624.29,3639.51,3560.01,3571.0,2683.01495603,2999
1754812800,3571.29,3610.37,3550.3,3565.96,2766.84936146,3128
1754827200,3567.0,3614.83,3549.37,3600.84,2984.66966316,2928
1754841600,3600.84,3639.55,3597.04,3630.66,3590.64470928,2890
1754856000,3630.58,3648.92,3592.95,3646.16,1995.32823862,2157
1754870400,3645.55,3714.11,3638.93,3685.31,2770.73193399,2611
1754884800,3685.31,3716.61,3657.78,3665.99,1724.58859699,3244
1754899200,3666.0,3670.92,3585.22,3596.09,3014.54063367,4507
1754913600,3596.1,3728.52,3582.02,3727.42,4281.12515809,5599
1754928000,3728.5,3755.56,3645.55,3668.3,3697.52519556,4732
1754942400,3668.3,3668.3,3607.86,3637.37,1876.62149574,2244
1754956800,3637.38,3707.2,3634.34,3688.31,323.89915165,1022
1754971200,3688.78,3716.51,3675.71,3711.52,1802.06679427,1861
1754985600,3711.52,3726.5,3670.0,3695.97,1214.0188006,2806
1755000000,3697.03,3834.0,3686.82,3829.14,9466.6711724002,8615
1755014400,3830.28,3866.68,3801.31,3866.67,4916.13582776,6072
1755028800,3866.68,3966.73,3856.35,3926.42,8123.8043070101,7393
1755043200,3927.36,3977.33,3906.16,3973.74,2020.7389828,2078
1755057600,3973.09,3999.01,3937.5,3947.87,3895.6658315,4677
1755072000,3948.38,4015.73,3935.0,3999.0,7917.48750725,6612
1755086400,3999.0,4044.77,3940.0,3978.27,6181.43624312,7259
1755100800,3978.27,4052.65,3977.73,4044.01,5461.2465529101,5701
1755115200,4044.01,4064.28,3998.92,4039.98,4737.9684831701,6374
1755129600,4040.79,4100.0,4010.0,4075.71,2910.25246572,2720
1755144000,4074.66,4086.29,4028.67,4061.9,1748.98732299,3377
1755158400,4061.91,4076.73,4000.0,4037.22,2151.9963269,4556
1755172800,4037.23,4049.69,3806.23,3968.54,11682.4249906203,11332
1755187200,3968.17,3972.4,3855.35,3897.96,4441.62982092,4535
1755201600,3898.28,3928.14,3819.48,3906.63,5465.13460909,4093
1755216000,3906.63,3991.97,3898.66,3979.92,1829.92654133,1243
1755230400,3979.92,3998.56,3952.19,3971.8,1578.42238198,2020
1755244800,3972.11,3998.28,3948.78,3970.01,1109.11804395,2542
1755259200,3970.01,3995.02,3757.88,3785.6,6472.67725817,5559
1755273600,3785.6,3817.47,3738.78,3750.22,5108.90162417,4438
1755288000,3750.18,3844.97,3738.99,3801.12,6281.19939968,2768
1755302400,3799.57,3842.19,3788.57,3791.7,1546.46343978,1186
1755316800,3792.96,3820.0,3778.16,3809.06,1763.90177491,1475
1755331200,3810.45,3816.97,3744.2,3755.36,589.45033139,2321
1755345600,3756.5,3791.15,3747.32,3765.22,2880.9904464,2240
1755360000,3765.22,3805.79,3761.67,3784.78,2025.32013983,1973
1755374400,3784.78,3799.48,3772.42,3785.73,916.28298198,1420
1755388800,3786.11,3813.6,3765.0,3810.94,197.79818971,776
1755403200,3810.95,3846.25,3803.4,3821.82,2690.55239128,1918
1755417600,3821.82,3915.47,3815.11,3895.7,1281.78223771,2937
1755432000,3895.7,3906.37,3870.06,3903.77,811.51133824,2026
1755446400,3903.43,3907.05,3786.48,3810.82,1221.47136063,2685
1755460800,3810.83,3871.54,3808.16,3823.49,969.21547868,1573
1755475200,3823.74,3830.82,3662.87,3695.82,1383.49820938,2936
1755489600,3695.3,3717.58,3619.36,3647.6,1760.31338414,3291
1755504000,3647.6,3699.56,3620.26,3664.09,2854.62885714,3786
1755518400,3664.17,3745.14,3661.17,3725.45,7752.0973312801,4792
1755532800,3728.81,3764.2,3692.38,3735.4,1099.83406817,2751
1755547200,3735.4,3759.99,3692.17,3697.12,545.85543901,1521
1755561600,3698.73,3734.85,3615.54,3622.25,524.24720512,1349
1755576000,3621.77,3646.81,3601.3,3625.1,3111.66920799,2353
1755590400,3626.67,3694.76,3615.92,3690.85,1829.19917136,2706
1755604800,3690.85,3717.33,3573.6,3594.16,3089.79731601,3814
1755619200,3594.81,3605.9,3533.41,3558.3,2873.74819445,3735
1755633600,3556.11,3574.4,3492.47,3501.19,1562.72250107,2836
1755648000,3501.1,3574.4,3496.26,3560.65,435.92581511,1172
1755662400,3560.65,3620.75,3560.64,3595.61,2407.26137063,2050
1755676800,3595.62,3645.0,3565.45,3603.08,1573.05559088,2766
1755691200,3603.53,3694.34,3525.01,3653.54,3871.49835689,4389
1755705600,3653.55,3741.45,3653.54,3729.16,2486.16265158,3206
1755720000,3731.08,3756.53,3711.37,3721.94,649.28210836,1879
1755734400,3720.48,3725.76,3675.0,3686.59,1262.90325439,1041
1755748800,3686.8,3710.0,3672.61,3698.27,400.82988005,1339
1755763200,3698.27,3702.99,3652.0,3675.15,642.92670577,2281
1755777600,3675.56,3719.99,3639.29,3655.79,1461.28995873,2910
1755792000,3655.9,3680.94,3623.61,3638.11,1415.18859812,2185
1755806400,3638.58,3669.98,3621.92,3636.49,387.05860973,1544
1755820800,3638.05,3714.57,3636.49,3689.83,317.47567388,929
1755835200,3690.08,3746.63,3687.5,3732.82,1181.05625527,1709
1755849600,3732.08,3752.77,3681.91,3682.84,1378.65661948,2589
1755864000,3683.04,3982.02,3625.56,3940.94,8255.2335113702,9484
1755878400,3941.42,4137.32,3941.25,4119.13,10716.3891760601,9741
1755892800,4119.2,4157.83,4062.54,4098.87,3980.52018854,6441
1755907200,4100.1,4100.1,3956.43,3983.06,818.4704908,1934
1755921600,3983.04,4039.28,3983.03,3996.48,1475.23114719,2299
1755936000,3998.16,4023.74,3984.16,3992.0,765.57454489,2515
1755950400,3992.0,4048.19,3984.89,4033.24,1216.42131077,2673
1755964800,4032.97,4041.77,4011.39,4037.51,864.22511839,2085
1755979200,4037.35,4068.33,4022.87,4053.93,591.64612352,1775
1755993600,4054.2,4084.47,4034.93,4065.42,512.23001023,1106
1756008000,4065.22,4072.31,4037.31,4037.75,374.66155578,1236
1756022400,4038.49,4059.25,4013.16,4035.75,1006.89702596,2057
1756036800,4035.76,4098.42,4026.58,4075.0,2025.98533533,3058
1756051200,4075.56,4205.0,4024.43,4092.93,10076.6757971701,10531
1756065600,4093.0,4111.05,4012.29,4078.63,2681.43022671,3175
1756080000,4078.61,4095.66,3990.86,4036.24,364.42359316,1162
1756094400,4036.8,4046.05,3910.0,3921.8,3407.339547,3309
1756108800,3922.0,3944.84,3864.3,3928.58,2290.50319113,4287
1756123200,3930.97,4001.1,3922.04,3953.0,2874.51946105,3645
1756137600,3953.0,3981.04,3805.94,3805.94,2900.60258381,3756
1756152000,3808.13,3828.48,3733.01,3770.45,2749.25947109,3922
1756166400,3770.1,3822.0,3707.18,3787.66,1980.03470067,1392
1756180800,3788.28,3829.08,3785.93,3813.26,793.09238547,1905
1756195200,3812.37,3834.45,3760.76,3798.27,3611.53909489,2861
1756209600,3799.72,3928.4,3779.52,3879.59,3595.37189044,4150
1756224000,3878.83,3953.11,3862.66,3949.6,2745.08597075,2906
1756238400,3949.6,3980.0,3923.56,3954.62,987.58045416,2160
1756252800,3954.62,3976.02,3903.42,3960.16,805.75953673,1032
1756267200,3959.93,3996.0,3932.44,3946.61,675.3830321,1918
1756281600,3947.58,3984.0,3932.1,3979.94,909.53986682,2506
1756296000,3979.95,4022.34,3950.0,4012.49,3560.05647191,3878
1756310400,4013.04,4013.04,3902.64,3926.47,1100.88829095,2666
1756324800,3924.41,3968.34,3850.57,3870.08,1923.92825868,2667
1756339200,3870.09,3903.6,3840.0,3901.78,397.81912418,1058
1756353600,3901.78,3939.9,3895.98,3937.79,473.42513862,1255
1756368000,3936.45,3975.03,3930.91,3938.09,1272.31868694,1976
1756382400,3938.09,3960.38,3845.54,3860.63,1627.33055731,2714
1756396800,3860.62,3877.77,3800.0,3800.0,1503.99698853,2961
1756411200,3800.31,3867.32,3793.1,3860.97,667.27536991,1704
1756425600,3862.76,3865.26,3801.94,3851.65,1609.69240678,1100
1756440000,3850.43,3857.16,3741.83,3753.96,1022.98391278,2337
1756454400,3753.98,3767.34,3701.01,3725.47,1324.31287783,3900
1756468800,3725.47,3823.78,3658.0,3693.3,2891.17942807,5512
1756483200,3693.3,3733.73,3675.4,3712.79,1181.50199838,2581
1756497600,3713.51,3750.96,3688.76,3733.21,681.5719526,1806
1756512000,3734.51,3749.99,3650.0,3728.34,737.61088462,1228
1756526400,3728.34,3779.88,3725.28,3771.11,271.79409236,1325
1756540800,3771.11,3774.3,3750.01,3761.46,475.16162995,1699
1756555200,3761.76,3763.48,3710.2,3747.85,1869.16776767,2046
1756569600,3747.86,3747.86,3713.77,3727.82,211.79115905,1552
1756584000,3727.82,3747.86,3714.78,3746.35,148.26883797,1161
1756598400,3746.35,3841.69,3745.34,3841.69,510.27429927,1160
1756612800,3841.69,3841.69,3796.78,3811.63,629.89038256,924
1756627200,3811.63,3837.44,3804.81,3834.07,606.36675792,1600
1756641600,3833.89,3849.94,3810.56,3839.39,681.5678686,1829
1756656000,3839.39,3843.93,3813.22,3813.22,484.86618431,1604
1756670400,3813.3,3829.2,3746.73,3758.6,1604.14509028,1660
1756684800,3758.6,3792.04,3732.81,3764.55,304.38920549,914
1756699200,3763.09,3807.77,3728.02,3807.27,612.37469497,1772
1756713600,3807.91,3830.0,3740.0,3750.4,940.20357553,2824
1756728000,3750.4,3778.75,3715.78,3729.25,1474.10851227,2983
1756742400,3729.0,3737.48,3684.91,3730.17,1427.96040911,2667
1756756800,3730.17,3730.17,3600.0,3683.09,3039.85103578,3137
1756771200,3683.43,3756.59,3667.07,3734.53,274.38616656,787
1756785600,3734.73,3773.99,3730.01,3757.63,630.99113434,1590
1756800000,3758.34,3787.0,3730.2,3734.0,645.70723251,2116
1756814400,3733.98,3775.37,3680.02,3685.48,3084.37501841,3441
1756828800,3687.7,3718.7,3660.44,3672.38,2211.85562807,2532
1756843200,3672.38,3726.3,3666.27,3717.4,612.56764193,1517
1756857600,3717.61,3739.98,3683.86,3727.79,291.60966043,787
1756872000,3727.74,3731.71,3690.05,3705.89,365.69271697,1345
1756886400,3705.01,3765.0,3692.95,3753.9,799.45136981,2091
1756900800,3753.68,3840.0,3727.8,3837.82,1276.42825306,3245
1756915200,3837.82,3847.0,3817.95,3840.47,2410.29903954,2270
1756929600,3839.91,3843.0,3810.01,3818.4,302.35641436,1391
1756944000,3817.79,3845.0,3769.66,3773.66,359.19948924,928
1756958400,3773.66,3787.63,3740.0,3754.11,723.03036911,1541
1756972800,3754.11,3806.72,3750.03,3785.96,714.40980658,2090
1756987200,3786.4,3799.99,3667.77,3696.93,2981.27045905,3079
1757001600,3696.46,3715.53,3664.54,3673.49,923.49235552,2462
1757016000,3671.12,3736.69,3670.08,3688.65,1949.20422977,1770
1757030400,3688.65,3715.26,3683.3,3709.36,203.63431365,755
1757044800,3709.36,3791.2,3699.8,3784.74,708.09438857,1644
1757059200,3784.52,3788.95,3743.67,3781.25,1052.33263095,2224
1757073600,3781.23,3830.0,3628.94,3644.72,3888.74102297,5003
1757088000,3644.89,3698.23,3638.85,3695.0,1442.87998807,2030
1757102400,3698.65,3706.37,3663.81,3677.95,396.22891782,1346
1757116800,3678.46,3695.0,3675.31,3686.83,77.6348203,579
1757131200,3686.83,3686.83,3665.0,3681.57,144.01067549,875
1757145600,3681.58,3682.81,3659.75,3671.51,455.43676192,1382
1757160000,3671.51,3676.72,3642.11,3648.84,580.69513158,1570
1757174400,3648.84,3675.0,3616.38,3632.5,562.05966198,1792
1757188800,3632.5,3662.02,3632.5,3649.98,329.06383381,1085
1757203200,3649.98,3673.04,3649.97,3669.0,370.33336078,617
1757217600,3668.96,3674.9,3653.31,3665.78,148.18446521,755
1757232000,3665.78,3681.72,3665.01,3679.43,325.830477,1374
1757246400,3680.38,3680.43,3663.05,3669.01,202.20626104,1343
1757260800,3669.01,3670.17,3645.57,3665.36,691.44438711,1557
1757275200,3665.35,3702.98,3655.63,3676.62,639.91485834,1513
1757289600,3676.62,3697.59,3654.86,3682.84,305.06756764,814
1757304000,3682.41,3684.17,3657.1,3657.61,419.68727997,1361
1757318400,3657.62,3697.59,3653.26,3677.32,1210.48798616,2189
1757332800,3677.33,3730.0,3671.76,3719.91,1746.42272568,2725
1757347200,3719.91,3720.45,3643.0,3646.94,3025.18850864,2683
1757361600,3649.9,3680.0,3641.32,3660.44,377.24600891,1404
1757376000,3659.27,3666.44,3635.02,3660.79,220.87467216,756
1757390400,3660.79,3723.41,3655.23,3709.1,1246.14317262,1542
1757404800,3709.1,3716.0,3693.0,3702.55,1778.00869334,1957
1757419200,3702.76,3721.78,3650.0,3658.01,3076.9735469,4192
1757433600,3658.01,3671.0,3652.01,3669.53,887.94711241,1822
1757448000,3669.51,3689.49,3657.64,3682.43,680.67445768,1175
1757462400,3683.35,3694.99,3663.88,3689.19,199.6219245,564
1757476800,3689.2,3700.0,3670.68,3699.96,542.93977816,1338
1757491200,3699.94,3704.0,3684.99,3699.02,646.51167808,1837
1757505600,3699.02,3799.25,3697.82,3760.85,2973.39111042,3941
1757520000,3760.85,3762.0,3674.68,3693.13,6621.1615798901,3124
1757534400,3692.73,3720.98,3691.11,3715.72,556.39246202,1282
1757548800,3716.57,3766.18,3709.31,3765.03,260.6585795,766
1757563200,3765.03,3800.0,3759.5,3798.97,809.63617407,1553
1757577600,3797.56,3798.56,3772.04,3791.61,1026.0707359,1971
1757592000,3791.61,3832.14,3710.18,3764.61,3027.1423581,4075
1757606400,3764.61,3785.33,3758.18,3770.02,720.68138625,1771
1757620800,3770.02,3807.68,3763.52,3801.78,630.1375264,1438
1757635200,3801.76,3866.0,3796.32,3844.1,930.10887016,1308
1757649600,3843.65,3889.99,3840.02,3856.34,1751.49959481,2028
1757664000,3856.34,3869.39,3845.01,3856.05,924.85360098,2162
1757678400,3857.97,3896.46,3845.0,3877.84,1809.79663778,2934
1757692800,3878.19,3974.67,3873.0,3973.26,3476.77367881,3568
1757707200,3972.58,4044.54,3950.0,4013.93,2269.21305576,4087
1757721600,4014.05,4056.54,3999.7,4052.82,554.37800943,3652
1757736000,4052.83,4052.83,4003.81,4011.86,2353.58741363,3437
1757750400,4012.02,4036.09,4011.02,4019.4,707.34496268,2659
1757764800,4019.4,4029.01,3949.83,3956.11,1159.17887364,2869
1757779200,3956.42,3965.98,3912.93,3943.53,885.04880536,2421
1757793600,3943.53,3971.3,3943.28,3967.49,474.08583081,1396
1757808000,3966.97,3985.15,3954.71,3963.6,63.37392445,782
1757822400,3963.57,3979.14,3940.97,3952.63,1141.75432467,1117
1757836800,3952.63,3970.0,3934.64,3939.98,310.78164842,1735
1757851200,3940.07,3949.84,3858.43,3893.59,2885.02382539,2599
1757865600,3893.59,3935.0,3891.88,3920.97,1492.66528074,1847
1757880000,3920.97,3949.0,3918.0,3928.46,2091.79366593,4526
1757894400,3928.46,3956.62,3907.76,3953.99,171.04773576,758
1757908800,3952.42,3983.18,3912.77,3919.65,1125.53628724,1819
1757923200,3919.64,3919.7,3833.65,3854.01,2137.7631875199,4173
1757937600,3854.01,3863.17,3800.0,3825.54,1119.94776718,4009
1757952000,3824.3,3835.84,3805.0,3818.54,519.45133358,3929
1757966400,3818.54,3849.31,3817.0,3846.99,221.86057895,2367
1757980800,3846.39,3858.89,3832.56,3839.34,62.43873979,1626
1757995200,3839.39,3851.64,3814.69,3827.36,474.59105448,3542
1758009600,3827.15,3841.12,3808.17,3810.86,561.0287602,3846
1758024000,3810.86,3819.96,3740.69,3773.07,3914.3971867901,5982
1758038400,3773.02,3800.41,3753.0,3788.19,1318.79962896,3007
1758052800,3788.46,3814.68,3781.03,3793.38,479.93487757,1853
1758067200,3793.62,3838.93,3787.57,3797.27,2207.96353251,1627
1758081600,3796.86,3847.75,3772.74,3839.11,1750.09155539,2593
1758096000,3839.16,3841.01,3785.36,3796.2,749.88850367,2397
1758110400,3796.2,3813.01,3772.24,3790.35,1005.98189189,2733
1758124800,3790.35,3826.57,3715.32,3821.66,2901.1296615,6098
1758139200,3822.09,3906.0,3800.0,3882.93,1374.00371667,2137
1758153600,3882.75,3926.84,3874.51,3906.93,1358.90856745,1127
1758168000,3907.18,3911.52,3865.94,3868.27,848.94998063,1586
1758182400,3868.01,3898.0,3863.4,3868.31,634.58378782,2471
1758196800,3868.32,3927.12,3868.24,3906.36,1236.46742314,3110
1758211200,3906.36,3937.0,3888.59,3897.88,1086.84815842,3234
1758225600,3894.01,3909.78,3880.0,3893.03,347.46657189,3465
1758240000,3892.86,3923.39,3855.83,3862.93,173.25681003,953
1758254400,3863.62,3871.65,3845.01,3858.32,587.23909056,1403
1758268800,3858.37,3870.98,3838.38,3850.0,566.92252881,2131
1758283200,3850.01,3864.86,3790.0,3809.74,1135.80258494,2537
1758297600,3810.54,3823.21,3780.0,3785.01,765.14365837,2820
1758312000,3785.02,3815.48,3780.91,3808.49,256.26257803,1422
1758326400,3808.64,3814.32,3800.0,3804.57,83.71578064,596
1758340800,3804.58,3820.0,3804.25,3820.0,129.89172568,972
1758355200,3820.0,3820.0,3800.0,3810.13,314.16751785,1456
1758369600,3810.14,3841.43,3804.56,3833.51,306.32689359,1524
1758384000,3833.51,3843.26,3812.02,3816.84,279.42844815,1451
1758398400,3816.84,3835.8,3816.83,3818.86,271.69852685,1148
1758412800,3818.86,3826.3,3800.0,3815.9,1726.5372471,870
1758427200,3815.53,3827.72,3806.48,3817.01,351.18949105,934
1758441600,3817.01,3817.01,3790.0,3800.78,372.4592892,1454
1758456000,3800.78,3822.42,3800.48,3819.3,269.48426139,1399
1758470400,3819.3,3830.0,3805.0,3828.0,359.93463482,1564
1758484800,3828.0,3828.54,3790.0,3790.01,171.38880615,1276
1758499200,3790.12,3799.76,3640.0,3673.51,1649.28899135,2942
1758513600,3673.51,3677.07,3455.28,3572.83,5804.51946337,9354
1758528000,3573.26,3582.82,3519.07,3554.51,1779.5055225,3892
1758542400,3554.51,3591.1,3539.01,3545.01,1245.60034976,3611
1758556800,3545.01,3552.27,3497.81,3509.15,980.49056235,3254
1758571200,3509.17,3570.0,3509.17,3563.35,860.96381201,1770
1758585600,3563.35,3573.93,3491.81,3552.29,217.09766767,928
1758600000,3552.29,3578.5,3526.02,3569.03,965.22690098,1845
1758614400,3569.42,3584.99,3545.35,3557.95,1133.67414518,2330
1758628800,3557.95,3571.88,3531.1,3548.0,413.43300715,2227
1758643200,3548.01,3563.82,3505.76,3516.59,1058.3979847,2592
1758657600,3517.3,3548.3,3505.66,3525.96,778.65323125,1416
1758672000,3525.96,3554.09,3503.13,3518.52,1081.40745497,937
1758686400,3518.78,3551.57,3457.0,3543.27,1352.6273812,2259
1758700800,3543.51,3575.41,3541.33,3561.04,424.37204627,2216
1758715200,3560.98,3584.0,3536.65,3550.67,1148.74011384,2467
1758729600,3550.67,3575.32,3543.48,3547.73,499.9982894,2000
1758744000,3547.72,3555.73,3521.89,3538.95,273.19976148,1381
1758758400,3538.77,3545.16,3426.02,3460.01,967.426653,1822
1758772800,3460.01,3464.72,3375.0,3418.6,5124.55060611,3950
1758787200,3418.12,3452.94,3402.63,3410.83,1246.62092578,3080
1758801600,3410.81,3444.22,3350.0,3429.93,2078.39083834,4395
1758816000,3430.66,3432.65,3281.8,3355.0,6541.28886424,6987
1758830400,3356.35,3375.0,3306.94,3323.97,782.02223119,2508
1758844800,3325.33,3401.7,3318.96,3398.1,671.94963909,1230
1758859200,3398.18,3405.0,3351.53,3377.1,956.77367084,2371
1758873600,3377.16,3380.85,3322.21,3350.01,733.00252438,3127
1758888000,3350.01,3413.85,3321.22,3377.55,1557.03994613,3584
1758902400,3377.55,3479.95,3376.0,3442.73,1503.56990632,3252
1758916800,3442.95,3454.0,3426.41,3450.83,330.75801388,1550
1758931200,3450.83,3450.83,3430.0,3438.96,99.09351932,765
1758945600,3438.91,3445.98,3430.0,3430.4,111.43417994,1145
1758960000,3430.41,3438.67,3399.1,3425.32,568.1916297,1901
1758974400,3425.32,3456.12,3420.0,3439.84,313.15043881,1993
1758988800,3439.84,3440.44,3410.0,3425.04,230.34323949,1519
1759003200,3425.04,3450.0,3424.19,3438.12,169.61802326,1110
1759017600,3438.92,3449.61,3419.6,3425.0,118.99601206,621
1759032000,3425.0,3438.46,3420.17,3435.19,72.53917831,841
1759046400,3434.88,3436.51,3409.96,3416.48,412.69846614,1530
1759060800,3416.48,3444.97,3393.88,3440.08,555.27300597,1760
1759075200,3440.08,3466.28,3439.64,3455.15,441.45822126,1881
1759089600,3455.06,3543.7,3452.5,3542.69,974.94394223,1707
1759104000,3541.74,3542.19,3502.37,3516.06,273.17867376,644
1759118400,3517.44,3518.23,3488.54,3505.61,610.71870586,1331
1759132800,3505.59,3533.1,3498.22,3503.6,758.59557337,2408
1759147200,3503.61,3585.82,3481.0,3553.96,1908.82697791,3591
1759161600,3553.97,3577.63,3524.2,3573.0,604.54773948,2410
1759176000,3573.0,3613.41,3569.22,3596.85,551.19073257,2190
1759190400,3595.96,3623.19,3576.6,3583.6,1069.16467446,1057
1759204800,3584.02,3585.96,3557.33,3564.21,457.58755111,1498
1759219200,3564.21,3564.21,3521.78,3551.17,2422.12683839,3224
1759233600,3551.17,3561.01,3494.53,3513.25,717.60963667,2784
1759248000,3513.0,3551.59,3484.2,3545.85,485.65847074,2784
1759262400,3545.08,3581.12,3511.01,3533.38,564.4643599,2140
1759276800,3533.38,3557.71,3516.53,3520.11,118.29436498999999,757
1759291200,3519.75,3538.8,3506.2,3530.0,344.05840386,1649
1759305600,3530.0,3679.98,3528.21,3664.15,2602.60817671,4451
1759320000,3664.13,3704.66,3643.75,3693.36,1893.49341478,4131
1759334400,3693.36,3704.07,3658.98,3695.15,1173.43627168,3024
1759348800,3695.62,3710.0,3657.8,3706.29,422.90431796,1839
1759363200,3706.28,3748.82,3696.01,3730.4,364.59294909,1370
1759377600,3730.32,3767.23,3718.42,3724.48,806.68744394,2270
1759392000,3725.29,3741.88,3720.03,3730.0,694.74660553,2627
1759406400,3730.01,3797.92,3703.37,3795.0,1737.84742457,3781
1759420800,3795.0,3850.0,3783.54,3837.76,1806.15127401,3805
1759435200,3836.81,3837.17,3803.82,3825.0,467.20581971,2161
1759449600,3825.0,3886.99,3808.39,3839.63,773.1694866400001,1403
1759464000,3839.78,3845.14,3799.39,3804.86,643.50273815,1858
1759478400,3804.97,3829.82,3772.9,3818.8,698.61428194,3121
1759492800,3819.49,3864.74,3781.0,3862.46,2136.14760589,3481
1759507200,3862.06,3905.26,3785.01,3846.01,1578.80747339,4384
1759521600,3847.21,3867.01,3827.0,3839.86,444.6772995,1406
1759536000,3840.47,3844.19,3803.0,3818.33,895.63628679,679
1759550400,3818.33,3844.87,3814.48,3828.94,1139.17834071,1013
1759564800,3828.79,3831.37,3812.45,3812.6,463.60126989,1425
1759579200,3812.6,3835.69,3776.54,3784.27,629.14475608,2010
1759593600,3784.71,3800.56,3772.43,3792.24,296.70469976,1508
1759608000,3792.24,3817.98,3792.24,3813.66,236.07302782,1120
1759622400,3813.85,3875.0,3796.63,3842.08,304.35849348,1020
1759636800,3842.77,3899.0,3842.61,3895.04,514.63083543,1818
1759651200,3896.37,3905.66,3825.0,3853.62,876.46640394,2663
1759665600,3853.62,3853.62,3835.24,3839.2,331.55110859,1590
1759680000,3839.27,3846.84,3808.25,3813.63,2048.71094242,2941
1759694400,3815.26,3846.17,3805.16,3841.79,841.87587676,1792
1759708800,3841.79,3870.0,3824.54,3860.47,309.77860199,885
1759723200,3863.68,3900.0,3841.54,3881.0,737.55222118,2112
1759737600,3881.0,3926.3,3881.0,3911.88,1225.93063085,3539
1759752000,3911.88,4000.0,3910.0,3989.2,2559.3737885,5794
1759766400,3990.03,4031.61,3977.12,4024.89,3224.84018888,5505
1759780800,4025.4,4033.67,3979.3,3993.57,1057.25205911,2894
1759795200,3991.9,4008.99,3977.03,4003.77,207.09406668,1292
1759809600,4004.26,4042.0,3990.46,4001.37,905.1758426,2434
1759824000,4001.38,4038.0,3972.0,4036.7,1699.0306988099999,3513
1759838400,4037.01,4074.0,3835.0,3866.72,4694.15501578,6774
1759852800,3866.72,3875.0,3815.0,3845.57,1874.72274347,3681
1759867200,3846.43,3877.18,3802.0,3817.66,872.00520251,1948
1759881600,3818.44,3870.97,3811.15,3823.4,423.02830183,973
1759896000,3823.4,3843.84,3793.73,3839.16,752.8927577,1690
1759910400,3839.22,3877.0,3835.0,3861.0,868.50815537,2829
1759924800,3861.3,3885.52,3820.47,3832.31,1687.48466821,3166
1759939200,3832.86,3928.73,3826.24,3882.92,1532.14580803,3843
1759953600,3883.03,3901.97,3870.87,3892.36,297.22899342,2136
1759968000,3892.06,3894.9,3783.0,3823.55,405.73315067,1890
1759982400,3823.7,3830.38,3800.3,3812.62,405.06822294,1944
1759996800,3812.72,3813.18,3723.0,3768.08,1793.96654649,4407
1760011200,3767.82,3799.0,3715.0,3735.07,3603.76066481,4555
1760025600,3733.74,3758.15,3690.49,3755.0,1109.9968951600001,3993
1760040000,3755.01,3790.67,3744.36,3776.98,403.25016437,1897
1760054400,3777.47,3798.0,3756.38,3756.85,127.65050352,657
1760068800,3756.84,3784.22,3729.58,3734.86,422.47217277,1508
1760083200,3735.19,3762.11,3728.0,3758.17,2906.73945293,2642
1760097600,3758.23,3795.0,3502.0,3536.6,4555.74682307,6829
1760112000,3536.65,3574.43,3406.52,3444.01,9373.58486123,7615
1760126400,3444.01,3533.91,2967.93,3340.39,19062.9618453,32013
1760140800,3339.0,3378.18,3237.02,3284.84,2703.25483804,5292
1760155200,3284.84,3326.03,3266.76,3285.74,1618.89007035,6548
1760169600,3285.74,3383.32,3280.61,3366.77,1323.52973508,7543
1760184000,3366.78,3377.18,3322.95,3349.32,957.86490745,4678
1760198400,3349.3,3365.85,3262.63,3284.98,996.91922926,4544
1760212800,3284.99,3290.56,3182.42,3270.44,2096.97306138,4679
1760227200,3270.44,3327.73,3224.63,3294.22,786.21776733,3039
1760241600,3294.22,3343.52,3290.02,3334.01,2439.97675399,4361
1760256000,3334.01,3361.31,3312.35,3323.34,684.09517351,3147
1760270400,3324.16,3549.41,3300.01,3517.98,2398.65715106,5935
1760284800,3517.95,3625.69,3517.95,3600.0,2649.9922329300002,6781
1760299200,3600.0,3634.04,3528.44,3586.7,1093.08630601,3170
1760313600,3585.48,3637.0,3562.58,3568.81,188.63450802,1069
1760328000,3569.19,3623.01,3550.6,3607.67,682.79770467,2514
1760342400,3607.42,3623.0,3498.75,3533.54,1092.37344793,3554
1760356800,3533.01,3617.37,3511.94,3580.01,1232.3014963,4356
1760371200,3580.01,3696.34,3573.66,3679.61,1520.85695911,3974
1760385600,3682.15,3713.0,3666.75,3671.57,948.24578293,2552
1760400000,3671.58,3693.26,3580.01,3592.45,599.92042908,1050
1760414400,3592.19,3597.17,3432.3,3449.88,2891.1923588600002,3706
1760428800,3449.89,3478.25,3372.55,3443.23,1583.85284347,4934
1760443200,3444.46,3529.58,3373.11,3527.23,2740.02084027,6270
1760457600,3527.89,3590.84,3494.52,3542.6,1625.17032304,3765
1760472000,3540.01,3573.0,3515.7,3556.19,490.1299936,1462
1760486400,3558.61,3570.48,3500.49,3516.54,191.46510457,1288
1760500800,3516.51,3552.42,3505.28,3545.95,707.5601003,1919
1760515200,3546.09,3624.68,3521.45,3532.82,1148.75518411,3825
1760529600,3532.82,3538.87,3407.89,3425.27,1625.45682601,4499
1760544000,3426.22,3450.3,3371.98,3423.67,7835.52977202,4522
1760558400,3422.77,3433.52,3377.82,3424.45,402.0123609,2222
1760572800,3424.45,3461.84,3414.26,3446.31,259.44726418,1043
1760587200,3445.17,3474.56,3417.78,3439.13,393.93171755000003,1766
1760601600,3438.9,3500.0,3386.93,3488.05,1690.49172321,3452
1760616000,3487.1,3507.35,3335.3,3351.78,1626.46005807,4376
1760630400,3352.0,3399.36,3293.47,3312.42,2933.35497223,5362
1760644800,3310.63,3334.72,3276.24,3331.24,704.06205524,2808
1760659200,3330.88,3374.75,3326.95,3361.46,131.91693551,810
1760673600,3361.19,3362.63,3205.5,3207.91,2441.28657883,3882
1760688000,3207.85,3266.39,3135.0,3236.45,6953.1880152799995,8548
1760702400,3236.44,3267.62,3188.0,3256.56,1469.43955943,4536
1760716800,3256.55,3301.57,3239.61,3284.03,1256.17070824,3248
1760731200,3283.55,3333.33,3276.72,3292.7,1222.68336756,2312
1760745600,3292.7,3334.0,3283.38,3325.28,208.33020529,881
1760760000,3325.32,3374.59,3301.72,3345.01,583.00036179,1386
1760774400,3345.01,3358.17,3322.68,3339.82,408.87124945,1898
1760788800,3340.17,3348.87,3312.25,3334.62,372.01643716,1734
1760803200,3334.44,3350.0,3315.0,3347.0,173.96870843,1444
1760817600,3347.0,3358.76,3327.53,3342.34,206.38554532,1155
1760832000,3342.58,3356.98,3314.26,3356.64,164.49773307,643
1760846400,3356.96,3368.59,3330.0,3340.0,114.27446679,805
1760860800,3340.0,3399.99,3285.86,3374.01,1289.42612387,2841
1760875200,3374.01,3436.99,3359.88,3421.91,795.98566965,2171
1760889600,3422.01,3459.9,3403.79,3425.08,795.33730145,2288
1760904000,3425.08,3459.05,3411.11,3419.19,567.31442283,1371
1760918400,3419.19,3461.25,3357.46,3456.4,218.383649,1078
1760932800,3454.83,3503.17,3450.24,3479.13,1396.42265618,2388
1760947200,3478.72,3490.53,3444.82,3463.37,842.83584613,2627
1760961600,3463.83,3475.0,3435.73,3436.84,884.84124924,2431
1760976000,3435.89,3436.58,3369.28,3422.89,1318.15984924,2838
1760990400,3420.39,3439.41,3410.93,3418.58,548.59892603,1353
1761004800,3418.58,3420.67,3371.88,3373.73,144.42044739,785
1761019200,3373.41,3373.41,3302.55,3349.64,1000.5030356,2237
1761033600,3349.64,3355.54,3316.1,3352.01,619.08574055,2268
1761048000,3352.01,3517.0,3322.0,3514.92,2253.48606138,4124
1761062400,3514.92,3537.0,3415.48,3445.04,1804.32334025,3723
1761076800,3446.14,3449.54,3327.75,3341.42,889.57214393,2132
1761091200,3340.41,3352.22,3291.15,3326.47,332.0596811,1030
1761105600,3327.1,3347.3,3306.84,3337.22,427.67684442,1433
1761120000,3336.61,3336.61,3258.28,3305.54,1052.50459104,2562
1761134400,3305.54,3347.81,3259.99,3309.12,1739.19607417,3352
1761148800,3309.16,3323.67,3258.66,3279.04,721.7565447,2583
1761163200,3278.89,3287.18,3194.93,3278.67,1313.24235706,2810
1761177600,3279.03,3307.12,3272.46,3300.25,204.63382115,687
1761192000,3300.74,3359.3,3297.9,3347.06,727.95265623,1471
1761206400,3347.07,3369.0,3331.64,3336.08,907.33013455,2152
1761220800,3334.53,3347.71,3281.07,3338.61,1451.00951144,2755
1761235200,3339.77,3388.06,3310.43,3325.11,708.40740106,2644
1761249600,3323.6,3323.6,3290.61,3321.34,298.89381258,1442
1761264000,3321.36,3357.32,3312.45,3350.65,223.43312183999998,743
1761278400,3350.65,3436.0,3348.8,3400.12,793.75418309,2085
1761292800,3400.02,3420.0,3384.0,3398.85,530.53372526,2811
1761307200,3399.0,3457.87,3334.23,3345.51,1343.91982876,3477
1761321600,3345.92,3385.71,3327.86,3377.63,294.43364685,1874
1761336000,3377.37,3392.9,3374.63,3385.09,201.21559366,1321
1761350400,3385.08,3386.7,3365.82,3372.71,247.67631470999999,823
1761364800,3372.31,3402.19,3371.65,3378.0,180.44667317,1085
1761379200,3378.01,3402.2,3378.0,3388.94,190.76020249,1969
1761393600,3388.95,3399.8,3376.2,3381.23,165.44834069,2021
1761408000,3381.23,3409.37,3377.25,3402.49,195.80084755000001,1419
1761422400,3402.61,3408.53,3385.89,3398.55,146.70981081,1025
1761436800,3399.64,3405.87,3371.52,3380.58,121.36447107,830
1761451200,3381.13,3402.07,3378.47,3398.07,90.87795859,922
1761465600,3398.07,3480.73,3397.82,3475.03,834.46174714,2682
1761480000,3474.52,3518.0,3472.29,3499.89,1314.6157988100001,3063
1761494400,3499.9,3506.81,3477.52,3494.89,970.7709829,2314
1761508800,3494.9,3585.86,3483.14,3572.93,1369.52562188,3017
1761523200,3572.94,3631.64,3566.58,3615.0,818.26353104,1478
1761537600,3615.0,3657.26,3608.47,3613.33,951.20477933,2163
1761552000,3614.36,3615.0,3546.13,3571.8,1060.94012875,2918
1761566400,3573.81,3597.78,3542.08,3584.92,2299.08451964,2918
1761580800,3585.86,3637.12,3585.86,3598.17,1259.5773435,3002
1761595200,3598.19,3600.54,3518.24,3535.88,620.23406042,2205
1761609600,3535.68,3550.82,3493.92,3512.14,217.10997785,1216
1761624000,3511.6,3539.92,3488.0,3533.79,565.23566137,1665
1761638400,3532.69,3548.14,3524.33,3528.44,2012.5978409900001,2519
1761652800,3527.92,3583.75,3496.2,3515.03,1218.12678558,3388
1761667200,3514.39,3558.0,3454.54,3466.0,697.86837419,2977
1761681600,3466.0,3469.63,3373.26,3418.23,3344.72359387,3230
1761696000,3418.23,3442.14,3405.34,3435.74,1207.8401665,1130
1761710400,3435.74,3472.31,3435.56,3461.0,667.61445881,1408
1761724800,3461.01,3463.6,3425.0,3447.41,678.11555706,2732
1761739200,3447.42,3467.16,3381.27,3389.8,2125.71744382,3609
1761753600,3389.8,3450.94,3317.0,3367.56,1511.62043497,5366
1761768000,3368.67,3415.98,3340.01,3364.84,569.19696086,2620
1761782400,3364.65,3399.18,3352.62,3387.96,87.31374457,1058
1761796800,3387.96,3396.62,3304.22,3392.73,941.88973186,2417
1761811200,3392.59,3394.06,3333.72,3348.79,3618.19381532,3370
1761825600,3348.79,3349.89,3251.21,3264.31,3193.25489904,5392
1761840000,3264.55,3287.32,3182.96,3192.54,1530.98075802,5226
1761854400,3190.99,3290.8,3184.04,3287.09,2689.32176356,3223
1761868800,3289.72,3333.85,3282.11,3310.47,567.07787534,1464
1761883200,3310.6,3346.38,3305.34,3312.13,870.9148524,2015
1761897600,3312.55,3355.36,3302.42,3349.32,1486.75023633,3454
1761912000,3347.42,3366.63,3318.56,3344.85,1183.06813976,3448
1761926400,3344.85,3384.54,3303.0,3370.24,2563.91758443,3501
1761940800,3367.61,3373.36,3327.85,3331.75,422.20589223,1685
1761955200,3331.76,3344.13,3319.02,3342.84,408.127033,1110
1761969600,3342.84,3349.92,3334.13,3342.77,1214.73336884,1499
1761984000,3342.77,3361.48,3342.76,3356.84,432.00571250999997,2013
1761998400,3356.84,3360.15,3340.42,3351.84,256.2078937,1090
1762027200,3350.4,3354.38,3343.21,3351.45,145.57053874,973
1762041600,3351.45,3363.85,3342.22,3357.58,542.69123482,1076
1762056000,3358.38,3388.36,3356.01,3382.32,232.33244829,721
1762070400,3382.31,3382.31,3335.9,3368.3,492.33875053,1708
1762084800,3368.3,3369.13,3326.29,3336.04,1594.89284147,2159
1762099200,3337.13,3347.42,3326.28,3339.17,364.06680136,1630
1762113600,3339.17,3393.22,3330.0,3386.59,362.76262784,1507
1762128000,3386.59,3392.45,3232.94,3238.68,369.95580209,1467
1762142400,3238.45,3262.85,3187.75,3218.28,1316.28881183,2530
1762156800,3218.29,3246.35,3179.0,3222.72,1545.79357983,4396
1762171200,3221.92,3253.73,3108.52,3115.36,3003.30674129,6861
1762185600,3115.36,3192.44,3091.52,3150.89,1950.68286566,6137
1762200000,3151.69,3155.85,3087.7,3126.19,1831.18788651,4557
1762214400,3126.26,3174.22,3100.01,3164.53,875.11557136,1764
1762228800,3161.05,3166.23,3011.07,3030.05,3790.35913726,6048
1762243200,3029.31,3073.5,3000.0,3071.0,2225.0998799,5685
1762257600,3071.01,3123.0,3026.92,3049.76,2510.17301142,5494
1762272000,3050.65,3061.24,2808.97,2813.01,7375.99207072,14486
1762286400,2811.74,2876.48,2664.0,2861.91,7798.54574524,10761
1762300800,2861.91,2913.16,2758.0,2900.26,1463.54902126,2841
1762315200,2902.27,2916.34,2878.67,2901.45,1027.6608721,2864
1762329600,2901.46,2901.46,2852.41,2892.07,1158.84511789,4023
1762344000,2892.08,2960.0,2883.36,2960.0,2867.8979881,5966
1762358400,2959.93,3030.0,2936.92,3010.99,2680.725458,5464
1762372800,3010.7,3030.01,2972.0,2979.98,1570.63509328,3555
1762387200,2979.42,2998.0,2935.18,2985.95,353.15019436,1256
1762401600,2984.36,3003.46,2921.58,2938.1,617.74677144,1926
1762416000,2937.92,2964.03,2926.28,2952.73,521.21170804,2805
1762430400,2952.73,2955.31,2842.0,2858.61,1485.93388827,4424
1762444800,2859.65,2899.7,2809.67,2880.26,1148.08674993,3870
1762459200,2881.95,2888.75,2846.52,2869.2,491.37120247,2319
1762473600,2869.2,2915.32,2838.59,2898.13,394.56875349,1192
1762488000,2898.14,2920.94,2876.43,2911.16,346.69023415,1313
1762502400,2911.03,2912.69,2792.0,2819.91,1261.0217861200001,3354
1762516800,2819.72,2863.6,2760.63,2846.6,5003.14310594,7149
1762531200,2848.51,2981.9,2829.0,2977.86,1281.02943624,4003
1762545600,2977.86,3005.91,2967.5,2968.83,1328.16779493,3360
1762560000,2968.83,2992.12,2945.2,2982.24,353.96926601,1282
1762574400,2982.5,3009.54,2954.9,2977.89,458.3145927,1187
1762588800,2977.89,2996.77,2945.29,2949.08,335.26672566999997,1624
1762603200,2948.91,2952.97,2914.78,2918.07,678.70618099,2376
1762617600,2918.69,2944.2,2900.99,2927.06,434.74722521,2285
1762632000,2927.06,2950.0,2921.63,2939.4,253.0700667,1274
1762646400,2939.24,2940.2,2905.0,2917.39,199.78464892,733
1762660800,2917.7,2961.1,2913.38,2958.38,310.62181713,745
1762675200,2958.5,2968.16,2923.86,2962.74,411.93867345,1604
1762689600,2962.1,3076.12,2959.03,3039.82,1224.09508303,3132
1762704000,3039.36,3096.87,3027.86,3094.08,1155.41992701,2352
1762718400,3094.09,3132.71,3081.24,3102.26,1023.32193354,2462
1762732800,3102.26,3161.56,3074.66,3137.49,1163.26555549,1446
1762747200,3137.53,3140.58,3103.1,3119.55,494.15575712,1505
1762761600,3119.89,3137.93,3098.06,3122.96,1144.74989011,3134
1762776000,3122.9,3129.68,3037.81,3044.95,1133.17819993,3339
1762790400,3044.96,3092.56,3037.24,3076.43,482.71524601,2891
1762804800,3076.44,3098.24,3053.59,3085.69,709.46868569,1887
1762819200,3085.69,3153.0,3075.01,3118.63,753.46195258,1235
1762833600,3118.02,3121.62,3053.74,3064.72,310.94775595,1399
1762848000,3064.81,3099.96,3064.24,3087.51,1433.62545141,2340
1762862400,3088.15,3104.95,2990.13,3003.28,1661.63317799,3660
1762876800,3003.29,3019.14,2971.95,2983.13,1153.32349597,3202
1762891200,2983.22,2986.88,2941.0,2949.4,787.6783163,2404
1762905600,2949.66,2983.01,2945.57,2970.28,118.14658122,777
1762920000,2970.24,2986.67,2957.68,2959.48,164.92820915000001,1037
1762934400,2959.48,3086.88,2959.47,3065.54,1327.45682329,2757
1762948800,3065.54,3099.0,2950.0,2957.93,2810.41711843,3959
1762963200,2957.47,2979.42,2910.06,2942.77,1366.24739012,3838
1762977600,2942.77,2967.11,2928.93,2946.81,357.10154933,2088
1762992000,2946.81,2995.79,2917.27,2984.63,185.483124,1424
1763006400,2980.08,3074.55,2963.91,3048.37,1127.72219906,2027
1763020800,3048.04,3055.0,2995.29,3019.56,734.83411426,2749
1763035200,3016.86,3021.48,2895.01,2909.99,2026.67027642,4376
1763049600,2910.0,2918.73,2729.66,2748.95,3805.7392589300002,6294
1763064000,2746.33,2812.66,2711.67,2778.47,1837.09565432,3971
1763078400,2778.31,2791.56,2740.82,2773.49,619.8732025,1279
1763092800,2773.6,2782.9,2670.61,2763.14,3467.44440511,4256
1763107200,2762.98,2767.84,2681.59,2705.0,1459.92056128,4454
1763121600,2705.0,2784.25,2635.64,2750.31,4965.0740118,7915
1763136000,2750.31,2799.16,2715.74,2758.76,1262.91593663,3493
1763150400,2759.11,2763.38,2659.01,2676.58,1853.80937564,2289
1763164800,2676.62,2746.77,2674.86,2732.27,167.31551224,1371
1763179200,2732.27,2744.54,2718.38,2731.9,415.57919406,1300
1763193600,2731.9,2731.9,2697.45,2710.78,538.44131217,2510
1763208000,2710.79,2750.5,2708.06,2741.66,386.24069163,2416
1763222400,2741.95,2779.0,2725.01,2751.32,1220.4256664499999,2679
1763236800,2751.48,2753.65,2712.67,2726.22,340.86480554,1782
1763251200,2726.22,2760.0,2697.75,2754.8,960.54719531,1354
1763265600,2755.57,2768.88,2742.73,2768.46,118.24964558,1120
1763280000,2768.46,2794.0,2720.0,2726.68,587.68502523,2548
1763294400,2726.69,2738.25,2667.0,2670.84,985.59884201,2480
1763308800,2671.52,2689.7,2602.11,2654.54,4153.77348807,4598
1763323200,2654.66,2675.0,2575.09,2661.37,2081.55197097,2977
1763337600,2661.31,2734.0,2639.1,2732.42,546.17705437,1439
1763352000,2732.66,2758.29,2723.79,2751.97,364.85675673,1792
1763366400,2751.97,2772.46,2740.0,2759.09,973.95018093,2786
1763380800,2759.26,2766.81,2670.0,2687.94,2343.64514413,3923
1763395200,2687.94,2706.4,2561.82,2569.71,3284.28263834,4619
1763409600,2569.71,2610.0,2547.54,2608.45,3177.0539368199998,4233
1763424000,2609.7,2624.59,2538.12,2604.63,1634.97761007,1882
1763438400,2604.26,2610.0,2548.37,2603.7,1850.01696148,2582
1763452800,2602.8,2647.62,2602.8,2632.24,2039.95715801,4130
1763467200,2634.96,2687.87,2602.02,2678.88,2129.34218844,3558
1763481600,2678.89,2734.85,2674.24,2714.26,1988.08304275,3668
1763496000,2714.04,2717.66,2671.45,2695.6,811.73792431,2539
1763510400,2695.6,2696.87,2656.58,2689.31,230.65386359,774
1763524800,2680.02,2680.02,2581.0,2661.33,2409.43997596,1877
1763539200,2661.33,2686.16,2639.49,2660.28,830.88548535,2477
1763553600,2660.71,2685.01,2569.04,2571.46,2036.58763904,3796
1763568000,2573.12,2585.02,2491.12,2497.98,4352.3811007,6104
1763582400,2498.87,2620.0,2491.56,2620.0,2104.50077847,3765
1763596800,2620.0,2651.82,2605.0,2637.19,598.25576961,1211
1763611200,2637.24,2656.39,2608.98,2637.01,1055.18827837,2001
1763625600,2637.01,2640.0,2596.8,2623.43,2255.71069145,3059
1763640000,2623.4,2640.0,2557.45,2561.93,2470.33382193,3862
1763654400,2561.93,2565.49,2418.0,2465.9,5619.00393103,6510
1763668800,2464.09,2517.61,2443.0,2455.08,2541.15863737,3562
1763683200,2455.08,2498.49,2402.87,2432.47,569.12328744,1969
1763697600,2432.12,2451.67,2301.04,2354.05,2360.77338751,4665
1763712000,2353.8,2381.62,2308.7,2333.57,3505.55849921,6619
1763726400,2333.56,2413.84,2277.92,2350.53,3807.26763156,8234
1763740800,2349.96,2437.23,2327.0,2388.32,2999.95336931,5087
1763755200,2388.32,2409.73,2352.93,2401.52,981.66000732,2958
1763769600,2401.38,2417.48,2378.81,2390.82,263.20233022,989
1763784000,2390.25,2404.82,2368.3,2394.39,259.73518107,1342
1763798400,2394.39,2394.39,2350.46,2376.67,433.26510387999997,1994
1763812800,2376.69,2392.47,2356.49,2380.02,383.65695726,2633
1763827200,2380.17,2395.63,2377.16,2389.58,303.55654673,2638
1763841600,2388.72,2430.86,2375.0,2406.37,702.87814234,2161
1763856000,2406.37,2460.63,2405.58,2454.07,575.3958926,1148
1763870400,2453.95,2477.19,2414.47,2428.79,693.1178513,1595
1763884800,2428.8,2457.12,2428.63,2449.15,1109.89904762,2971
1763899200,2449.16,2489.53,2445.66,2467.82,1371.39353212,3464
1763913600,2467.79,2475.94,2425.12,2455.01,1833.46141948,2954
1763928000,2456.11,2474.94,2431.16,2435.87,844.69702063,2492
1763942400,2435.87,2488.43,2402.88,2480.38,497.85301308,1236
1763956800,2480.38,2503.07,2434.13,2457.62,1135.5514132,2010
1763971200,2457.62,2464.46,2418.46,2427.6,768.6046302,3643
1763985600,2427.54,2480.93,2416.44,2468.62,1634.89008203,3971
1764000000,2468.04,2584.64,2467.26,2565.61,3273.52533854,5134
1764014400,2565.62,2590.03,2560.49,2563.87,1793.95191262,2971
1764028800,2563.87,2563.87,2523.24,2528.33,259.09583287,1149
1764043200,2528.03,2553.46,2519.69,2519.7,354.64935548,1573
1764057600,2519.84,2524.63,2485.14,2509.34,1342.24778636,3555
1764072000,2509.34,2540.71,2470.0,2503.7,3204.99239199,4146
1764086400,2504.7,2554.11,2482.78,2524.66,1015.54452641,3679
1764100800,2524.66,2574.0,2515.0,2559.0,1774.34945875,2675
1764115200,2558.98,2574.76,2522.11,2525.15,197.45925345,959
1764129600,2525.63,2549.22,2521.41,2543.39,375.50187026,1516
1764144000,2543.38,2545.26,2510.0,2519.12,660.18154727,3079
1764158400,2519.12,2545.78,2496.45,2522.06,3681.64115749,4413
1764172800,2526.12,2624.83,2525.08,2616.9,1872.30900432,4457
1764187200,2616.91,2618.22,2595.8,2610.05,502.84182356,2437
1764201600,2610.05,2644.18,2592.83,2616.83,355.50355611,1577
1764216000,2616.94,2632.41,2602.76,2619.03,340.78057933,1767
1764230400,2619.03,2630.54,2607.01,2615.31,1952.49264673,3286
1764244800,2615.31,2616.66,2576.28,2597.87,870.44145875,3712
1764259200,2597.57,2621.75,2592.99,2615.87,1303.4747995,3041
1764273600,2615.96,2625.0,2593.9,2600.13,930.67442194,2630
1764288000,2600.23,2608.64,2585.0,2597.34,151.45577838,996
1764302400,2597.22,2614.57,2591.61,2593.19,202.92235108,1665
1764316800,2593.06,2656.54,2592.88,2624.42,1116.09025303,3819
1764331200,2624.61,2679.29,2618.35,2651.88,1463.82941751,4379
1764345600,2651.77,2651.77,2601.7,2630.0,819.59251976,3490
1764360000,2630.0,2638.12,2606.0,2615.47,299.57989018,2092
1764374400,2615.47,2632.89,2605.93,2608.28,112.18560989,1323
1764388800,2608.43,2627.66,2583.42,2593.64,388.21750149,1695
1764403200,2593.64,2599.48,2577.18,2590.48,433.83739292,2203
1764417600,2590.48,2605.46,2579.29,2596.41,424.33643413,2153
1764432000,2596.53,2599.15,2560.01,2580.46,380.91748414,1971
1764446400,2580.24,2589.42,2575.34,2580.88,216.41412679,1443
1764460800,2580.88,2599.51,2570.01,2591.2,120.30203787,1093
1764475200,2591.22,2597.56,2578.12,2594.75,61.20276493,974
1764489600,2594.58,2604.99,2590.0,2593.24,551.4622928,2098
1764504000,2592.67,2633.93,2590.75,2614.11,357.07653663,2678
1764518400,2614.68,2632.14,2614.03,2618.67,266.05678415,2576
1764532800,2618.68,2624.15,2579.08,2580.37,410.99783556,2608
1764547200,2580.37,2585.84,2429.26,2436.27,3042.50269741,3734
1764561600,2436.78,2449.4,2422.05,2447.9,1489.20448742,2780
1764576000,2447.73,2458.09,2438.0,2441.1,1829.22052412,3931
1764590400,2441.07,2442.49,2339.82,2361.44,7870.46871175,7511
1764604800,2362.1,2373.63,2340.01,2361.31,4736.97338811,4640
1764619200,2361.05,2427.93,2361.05,2411.55,995.39902992,3712
1764633600,2411.62,2432.75,2399.15,2415.15,172.16478052,1256
1764648000,2415.86,2425.52,2410.58,2417.96,534.292167,1595
1764662400,2417.96,2442.01,2396.02,2433.53,1469.61435555,3090
1764676800,2433.77,2605.36,2425.54,2590.77,3575.07841589,5717
1764691200,2590.43,2612.92,2574.57,2596.16,2592.89314518,4302
1764705600,2595.56,2597.92,2559.3,2577.26,700.64967007,2435
1764720000,2577.26,2618.68,2568.49,2605.81,292.20008649,1354
1764734400,2605.81,2649.0,2604.43,2628.0,440.75174584,2138
1764748800,2628.0,2639.69,2617.05,2635.95,1170.01362271,3316
1764763200,2635.95,2696.43,2600.0,2647.27,1604.18832197,4944
1764777600,2647.28,2691.83,2628.89,2680.44,813.09006328,3867
1764792000,2680.44,2754.86,2670.77,2733.57,3160.64900822,4073
1764806400,2733.7,2778.77,2723.22,2753.36,812.59656198,1642
1764820800,2753.36,2761.59,2721.22,2735.54,410.88730053,1684
1764835200,2735.45,2749.19,2723.33,2728.9,898.51346111,3080
1764849600,2729.84,2767.16,2693.0,2750.21,1651.35152967,3842
1764864000,2750.21,2766.15,2634.29,2678.31,1331.92155314,3949
1764878400,2677.84,2705.81,2668.97,2692.06,644.01029594,2014
1764892800,2692.06,2740.94,2691.6,2722.39,1565.43653113,1434
1764907200,2724.06,2731.24,2706.74,2721.56,1805.64351991,1626
1764921600,2721.87,2721.87,2670.18,2690.63,696.41027154,2501
1764936000,2690.63,2711.35,2646.34,2669.6,2185.21696989,3286
1764950400,2669.11,2670.46,2566.35,2611.1,2305.69168852,5138
1764964800,2611.05,2621.53,2587.01,2599.22,659.48206071,2305
1764979200,2599.22,2619.48,2591.37,2613.2,261.41756854,1265
1764993600,2614.57,2615.43,2602.11,2602.38,120.80775698,1056
1765008000,2602.68,2615.34,2591.72,2613.85,329.1241007,2364
1765022400,2614.15,2639.91,2604.13,2616.67,686.49047539,2487
1765036800,2616.01,2635.63,2602.11,2606.72,475.89186789,2262
1765051200,2606.3,2626.55,2604.28,2613.03,260.02191952,1833
1765065600,2613.03,2627.6,2608.97,2626.67,91.31894471,842
1765080000,2626.59,2630.0,2609.23,2612.58,114.93270781,821
1765094400,2612.58,2617.22,2602.16,2610.48,426.74155249,1770
1765108800,2610.74,2624.44,2500.0,2605.35,1024.0301778,3283
1765123200,2603.18,2706.77,2580.15,2695.84,933.30223192,3272
1765137600,2696.06,2704.23,2590.79,2632.28,651.77155388,2374
1765152000,2630.05,2690.0,2614.45,2670.32,213.54939637,1341
1765166400,2671.6,2694.05,2670.3,2688.42,508.23061322,1476
1765180800,2688.43,2726.86,2684.18,2698.01,978.18609842,2859
1765195200,2698.23,2728.46,2659.45,2669.98,2001.95757227,3967
1765209600,2669.71,2696.77,2645.04,2680.71,1594.65851053,3185
1765224000,2680.8,2709.25,2676.75,2684.77,1667.24654047,1967
1765238400,2684.98,2700.54,2655.61,2686.73,330.58204811,936
1765252800,2687.4,2689.37,2659.74,2683.04,403.4987675,1426
1765267200,2683.3,2689.77,2657.99,2679.54,795.61000754,2605
1765281600,2679.49,2799.6,2665.4,2789.35,2629.57290259,4733
1765296000,2792.23,2918.82,2792.23,2885.84,4695.13282564,6455
1765310400,2885.49,2887.84,2825.48,2855.57,1486.48109715,3575
1765324800,2853.52,2860.44,2827.52,2846.25,154.54436987,846
1765339200,2846.25,2866.11,2843.82,2855.0,461.6392575,1252
1765353600,2855.0,2901.82,2836.53,2853.47,1376.26365608,3280
1765368000,2853.43,2870.15,2840.01,2859.0,1048.99713711,3123
1765382400,2859.0,2950.0,2853.73,2904.17,3037.33792252,6015
1765396800,2904.53,2949.49,2838.34,2840.09,3557.34189116,3811
1765411200,2841.77,2844.91,2711.42,2731.06,808.30887621,2393
1765425600,2731.31,2752.62,2723.18,2739.0,2089.92941901,2001
1765440000,2739.0,2749.38,2717.34,2727.63,864.80309628,3092
1765454400,2726.99,2738.12,2681.86,2707.4,1216.49634689,3971
1765468800,2706.12,2752.76,2685.67,2722.75,1528.8345054,2974
1765483200,2721.17,2789.14,2721.17,2757.72,1180.57026866,2451
1765497600,2758.34,2782.95,2716.08,2767.1,224.25950749999998,880
1765512000,2767.21,2782.13,2756.5,2766.92,280.41099139,1071
1765526400,2767.19,2776.28,2752.98,2767.05,1304.54979361,2489
1765540800,2766.62,2773.38,2607.9,2618.7,1982.35693968,4890
1765555200,2617.97,2643.47,2595.79,2619.3,2031.20179256,4820
1765569600,2619.11,2639.19,2613.44,2629.54,1214.07908938,2247
1765584000,2629.83,2637.0,2625.1,2633.21,260.44235474,979
1765598400,2633.42,2638.93,2629.66,2638.3,97.22045281,1247
1765612800,2638.3,2672.18,2636.77,2659.04,442.56373945,2547
1765627200,2659.04,2665.51,2638.99,2651.03,376.2339963,2260
1765641600,2650.98,2656.69,2640.0,2649.3,490.91825692000003,2282
1765656000,2650.03,2658.35,2624.78,2654.8,534.12235736,1815
1765670400,2654.69,2666.95,2646.04,2659.01,273.07207411,728
1765684800,2658.39,2660.81,2646.6,2656.28,136.01316197,743
1765699200,2656.16,2660.16,2600.76,2630.05,1107.6437307,2138
1765713600,2630.06,2649.0,2618.06,2628.74,1001.38681181,1997
1765728000,2629.29,2647.67,2620.83,2637.5,564.54866699,2575
1765742400,2636.71,2639.7,2576.01,2610.0,1832.93610034,2839
1765756800,2610.0,2683.97,2606.07,2649.53,800.80920288,1690
1765771200,2649.53,2679.0,2646.18,2667.96,343.13848831,1212
1765785600,2667.96,2705.22,2665.73,2687.4,932.4420538,3093
1765800000,2687.67,2688.42,2540.13,2560.17,3277.23978673,5542
1765814400,2559.55,2566.28,2465.68,2503.0,2123.30817524,5227
1765828800,2503.01,2526.28,2483.86,2522.78,1516.84133269,3821
1765843200,2522.73,2533.15,2487.67,2499.51,576.91918974,1642
1765857600,2499.15,2511.1,2448.87,2488.5,830.69287052,2549
1765872000,2488.5,2520.0,2484.67,2514.31,818.4071911999999,3077
1765886400,2514.88,2530.0,2452.26,2517.08,2398.80621213,4386
1765900800,2517.53,2524.0,2476.05,2505.42,1948.47844762,3601
1765915200,2505.02,2523.95,2500.28,2520.77,1798.02498,2159
1765929600,2520.52,2529.23,2503.83,2510.38,437.51137156,1029
1765944000,2510.5,2520.04,2484.42,2516.65,403.28319566,1649
1765958400,2516.33,2516.34,2482.5,2499.97,1832.22580487,2672
1765972800,2500.27,2578.0,2458.81,2469.92,4233.73149476,6311
1765987200,2470.17,2488.42,2375.65,2399.98,3461.82394852,6210
1766001600,2400.46,2415.76,2388.85,2413.17,890.43870372,2684
1766016000,2412.08,2424.08,2403.21,2410.82,739.65814123,1325
1766030400,2410.91,2419.2,2403.21,2415.9,483.88203651,1666
1766044800,2416.16,2441.36,2415.8,2437.45,1228.24821365,2790
1766059200,2437.77,2556.31,2434.49,2526.43,5813.74330197,4598
1766073600,2526.38,2528.44,2367.0,2373.06,3170.82288132,4468
1766088000,2371.1,2419.01,2370.74,2411.49,1785.29308286,2554
1766102400,2411.44,2501.74,2396.34,2479.12,1495.43612831,1655
1766116800,2480.26,2544.0,2479.46,2519.67,1104.57823239,1789
1766131200,2519.66,2535.0,2508.3,2530.34,1016.01811528,2337
1766145600,2530.72,2573.26,2504.82,2530.28,2437.32889227,4168
1766160000,2530.28,2563.88,2503.34,2545.16,2400.87100164,3204
1766174400,2544.75,2560.0,2539.3,2542.72,355.80076245,1417
1766188800,2542.72,2554.3,2534.44,2551.05,330.09699539,853
1766203200,2551.05,2551.13,2539.21,2544.66,517.6692263,1143
1766217600,2544.49,2552.22,2540.05,2548.85,385.04891052,1621
1766232000,2548.85,2555.0,2533.53,2540.9,398.15290872,1915
1766246400,2540.9,2544.1,2538.23,2541.83,284.49975682,1602
1766260800,2541.84,2548.53,2539.11,2542.1,299.18850015,1343
1766275200,2541.94,2544.94,2529.0,2538.19,293.00719895,870
1766289600,2537.96,2545.73,2537.17,2545.32,90.44872717,651
1766304000,2545.32,2573.18,2542.18,2558.22,583.22105571,1834
1766318400,2558.22,2564.95,2513.59,2539.08,1129.60281736,2511
1766332800,2539.08,2558.0,2533.73,2553.36,467.55416174,1793
1766347200,2553.34,2568.36,2535.44,2562.37,640.97770691,1442
1766361600,2562.46,2610.46,2537.0,2577.26,840.62939433,1620
1766376000,2577.26,2594.48,2576.15,2583.05,628.00739887,1121
1766390400,2582.09,2604.08,2577.47,2598.24,2341.3733133,2901
1766404800,2598.0,2620.0,2570.0,2594.74,3531.394082,4330
1766419200,2594.51,2601.33,2529.27,2535.83,1254.21965714,2963
1766433600,2534.66,2561.24,2521.66,2555.9,1245.67096148,1878
1766448000,2557.31,2579.84,2524.21,2541.1,789.15394305,1189
1766462400,2539.35,2544.88,2501.2,2516.56,532.8913778,1467
1766476800,2516.57,2521.08,2504.34,2519.78,1522.08846805,2492
1766491200,2519.78,2519.93,2461.92,2486.27,2155.89034457,3627
1766505600,2486.26,2517.47,2470.46,2496.28,2685.39151514,2702
1766520000,2495.91,2532.98,2495.0,2512.01,1526.53783064,1855
1766534400,2512.06,2521.81,2477.14,2497.72,1126.77337224,1048
1766548800,2497.72,2507.66,2472.23,2486.04,672.33810624,1187
1766563200,2486.04,2493.92,2470.22,2479.36,849.92992636,2156
1766577600,2479.33,2491.58,2451.76,2482.22,1571.70622591,2559
1766592000,2482.4,2505.63,2480.01,2499.0,492.2140764,1685
1766606400,2499.0,2513.15,2495.97,2501.08,407.06324558,1053
1766620800,2500.98,2509.74,2492.39,2501.19,249.34851207,711
1766635200,2501.19,2501.95,2493.09,2496.52,215.55683677,646
1766649600,2496.29,2499.76,2471.27,2482.01,476.60531108,1532
1766664000,2482.01,2519.56,2477.63,2509.51,576.71708768,1513
1766678400,2510.91,2516.37,2497.12,2507.55,744.56312285,1427
1766692800,2507.65,2507.85,2453.52,2463.79,1008.22216147,1536
1766707200,2463.34,2536.61,2454.72,2513.95,609.44465024,1398
1766721600,2512.91,2537.77,2503.17,2508.78,555.12485218,1133
1766736000,2509.14,2524.98,2507.34,2515.37,298.93937792,1614
1766750400,2515.51,2529.97,2457.0,2479.85,1039.08646528,2223
1766764800,2481.16,2492.77,2470.2,2483.76,563.95736628,1554
1766779200,2482.95,2493.77,2480.5,2485.64,265.22060809,1237
1766793600,2486.22,2490.42,2481.3,2490.24,199.30460802,714
1766808000,2490.36,2493.8,2485.58,2490.86,124.98893279,849
1766822400,2490.86,2494.62,2477.12,2488.18,471.95723031,1571
1766836800,2488.24,2490.17,2483.51,2483.98,465.21504992,1619
1766851200,2483.79,2486.87,2476.63,2486.87,484.35864011,1547
1766865600,2486.95,2511.44,2485.09,2502.56,375.30237364,1291
1766880000,2501.96,2503.87,2496.06,2497.6,157.77187962,695
1766894400,2497.29,2499.34,2486.47,2493.28,313.06448544,1019
1766908800,2493.28,2499.66,2487.76,2496.72,522.71344024,1431
1766923200,2496.72,2510.5,2491.27,2501.2,362.46970971,1694
1766937600,2501.49,2505.0,2481.82,2485.69,624.46321453,1844
1766952000,2485.69,2507.99,2484.0,2503.69,438.62423057,1326
1766966400,2503.94,2583.17,2498.6,2579.92,507.59398357,1555
1766980800,2580.57,2592.39,2550.0,2560.01,848.50841454,1903
1766995200,2560.01,2565.01,2507.09,2512.71,1465.10876651,3087
1767009600,2512.71,2514.44,2472.19,2492.54,2208.29256987,3150
1767024000,2492.41,2504.27,2477.0,2489.66,1313.04725201,2241
1767038400,2489.66,2498.05,2484.35,2492.92,459.77981081,1632
1767052800,2492.92,2506.87,2477.93,2503.47,479.72839861,986
1767067200,2503.47,2508.97,2491.35,2504.03,405.81829099,1016
1767081600,2504.04,2548.54,2503.76,2528.55,1508.14088607,2703
1767096000,2528.98,2554.01,2514.83,2540.29,2844.33116903,3027
1767110400,2540.0,2543.0,2505.0,2527.29,1857.16591724,2507
1767124800,2526.51,2529.0,2513.56,2529.0,665.82538497,2040
1767139200,2529.0,2537.93,2518.58,2526.05,596.57115504,1205
1767153600,2526.14,2534.45,2522.74,2532.97,1061.73693536,1259
1767168000,2532.97,2553.41,2524.36,2552.66,1214.67272122,2368
1767182400,2552.55,2573.93,2526.88,2538.5,2888.80382041,3638
1767196800,2538.51,2547.86,2518.84,2526.1,1386.15724256,2397
1767211200,2526.01,2534.95,2518.46,2525.99,820.98853719,1423
