1704067200,2281.94,2305.0,2272.2,2273.66,2616.44988697,1159
1704081600,2273.65,2287.0,2266.64,2284.52,3061.78538456,803
1704096000,2284.51,2303.43,2281.0,2303.43,580.86434049,572
1704110400,2303.43,2316.01,2295.94,2314.32,1393.68275278,1007
1704124800,2314.33,2340.41,2307.39,2338.19,3137.55432952,1634
1704139200,2338.21,2352.57,2324.13,2352.57,2381.74724172,1535
1704153600,2352.57,2398.18,2326.3,2387.78,9000.88900838,2952
1704168000,2388.32,2392.87,2376.76,2387.0,3883.76972773,1499
1704182400,2386.99,2430.92,2383.01,2390.49,5619.46182146,3231
1704196800,2391.63,2404.34,2353.68,2358.96,4270.70708212,2629
1704211200,2359.09,2371.78,2351.7,2369.74,3866.62621968,2612
1704225600,2369.36,2380.1,2344.18,2356.21,2711.4264567,2369
1704240000,2356.21,2383.33,2350.01,2368.99,2077.25110112,1570
1704254400,2368.98,2380.76,2359.98,2362.77,2461.2812947,1462
1704268800,2362.7,2384.01,2300.0,2308.63,2776.14992074,2687
1704283200,2309.22,2309.57,1860.0,2240.46,30290.5957947396,15423
1704297600,2240.46,2247.96,2192.97,2207.85,6683.6988993001,3484
1704312000,2207.36,2228.22,2197.43,2210.31,2017.74509591,2019
1704326400,2210.3,2239.87,2204.91,2231.67,1876.29495015,2081
1704340800,2231.67,2246.27,2223.41,2223.87,1041.46727115,1415
1704355200,2223.87,2232.86,2207.73,2230.71,1320.65293023,1369
1704369600,2230.72,2284.99,2226.48,2279.02,2779.03616279,2932
1704384000,2278.93,2294.74,2262.29,2278.73,6868.3456612,3102
1704398400,2278.73,2297.5,2265.75,2268.7,3182.5983712,2359
1704412800,2269.33,2277.56,2217.26,2243.77,2946.63039923,2829
1704427200,2243.93,2265.64,2236.87,2255.01,2668.93180039,1923
1704441600,2255.01,2271.85,2236.23,2243.83,1749.16495654,1706
1704456000,2243.84,2254.37,2221.0,2225.33,2708.52575038,2687
1704470400,2225.38,2240.74,2209.32,2235.46,2726.60173413,2427
1704484800,2235.67,2278.0,2235.66,2269.24,3777.57837136,2396
1704499200,2269.23,2271.61,2252.16,2255.56,2524.83186579,1609
1704513600,2255.56,2256.19,2218.63,2234.03,3769.88156793,1710
1704528000,2234.02,2239.66,2231.32,2238.55,675.23095448,972
1704542400,2238.55,2249.22,2230.05,2247.62,594.86466204,1242
1704556800,2247.73,2253.89,2240.0,2245.99,776.12971546,1387
1704571200,2245.99,2247.54,2233.8,2240.84,2164.9424965,1455
1704585600,2240.83,2253.57,2237.03,2243.07,1069.28484214,1281
1704600000,2243.32,2251.0,2242.51,2249.04,704.23703722,983
1704614400,2249.03,2252.0,2232.5,2238.48,734.87273132,1160
1704628800,2238.49,2256.0,2224.7,2231.6,1674.94119047,1509
1704643200,2231.59,2249.63,2223.99,2248.96,1747.27541276,1513
1704657600,2248.97,2250.38,2208.4,2220.78,5395.2886297,2696
1704672000,2222.38,2224.07,2170.0,2191.57,4338.30170291,3603
1704686400,2191.64,2228.26,2189.58,2224.93,1795.89327537,2355
1704700800,2224.92,2242.46,2219.08,2240.02,846.61521935,521
1704715200,2240.03,2282.88,2118.0,2272.11,6886.9605557701,4553
1704729600,2272.1,2358.98,2262.32,2356.92,7651.59473295,4546
1704744000,2356.93,2358.98,2328.99,2333.0,2195.4395662,2471
1704758400,2333.01,2338.63,2292.55,2311.21,1737.26176507,2392
1704772800,2311.17,2318.11,2300.27,2308.39,976.10666204,1547
1704787200,2308.39,2310.8,2285.0,2300.5,1865.04280278,1875
1704801600,2300.19,2303.71,2230.0,2258.99,5373.60639817,3583
1704816000,2258.99,2277.44,2245.09,2270.13,2218.68058293,2468
1704830400,2270.14,2371.99,2249.5,2345.13,14641.5123372701,7547
1704844800,2345.09,2400.0,2342.79,2362.54,9507.8052464001,4331
1704859200,2362.67,2392.05,2360.0,2370.5,2394.06707348,2230
1704873600,2370.51,2429.0,2365.37,2401.85,5474.23093405,3745
1704888000,2401.97,2456.17,2346.6,2450.33,8998.3901577201,5505
1704902400,2449.67,2481.01,2403.0,2480.01,8916.5827405201,5925
1704916800,2480.0,2642.03,2407.46,2584.13,27515.8902163995,13424
1704931200,2584.06,2614.63,2567.52,2614.4,7054.35205527,4116
1704945600,2614.29,2631.02,2575.0,2588.29,9000.36606261,3019
1704960000,2588.98,2666.0,2588.64,2660.01,4551.84308421,3826
1704974400,2660.01,2690.97,2599.0,2612.75,18473.31352235,8013
1704988800,2612.58,2623.43,2568.65,2622.24,11362.3267665101,5193
1705003200,2622.28,2632.57,2590.52,2620.01,7378.03923622,3186
1705017600,2620.01,2624.52,2582.0,2590.4,2931.67350647,2327
1705032000,2590.29,2625.11,2587.89,2596.6,4427.12372976,2295
1705046400,2596.59,2667.98,2585.02,2648.72,5653.67827189,3066
1705060800,2648.72,2716.13,2636.7,2646.95,12706.5646401601,7664
1705075200,2646.96,2688.24,2554.0,2581.81,19320.53186787,7561
1705089600,2581.8,2595.98,2438.29,2522.85,14126.4025437901,7458
1705104000,2522.86,2555.39,2498.0,2547.42,4381.53169695,3521
1705118400,2547.43,2559.34,2539.93,2550.8,2011.00546294,1400
1705132800,2550.81,2559.0,2523.05,2543.08,1951.88641145,1606
1705147200,2543.09,2565.33,2532.01,2563.79,3961.72285081,2032
1705161600,2564.83,2577.45,2550.85,2572.27,3024.9178975,2326
1705176000,2569.95,2588.58,2563.34,2576.6,3767.37163704,2181
1705190400,2576.6,2578.8,2549.6,2550.27,1077.86264483,1610
1705204800,2550.28,2554.93,2541.19,2549.67,1172.57850108,1393
1705219200,2549.67,2552.27,2532.98,2537.69,2125.76745436,1223
1705233600,2537.69,2545.39,2525.18,2539.51,4246.83711541,1621
1705248000,2539.5,2542.4,2500.0,2500.0,3568.20781917,2452
1705262400,2499.76,2528.58,2468.78,2471.34,3528.13443233,3148
1705276800,2471.04,2513.09,2469.81,2502.14,2777.23501735,2086
1705291200,2502.15,2520.0,2502.15,2512.85,1431.52342968,1151
1705305600,2512.85,2540.83,2507.5,2537.52,4878.94583359,2027
1705320000,2537.53,2548.23,2506.52,2513.33,2407.30228566,1921
1705334400,2512.79,2550.82,2512.75,2532.68,2258.85201246,2167
1705348800,2532.67,2537.41,2497.73,2510.22,4385.29343564,2033
1705363200,2510.23,2534.56,2503.81,2534.45,889.65439895,1517
1705377600,2534.57,2537.71,2520.7,2524.17,1178.80157658,1160
1705392000,2524.16,2545.85,2521.12,2527.67,948.95340254,1285
1705406400,2527.68,2567.86,2499.28,2557.08,3902.03814293,2642
1705420800,2557.57,2577.68,2548.54,2573.62,2682.50279111,2315
1705435200,2573.61,2614.21,2573.27,2586.15,10984.09465973,3546
1705449600,2586.59,2592.67,2571.05,2571.05,1688.3609465,1685
1705464000,2571.06,2574.89,2551.29,2551.98,1269.05358136,1391
1705478400,2551.4,2552.53,2536.83,2541.23,1327.11124989,1457
1705492800,2541.02,2571.8,2532.67,2538.32,2589.86611806,2320
1705507200,2538.19,2542.39,2515.77,2532.71,7282.04411411,2997
1705521600,2532.71,2541.53,2507.46,2527.96,3928.48421277,2441
1705536000,2527.96,2531.53,2509.59,2527.1,1198.36534737,1577
1705550400,2527.1,2535.86,2524.01,2534.52,580.20463202,1173
1705564800,2534.52,2545.47,2513.17,2520.46,1045.85451405,1405
1705579200,2519.98,2532.24,2501.44,2523.36,2282.36650545,2095
1705593600,2523.36,2523.36,2424.55,2435.93,8513.78542725,4885
1705608000,2435.93,2468.86,2425.0,2467.0,2903.62031195,2722
1705622400,2467.0,2471.13,2441.06,2458.69,3576.07270895,1849
1705636800,2458.69,2470.91,2454.94,2463.43,961.13589089,1129
1705651200,2463.43,2491.4,2457.99,2487.92,1028.6724538,1502
1705665600,2487.93,2495.46,2457.81,2460.03,1830.45195077,2079
1705680000,2461.07,2499.06,2413.99,2490.48,6227.72515331,3869
1705694400,2490.48,2502.09,2480.0,2489.53,2103.25826511,1901
1705708800,2490.08,2490.08,2475.0,2479.68,1162.42714592,1234
1705723200,2479.66,2484.71,2475.06,2477.33,835.12866378,1025
1705737600,2477.33,2478.44,2463.01,2468.88,619.71374892,896
1705752000,2468.88,2473.2,2458.17,2461.85,999.39336058,984
1705780800,2464.16,2473.51,2464.16,2470.35,290.81827256,637
1705795200,2470.35,2478.03,2463.26,2473.0,770.56294105,625
1705809600,2473.0,2473.0,2465.44,2472.78,517.49705553,456
1705824000,2472.78,2480.29,2471.75,2471.76,502.05696862,527
1705838400,2471.76,2479.5,2464.0,2466.78,766.45452037,738
1705852800,2466.78,2477.07,2464.01,2472.49,1049.5445007,888
1705867200,2472.81,2474.0,2450.83,2454.13,1654.79328434,1086
1705881600,2454.13,2464.19,2423.0,2435.15,978.65493128,1303
1705896000,2435.15,2435.15,2400.0,2418.5,1998.95709719,1574
1705910400,2418.5,2418.5,2361.57,2380.47,3028.62856988,2521
1705924800,2379.99,2401.68,2349.74,2375.8,5443.64842551,2476
1705939200,2376.13,2382.0,2303.89,2319.71,6686.2002741701,3757
1705953600,2319.37,2348.54,2302.16,2310.77,2237.86475463,2320
1705968000,2311.05,2340.3,2310.36,2337.6,1635.12131791,1449
1705982400,2337.6,2348.05,2314.76,2318.68,1708.82046862,1218
1705996800,2319.34,2322.16,2201.68,2215.77,7375.67531248,4373
1706011200,2216.04,2228.65,2165.9,2215.83,8843.59397292,4258
1706025600,2215.83,2229.26,2180.9,2183.61,5036.30379651,2497
1706040000,2184.08,2245.0,2182.64,2242.11,4259.55767218,2121
1706054400,2240.92,2252.41,2211.52,2211.84,3411.74026483,1837
1706068800,2212.31,2242.83,2211.86,2232.94,2384.4952179,1267
1706083200,2232.93,2262.21,2227.12,2243.1,1599.78254309,1489
1706097600,2243.05,2246.66,2218.5,2233.01,2352.76048145,1765
1706112000,2233.01,2242.41,2202.86,2212.07,4718.6368415,2124
1706126400,2212.07,2238.72,2196.3,2234.18,3084.76163025,2325
1706140800,2233.96,2237.96,2207.0,2216.5,2456.58603695,1684
1706155200,2216.5,2225.63,2203.53,2225.63,825.04556314,1085
1706169600,2225.64,2239.75,2217.06,2230.93,1455.18797691,1201
1706184000,2230.93,2232.69,2181.29,2187.99,2316.71536586,1787
1706198400,2187.98,2222.62,2170.82,2217.56,3782.46606946,2365
1706212800,2217.56,2228.61,2211.43,2217.38,1389.42358435,1487
1706227200,2217.38,2236.73,2209.94,2221.66,1051.77552683,1245
1706241600,2221.67,2228.17,2195.52,2196.47,1101.11142079,1098
1706256000,2196.46,2258.32,2195.9,2253.51,4815.06385525,1836
1706270400,2253.51,2262.21,2232.27,2255.91,3938.96071035,1991
1706284800,2255.91,2280.0,2251.76,2258.22,4435.19158168,2557
1706299200,2257.95,2270.99,2252.88,2267.82,2365.68506498,1554
1706313600,2267.82,2282.0,2266.34,2274.13,2045.95607604,1253
1706328000,2273.94,2276.07,2254.27,2257.74,796.22201794,813
1706342400,2257.74,2269.99,2252.06,2265.84,856.93619763,749
1706356800,2265.84,2274.04,2262.12,2270.41,1530.60344886,901
1706371200,2270.41,2276.93,2263.01,2272.8,1171.64687679,1041
1706385600,2272.87,2275.27,2263.63,2268.11,2282.11945383,1192
1706400000,2266.59,2288.0,2263.45,2286.86,1541.84681289,1110
1706414400,2286.86,2307.29,2283.13,2283.13,1344.42921466,1144
1706428800,2283.13,2299.97,2278.0,2281.54,884.77441562,885
1706443200,2281.55,2284.89,2263.83,2269.4,1088.93943874,1048
1706457600,2269.4,2275.48,2249.13,2253.86,2190.39692337,1352
1706472000,2253.85,2265.48,2241.35,2257.24,2186.26815824,1198
1706486400,2257.24,2276.48,2250.95,2271.16,752.00027079,1063
1706500800,2271.16,2272.78,2258.91,2259.06,347.68811804,751
1706515200,2259.06,2276.25,2254.65,2263.53,635.27425895,863
1706529600,2263.9,2273.7,2234.11,2273.7,3870.72703506,1889
1706544000,2273.7,2312.86,2265.43,2294.61,4092.73004325,2923
1706558400,2293.5,2322.91,2293.5,2316.49,1900.37980668,1777
1706572800,2316.5,2327.15,2305.1,2312.13,1220.4227406,1485
1706587200,2312.12,2312.45,2302.26,2309.17,1364.06797518,1223
1706601600,2309.05,2316.6,2303.27,2313.87,1155.52574913,1099
1706616000,2313.87,2347.35,2296.73,2339.49,3601.14020815,2712
1706630400,2339.5,2380.24,2336.44,2374.92,4965.59746631,3290
1706644800,2374.92,2390.18,2337.35,2343.32,4657.64493855,2426
1706659200,2343.4,2351.2,2326.96,2341.5,1841.74942523,1606
1706673600,2341.5,2342.22,2330.93,2339.5,795.80943359,1152
1706688000,2339.49,2339.86,2280.0,2298.55,1831.31201853,1924
1706702400,2298.56,2330.03,2291.54,2328.0,2634.27182384,2187
1706716800,2329.39,2350.0,2308.74,2321.63,4679.07092668,2470
1706731200,2321.73,2322.34,2263.5,2283.42,4812.34947706,2891
1706745600,2283.41,2287.06,2241.45,2256.29,4415.98567703,2675
1706760000,2256.29,2275.08,2250.37,2270.1,656.57465968,1363
1706774400,2270.1,2274.21,2263.3,2264.01,795.46999625,1094
1706788800,2264.01,2306.66,2261.33,2287.88,3237.63907276,1898
1706803200,2288.09,2309.99,2270.12,2302.88,2609.25708763,2187
1706817600,2303.52,2308.47,2287.26,2303.86,2314.06797158,1414
1706832000,2303.85,2319.98,2298.37,2301.26,2298.98094654,1171
1706846400,2301.26,2316.36,2296.23,2313.17,1335.24840153,964
1706860800,2312.85,2316.42,2304.0,2315.8,667.03837559,896
1706875200,2315.81,2322.56,2280.14,2311.76,2584.20944256,2147
1706889600,2311.77,2321.6,2286.58,2299.1,1906.87200816,1587
1706904000,2299.28,2307.62,2294.57,2306.46,765.33929624,1026
1706918400,2306.59,2327.55,2306.59,2320.42,1298.88497581,1263
1706932800,2320.4,2323.35,2312.72,2315.15,452.83958323,757
1706947200,2315.14,2315.16,2300.51,2301.6,601.27994722,633
1706961600,2301.6,2307.05,2293.51,2303.07,725.30607311,934
1706976000,2303.07,2311.04,2296.2,2301.99,346.30432866,960
1706990400,2302.0,2304.26,2293.79,2294.43,412.33674594,891
1707004800,2294.43,2304.82,2292.2,2302.65,699.87873373,951
1707019200,2302.64,2302.64,2287.01,2290.51,532.31839322,812
1707033600,2290.23,2307.06,2287.24,2306.0,434.9903845,708
1707048000,2306.01,2307.07,2297.37,2300.39,536.26669972,673
1707062400,2300.41,2305.61,2268.73,2278.82,3165.42240936,1396
1707076800,2278.8,2309.41,2275.01,2288.62,2995.95198921,1600
1707091200,2288.62,2294.76,2268.41,2294.76,743.12475347,911
1707105600,2294.75,2309.01,2288.32,2307.95,896.58699988,837
1707120000,2308.13,2328.29,2308.12,2326.83,2086.58920165,1303
1707134400,2326.84,2334.62,2292.6,2295.21,1237.08674474,1592
1707148800,2294.05,2308.49,2288.34,2302.98,1207.53817199,1700
1707163200,2302.99,2302.99,2282.2,2299.02,1827.62766349,1596
1707177600,2299.04,2326.06,2296.77,2314.31,1186.32813812,1501
1707192000,2314.34,2323.48,2307.01,2323.08,870.07698614,1017
1707206400,2323.07,2339.81,2316.61,2323.18,1509.44869944,1412
1707220800,2323.18,2345.67,2311.9,2340.65,5005.66416149,1930
1707235200,2340.66,2378.32,2340.29,2377.97,3613.03506095,2414
1707249600,2377.96,2389.78,2371.69,2372.13,2197.15451748,1734
1707264000,2372.14,2388.0,2362.0,2362.01,9598.89963865,1898
1707278400,2362.01,2366.1,2356.66,2360.01,836.7887466,964
1707292800,2360.01,2373.87,2353.52,2358.75,1299.92227924,971
1707307200,2358.75,2383.26,2358.74,2367.31,2059.93356708,1445
1707321600,2367.33,2422.94,2367.33,2419.08,8249.26708589,3732
1707336000,2419.19,2442.99,2418.79,2423.67,8139.50385331,3162
1707350400,2423.68,2449.32,2423.64,2432.12,10471.43065195,2647
1707364800,2432.12,2432.28,2411.09,2419.67,5792.91635174,1564
1707379200,2419.67,2427.34,2415.09,2423.98,4608.17293329,1855
1707393600,2423.98,2462.16,2414.89,2452.72,9060.30773674,3898
1707408000,2452.73,2453.29,2412.04,2421.41,7316.12381466,2739
1707422400,2421.42,2432.59,2419.2,2419.62,6273.73563876,2310
1707436800,2419.61,2463.0,2419.04,2446.58,4397.68033201,2180
1707451200,2446.59,2462.2,2440.24,2453.11,5044.20203805,1801
1707465600,2453.2,2504.34,2453.2,2502.21,5001.8045025,3004
1707480000,2502.22,2521.54,2476.38,2493.81,11337.81267319,4565
1707494400,2493.81,2524.31,2478.49,2486.53,6506.33545512,3231
1707508800,2486.53,2507.18,2486.52,2487.21,2110.26953812,1709
1707523200,2487.21,2514.51,2486.0,2512.2,1432.42973118,1373
1707537600,2512.2,2515.25,2496.74,2496.93,870.90871818,923
1707552000,2495.95,2499.57,2474.08,2482.53,3316.29612745,1351
1707566400,2482.6,2496.14,2482.6,2490.95,1414.0676072,1113
1707580800,2490.94,2496.58,2485.0,2496.58,1043.62007744,1022
1707595200,2496.58,2516.05,2488.56,2500.02,4596.69723603,1840
1707609600,2500.02,2527.59,2495.0,2527.59,1048.78039393,1397
1707624000,2527.6,2536.71,2517.67,2526.68,1261.00671692,1293
1707638400,2526.67,2538.1,2514.31,2530.54,816.7660891,1099
1707652800,2530.8,2531.87,2507.48,2509.82,1008.1486062,1224
1707667200,2509.64,2519.39,2499.52,2508.5,934.03484739,1340
1707681600,2508.52,2512.99,2495.26,2507.02,1250.77819982,1284
1707696000,2507.03,2523.12,2492.67,2501.25,1812.47835945,1378
1707710400,2501.25,2502.85,2481.72,2502.22,689.89849669,1062
1707724800,2501.77,2505.14,2472.03,2487.23,1339.93121402,1085
1707739200,2487.24,2561.93,2482.87,2557.39,3132.16397374,2774
1707753600,2557.39,2637.19,2539.53,2610.55,7480.82114327,5015
1707768000,2611.44,2665.23,2611.44,2659.0,5057.16443508,2947
1707782400,2659.01,2685.24,2637.74,2639.21,4327.12395898,2476
1707796800,2639.32,2654.37,2638.64,2650.01,2590.64739494,1480
1707811200,2650.0,2685.24,2647.4,2681.23,2042.43371601,2024
1707825600,2681.23,2684.47,2589.0,2632.72,8661.89934253,4247
1707840000,2632.71,2638.25,2595.18,2612.84,3059.78851186,2690
1707854400,2613.12,2648.82,2612.85,2641.74,2193.54400948,2085
1707868800,2641.73,2644.72,2620.23,2639.27,1494.92545731,1391
1707883200,2639.27,2654.0,2622.38,2653.41,2163.06099534,2436
1707897600,2653.41,2760.0,2649.27,2756.33,8594.98261575,7020
1707912000,2755.85,2769.0,2733.36,2748.37,5056.45964773,6088
1707926400,2748.76,2764.4,2728.6,2762.16,3619.06733139,4662
1707940800,2762.16,2787.24,2758.63,2777.76,2182.88411851,2442
1707955200,2777.51,2826.71,2775.01,2803.35,5234.6838326,4435
1707969600,2803.35,2803.35,2764.52,2776.2,1658.5959478,2270
1707984000,2775.91,2802.46,2771.2,2793.41,1123.1805434,2019
1707998400,2793.41,2869.76,2780.86,2825.56,5258.25695207,6601
1708012800,2825.57,2842.17,2804.0,2838.0,4532.02633281,4400
1708027200,2838.0,2845.78,2790.0,2823.61,3665.53258813,3334
1708041600,2823.61,2858.4,2823.34,2849.01,3871.65312582,2666
1708056000,2849.0,2851.32,2815.04,2817.76,3354.8501796,1860
1708070400,2817.38,2834.7,2796.1,2824.28,3877.51628201,2009
1708084800,2824.29,2848.18,2717.32,2776.11,5251.88997709,4039
1708099200,2776.11,2805.64,2757.66,2763.34,3695.81592759,2836
1708113600,2762.35,2809.64,2759.97,2804.13,2323.5600228,2316
1708128000,2804.16,2804.97,2781.46,2794.33,2041.94142384,1747
1708142400,2794.33,2798.72,2780.4,2795.63,1559.59841995,1434
1708156800,2795.62,2795.63,2766.03,2783.14,956.51784069,1533
1708171200,2783.14,2785.99,2722.0,2755.56,1806.28303283,2913
1708185600,2755.55,2777.36,2743.96,2774.25,1250.65638916,1626
1708200000,2774.26,2800.0,2774.01,2787.7,2602.08296676,1449
1708214400,2787.69,2796.52,2768.06,2782.26,2019.30752645,1459
1708228800,2782.27,2807.31,2779.91,2799.19,1988.26996549,1630
1708243200,2799.45,2823.08,2799.39,2804.03,2619.23328916,1647
1708257600,2804.09,2812.74,2788.66,2806.87,790.11081977,1187
1708272000,2806.87,2844.01,2795.68,2828.32,1716.65502475,1943
1708286400,2828.11,2894.4,2818.01,2881.49,6391.5947012201,3988
1708300800,2881.5,2890.59,2860.0,2886.48,2158.00218671,1994
1708315200,2886.48,2930.0,2882.22,2926.77,7611.99225151,2943
1708329600,2926.8,2927.34,2895.24,2911.3,2320.15211951,2673
1708344000,2911.31,2918.86,2887.84,2907.7,2619.43537698,2342
1708358400,2907.71,2951.84,2890.0,2936.72,7210.79703724,3261
1708372800,2934.64,2984.0,2929.62,2943.97,5072.85460676,2855
1708387200,2943.98,2955.0,2904.0,2907.65,2014.81099595,1733
1708401600,2906.48,2934.49,2905.0,2920.75,927.66542681,836
1708416000,2920.75,2939.79,2876.51,2935.01,6610.62892005,2043
1708430400,2935.95,3000.9,2902.41,2925.0,10585.1517730901,5055
1708444800,2925.0,2985.0,2887.45,2984.99,6401.2177693,3196
1708459200,2984.99,3032.0,2968.03,3016.33,4839.93757431,2969
1708473600,3016.13,3017.41,2989.26,3005.28,2623.04488806,1723
1708488000,3004.7,3010.0,2924.09,2939.42,3340.99460506,2111
1708502400,2939.42,2955.77,2890.0,2899.05,3391.86293984,2195
1708516800,2899.15,2927.6,2865.18,2914.25,5609.05601263,2965
1708531200,2912.73,2947.34,2887.49,2912.74,5896.18901147,2625
1708545600,2912.75,2980.54,2900.6,2971.37,3953.41226975,2494
1708560000,2970.35,2970.35,2906.0,2933.77,2495.71757175,2211
1708574400,2933.77,2994.13,2921.59,2992.02,1431.54305587,1651
1708588800,2992.02,3029.76,2972.65,2991.0,6505.75624587,2997
1708603200,2991.01,3003.15,2932.45,2986.26,2813.26194112,2021
1708617600,2985.79,2999.99,2959.95,2986.56,3580.58264768,1939
1708632000,2985.93,3036.91,2967.79,2970.33,3776.89411044,2561
1708646400,2970.33,2990.73,2933.3,2953.74,1493.27719356,1809
1708660800,2952.93,2966.3,2924.0,2931.41,1423.13742359,1289
1708675200,2931.4,2946.8,2915.53,2942.96,1627.92964187,1303
1708689600,2942.97,2961.11,2915.01,2916.3,2874.3855343,2083
1708704000,2916.3,2950.0,2908.0,2945.02,2504.07703169,1953
1708718400,2945.68,2953.17,2907.7,2921.96,1291.49955912,1843
1708732800,2921.96,2936.48,2907.7,2930.14,1373.51806572,1328
1708747200,2930.14,2963.51,2928.81,2962.5,904.60950886,961
1708761600,2962.5,2964.0,2948.02,2961.81,680.22130321,916
1708776000,2961.82,2967.61,2953.41,2955.32,1281.57199756,1059
1708790400,2955.32,3003.36,2955.03,2988.57,1962.84318129,1748
1708804800,2988.56,2994.0,2980.0,2990.81,1903.66107706,1378
1708819200,2991.7,3045.0,2985.0,3025.55,3353.31972089,2085
1708833600,3025.28,3045.0,3012.65,3030.11,4465.37463817,1663
1708848000,3029.92,3039.72,3012.11,3038.36,1733.24107541,1143
1708862400,3038.37,3072.18,3027.39,3043.94,4123.57312698,2365
1708876800,3043.47,3085.0,3028.49,3082.52,5417.83249487,2362
1708891200,3082.52,3121.22,3082.51,3112.8,5256.18464981,2787
1708905600,3112.79,3133.0,3085.66,3107.74,3201.31737535,2155
1708920000,3107.96,3114.39,3085.62,3086.47,1907.99355643,1164
1708934400,3086.47,3100.48,3036.68,3056.82,4197.94259403,1971
1708948800,3056.82,3146.75,3039.53,3146.75,8991.57638034,3155
1708963200,3146.76,3183.63,3132.0,3181.05,8165.44219922,4535
1708977600,3180.76,3197.0,3164.93,3178.69,5218.78457758,3118
1708992000,3178.69,3274.44,3163.26,3219.19,14029.9880605401,5545
1709006400,3220.05,3238.9,3202.92,3218.12,2205.46172238,1718
1709020800,3218.09,3269.99,3218.09,3256.28,5785.34520773,2009
1709035200,3256.28,3287.64,3223.51,3231.7,7398.38672271,3371
1709049600,3230.64,3260.0,3206.52,3251.31,5321.91285962,2738
1709064000,3251.34,3268.99,3239.0,3244.25,4494.43778477,1933
1709078400,3244.59,3258.8,3233.12,3250.0,1092.75986991,1266
1709092800,3250.0,3307.03,3247.85,3304.31,2358.5448653,1688
1709107200,3304.66,3368.69,3281.23,3300.0,8800.7260890901,4369
1709121600,3300.01,3375.0,3290.01,3350.82,10160.4750236401,4250
1709136000,3350.82,3496.02,3111.0,3300.73,29884.7813266196,19289
1709150400,3300.75,3385.53,3259.1,3385.53,4402.04033889,3434
1709164800,3385.67,3465.0,3379.49,3406.71,6150.75238827,4112
1709179200,3406.7,3490.0,3399.47,3468.16,3099.61214992,3610
1709193600,3468.96,3519.68,3445.57,3515.05,4274.60265887,3462
1709208000,3513.55,3515.83,3447.49,3468.97,7068.96672867,3835
1709222400,3468.97,3472.33,3350.0,3403.88,11996.9692606901,5858
1709236800,3403.49,3415.71,3305.0,3342.6,6823.24869312,3968
1709251200,3342.6,3388.48,3341.19,3368.97,3227.78183328,2027
1709265600,3368.46,3398.4,3366.14,3368.75,1640.46479714,1556
1709280000,3368.75,3439.12,3356.83,3412.72,2325.0092577,2276
1709294400,3412.73,3448.75,3382.72,3391.06,6479.61733882,3303
1709308800,3391.06,3436.37,3381.51,3428.75,2090.93921927,2622
1709323200,3428.75,3455.0,3423.9,3436.26,3372.31664392,2690
1709337600,3436.26,3459.95,3429.03,3446.09,3015.45591097,2229
1709352000,3446.09,3451.78,3402.48,3435.54,4408.88068289,2109
1709366400,3434.31,3436.56,3401.0,3410.0,1833.87544541,1514
1709380800,3410.01,3430.0,3399.0,3421.83,2455.48205501,1908
1709395200,3421.94,3435.49,3415.23,3429.88,2069.28315925,2318
1709409600,3429.77,3434.88,3405.81,3421.49,2585.86498538,1785
1709424000,3421.49,3434.87,3414.89,3433.15,679.47368058,1397
1709438400,3433.15,3445.0,3360.0,3396.23,3898.84565666,2336
1709452800,3396.22,3415.69,3380.0,3413.93,929.47974706,1239
1709467200,3413.94,3446.89,3410.01,3425.6,2468.15226719,2110
1709481600,3425.2,3484.89,3422.0,3467.57,3419.92067441,3353
1709496000,3467.85,3490.0,3461.38,3489.54,2157.02222993,2209
1709510400,3489.53,3529.36,3430.64,3474.35,4997.90758638,4089
1709524800,3474.42,3489.16,3460.51,3481.4,1621.30489676,1642
1709539200,3480.77,3542.0,3480.77,3506.92,5834.76628529,3731
1709553600,3506.92,3570.0,3465.9,3562.05,7748.9232963,4936
1709568000,3562.06,3611.78,3535.67,3597.01,7555.0008820501,5726
1709582400,3597.0,3644.32,3565.0,3631.23,4328.08121137,4742
1709596800,3633.2,3698.84,3613.24,3695.69,6689.47029303,4552
1709611200,3695.7,3744.0,3645.46,3679.68,7429.74852357,5518
1709625600,3679.68,3742.0,3658.35,3734.77,2680.21229597,2761
1709640000,3733.7,3827.69,3733.66,3787.9,8217.7398705601,7485
1709654400,3785.33,3797.33,3211.27,3364.67,29849.7765655198,20495
1709668800,3364.67,3583.47,3331.52,3560.01,14009.8205358201,11079
1709683200,3560.0,3594.06,3499.57,3542.18,4853.76578667,3446
1709697600,3542.18,3790.69,3539.05,3788.17,11620.27566207,6110
1709712000,3788.34,3895.0,3780.91,3880.0,9924.44458369,5221
1709726400,3880.0,3898.7,3728.31,3792.03,11255.5234340901,7476
1709740800,3792.41,3885.37,3771.8,3857.87,5747.78360512,4374
1709755200,3857.86,3896.81,3799.87,3817.95,5484.20163128,4316
1709769600,3821.01,3853.56,3768.47,3775.31,3347.86167145,3396
1709784000,3775.32,3803.0,3738.34,3790.43,3253.95228808,2809
1709798400,3790.42,3815.71,3774.65,3789.58,2713.81825648,2236
1709812800,3789.57,3857.54,3768.59,3842.1,4943.4852501,3909
1709827200,3840.95,3889.02,3818.97,3874.99,3140.77669426,3422
1709841600,3875.0,3938.34,3848.44,3872.54,4325.62889133,4676
1709856000,3873.26,3943.34,3871.36,3902.55,2260.69961546,2934
1709870400,3902.55,3954.91,3884.8,3915.92,1507.80986288,2512
1709884800,3915.92,3958.0,3915.91,3951.0,3208.93286759,3356
1709899200,3951.0,3998.0,3889.61,3905.67,6765.3730195301,8048
1709913600,3906.01,3981.5,3824.77,3933.59,5995.1470056201,7346
1709928000,3933.59,3960.41,3884.97,3892.23,3520.78829626,3961
1709942400,3892.23,3940.42,3887.68,3933.86,2532.07533285,2179
1709956800,3933.86,3950.0,3920.59,3936.46,1008.68372706,1847
1709971200,3936.46,3942.3,3900.0,3921.06,955.55871254,1539
1709985600,3921.37,3935.0,3910.55,3924.43,1086.44020335,1749
1710000000,3924.43,3927.93,3880.46,3889.51,3061.41333192,2541
1710014400,3889.5,3919.89,3889.5,3914.01,1776.9015547,1834
1710028800,3914.01,3947.46,3907.93,3943.55,1448.47203783,2566
1710043200,3942.84,3957.61,3938.94,3954.13,2130.48197207,2138
1710057600,3953.63,3969.3,3932.47,3940.24,1020.00945511,1851
1710072000,3940.87,3953.51,3870.57,3892.96,2162.84571152,2881
1710086400,3892.96,3930.7,3891.03,3906.01,845.96888858,2166
1710100800,3906.0,3912.29,3800.86,3880.98,3609.27371335,3652
1710115200,3880.98,3890.0,3739.2,3866.42,3741.89686461,4476
1710129600,3866.43,4010.55,3839.06,4003.41,6360.7022725,5862
1710144000,4002.27,4054.83,3987.17,4031.72,5187.93542181,4418
1710158400,4031.72,4065.02,4016.82,4021.03,5020.29160774,4885
1710172800,4020.77,4088.0,4006.0,4034.14,6288.92574704,5131
1710187200,4034.11,4080.0,4031.26,4065.29,3710.88311124,3725
1710201600,4065.3,4090.0,4018.0,4030.33,2013.19329644,2798
1710216000,4030.32,4050.0,4002.9,4028.03,1548.50080165,2079
1710230400,4028.0,4062.5,3968.14,4022.35,4589.79692751,3176
1710244800,4022.35,4051.42,3950.0,3988.33,7250.7804157201,5365
1710259200,3988.56,3995.92,3830.56,3983.06,8920.72395693,8646
1710273600,3983.05,3983.06,3933.0,3980.4,3025.20341551,2643
1710288000,3980.93,4045.27,3973.7,4044.68,1897.86643695,2741
1710302400,4044.68,4076.0,4031.96,4039.85,3911.59138512,3437
1710316800,4039.86,4083.99,4039.85,4051.11,2132.21961648,2468
1710331200,4051.18,4055.71,3937.0,3966.25,5248.53958036,5367
1710345600,3967.3,4012.99,3957.45,4007.04,3293.04167145,3846
1710360000,4005.29,4021.79,3980.0,4007.21,1872.14376072,3049
1710374400,4006.11,4011.72,3958.22,3994.01,1522.25818899,2456
1710388800,3994.01,4004.98,3945.0,3965.02,4993.63278306,2837
1710403200,3965.02,3998.52,3945.33,3954.99,3147.57715931,2725
1710417600,3955.0,3968.14,3822.47,3845.0,6636.06678924,6792
1710432000,3845.01,3893.18,3722.46,3778.78,8863.0619770201,7769
1710446400,3780.03,3889.44,3779.14,3880.78,4519.94389052,3832
1710460800,3881.16,3965.0,3625.0,3721.44,8811.5368022302,9161
1710475200,3721.16,3776.99,3655.25,3751.75,4742.91445299,4743
1710489600,3751.75,3758.1,3570.0,3686.01,5975.79199917,5826
1710504000,3685.86,3737.85,3670.0,3686.99,3617.85432066,3723
1710518400,3687.0,3805.0,3661.14,3689.45,4962.73360061,5038
1710532800,3689.51,3747.81,3608.69,3738.0,3942.35274433,3925
1710547200,3740.14,3778.94,3722.43,3737.32,2248.03022259,3127
1710561600,3737.33,3741.82,3691.35,3738.12,2199.09734399,1775
1710576000,3738.45,3738.45,3665.6,3692.92,1342.28083388,1717
1710590400,3692.92,3710.76,3640.01,3676.49,2310.27754441,3042
1710604800,3676.49,3677.57,3566.91,3597.48,3860.82574167,4419
1710619200,3597.47,3630.0,3466.78,3520.27,7177.85929609,5918
1710633600,3519.95,3577.0,3502.95,3568.18,2476.82614012,2644
1710648000,3568.64,3569.81,3414.01,3468.91,5209.57345606,4087
1710662400,3468.71,3599.19,3459.24,3573.51,2182.89045734,2422
1710676800,3573.11,3641.3,3526.81,3623.67,6143.53896096,3137
1710691200,3624.39,3651.46,3600.56,3650.0,3351.95623041,2535
1710705600,3650.01,3675.0,3627.0,3642.62,2351.78859762,2025
1710720000,3642.62,3642.62,3556.96,3596.48,1805.65260875,2411
1710734400,3596.48,3638.77,3575.0,3624.73,1230.74238768,1606
1710748800,3624.73,3624.73,3550.0,3595.46,1786.09105932,1989
1710763200,3595.47,3609.29,3485.48,3522.79,3817.57551578,3759
1710777600,3522.79,3561.29,3456.0,3480.92,3056.2251298,3830
1710792000,3480.62,3547.45,3480.62,3518.43,2453.30755214,2620
1710806400,3518.43,3547.76,3365.0,3417.87,5538.74957283,5193
1710820800,3417.24,3424.5,3307.9,3357.83,4797.32536003,3878
1710835200,3357.83,3357.86,3200.17,3272.28,11673.6172146901,7019
1710849600,3272.74,3319.43,3219.84,3299.57,5830.4122466,4873
1710864000,3299.58,3358.63,3280.83,3333.57,5461.38590689,4735
1710878400,3333.87,3337.04,3146.98,3162.42,8812.49164289,6331
1710892800,3158.67,3259.9,3155.45,3158.97,4863.88369818,4259
1710907200,3161.06,3224.25,3059.65,3217.98,8539.57278912,5765
1710921600,3218.17,3294.43,3205.74,3291.19,5296.98941663,4228
1710936000,3291.2,3396.23,3277.19,3291.95,13108.9557993501,7197
1710950400,3292.73,3404.78,3142.91,3377.07,20211.6455772199,10720
1710964800,3380.02,3535.01,3372.28,3515.43,8382.02244498,6463
1710979200,3515.0,3557.85,3495.0,3512.82,4202.11701761,4045
1710993600,3512.82,3535.89,3448.21,3517.84,2283.75816931,3505
1711008000,3517.84,3587.94,3517.83,3532.56,3466.58293535,4066
1711022400,3532.39,3574.4,3478.68,3496.28,5284.25880959,4656
1711036800,3497.12,3544.99,3411.7,3442.34,4722.23389996,4320
1711051200,3442.56,3520.57,3413.14,3492.49,3801.53616707,3475
1711065600,3492.5,3526.34,3454.38,3520.01,1923.27463943,2112
1711080000,3520.01,3542.24,3501.71,3510.09,1471.77738756,1798
1711094400,3510.08,3522.5,3398.65,3405.31,3045.93296914,3177
1711108800,3405.32,3425.3,3283.0,3348.8,7635.9841278401,6264
1711123200,3348.8,3358.63,3290.99,3344.41,2545.74727767,3845
1711137600,3342.88,3345.67,3250.0,3335.09,2065.05240985,3526
1711152000,3335.59,3362.84,3273.28,3304.08,5278.1141322,2541
1711166400,3304.08,3384.01,3300.38,3365.41,2082.20791267,1735
1711180800,3365.42,3378.5,3330.43,3361.71,1062.19159155,1908
1711195200,3362.14,3422.99,3347.57,3406.15,1685.34611553,2357
1711209600,3406.15,3433.22,3386.07,3387.1,1510.36135679,1823
1711224000,3387.09,3399.63,3331.03,3332.7,1306.87509159,1916
1711238400,3331.03,3367.66,3311.03,3311.82,2125.45081681,1717
1711252800,3311.03,3344.85,3301.76,3342.83,1509.06985153,1350
1711267200,3343.2,3389.99,3337.42,3387.28,2674.61932519,1703
1711281600,3387.28,3414.02,3379.55,3396.8,1600.21876123,1780
1711296000,3396.92,3408.57,3335.0,3383.16,1125.69713351,1885
1711310400,3383.76,3468.5,3376.29,3454.03,2594.68370954,2854
1711324800,3454.03,3460.0,3420.55,3452.29,1937.29038322,1674
1711339200,3453.62,3504.6,3445.0,3445.88,3451.89544569,2121
1711353600,3445.88,3472.28,3437.01,3437.02,3662.02222306,2233
1711368000,3437.02,3587.0,3433.71,3583.01,7587.26561935,4470
1711382400,3583.35,3659.81,3569.75,3640.14,6932.49584949,5292
1711396800,3640.97,3650.62,3570.47,3591.3,3455.7959036,3251
1711411200,3591.3,3640.57,3583.44,3627.45,1789.31794967,1993
1711425600,3626.43,3680.32,3621.28,3638.89,1717.61398462,1822
1711440000,3638.88,3670.0,3631.77,3633.62,1644.00048942,1641
1711454400,3633.63,3649.18,3549.6,3594.39,6318.51766704,4801
1711468800,3594.25,3601.28,3544.08,3559.17,3189.54498821,3345
1711483200,3559.17,3612.31,3558.44,3587.04,3257.79689505,2423
1711497600,3587.36,3626.0,3577.94,3605.62,2820.58066227,1995
1711512000,3605.62,3616.01,3559.01,3565.16,1521.34760856,1370
1711526400,3565.16,3590.53,3530.47,3584.99,2873.20450893,2283
1711540800,3585.0,3663.28,3496.57,3512.81,9841.9735195701,6664
1711555200,3512.83,3529.29,3456.9,3490.5,4834.05797384,3770
1711569600,3490.49,3518.36,3488.52,3498.52,2681.3433021,2409
1711584000,3499.05,3528.62,3464.43,3494.04,2541.91698622,2183
1711598400,3494.04,3577.58,3493.32,3572.94,4015.67857072,2262
1711612800,3572.94,3590.0,3565.46,3576.24,1139.26915461,1541
1711627200,3576.25,3610.0,3553.0,3578.52,3737.96319623,3108
1711641600,3578.53,3578.53,3532.93,3567.0,3197.99850805,2207
1711656000,3567.0,3579.0,3542.86,3562.69,3514.88360906,2068
1711670400,3562.69,3582.65,3552.78,3562.93,1764.2393424,1703
1711684800,3562.49,3577.95,3516.5,3519.01,1900.13732581,1665
1711699200,3520.46,3561.73,3519.75,3550.64,2034.00882022,1402
1711713600,3550.64,3558.69,3486.07,3488.51,3814.77787618,2469
1711728000,3488.51,3502.52,3474.2,3501.96,5005.76712057,2801
1711742400,3501.29,3524.05,3480.0,3511.68,2664.59845801,1876
1711756800,3511.68,3522.1,3489.4,3491.35,1773.12158141,1478
1711771200,3491.35,3532.3,3491.18,3494.75,5284.95553299,1747
1711785600,3494.05,3563.03,3494.04,3562.48,2397.11801704,1511
1711800000,3562.49,3565.62,3534.3,3539.29,1686.43305637,1392
1711814400,3539.44,3547.49,3491.35,3510.0,864.85034004,1449
1711828800,3509.99,3518.03,3498.42,3508.28,1651.67893619,1210
1711843200,3507.69,3544.12,3506.94,3538.42,2000.63726467,1356
1711857600,3538.42,3629.7,3533.0,3623.0,1677.20700407,2151
1711872000,3625.73,3631.04,3600.83,3609.48,1049.50310268,1134
1711886400,3609.48,3636.68,3607.87,3618.67,896.27342308,1350
1711900800,3618.67,3654.1,3615.0,3637.35,2103.26386542,1806
1711915200,3637.35,3649.0,3618.26,3647.72,1483.82718471,1604
1711929600,3647.71,3647.72,3603.43,3612.08,2030.06703975,1496
1711944000,3612.08,3612.08,3506.44,3548.98,5299.73225266,3378
1711958400,3548.98,3561.58,3522.38,3539.31,1874.26110219,1244
1711972800,3539.32,3570.42,3436.65,3444.36,5542.74231072,3210
1711987200,3444.58,3491.17,3410.09,3488.47,3964.61829017,3093
1712001600,3488.46,3515.0,3474.59,3505.48,4282.95913902,2084
1712016000,3505.87,3507.46,3324.0,3369.28,7433.01525724,4268
1712030400,3368.88,3392.32,3342.98,3367.22,3907.48343039,2265
1712044800,3366.29,3372.37,3277.79,3309.74,6503.53882735,4017
1712059200,3309.43,3323.02,3233.13,3242.55,3840.53203021,4378
1712073600,3242.55,3284.75,3215.87,3284.73,2593.11486339,2892
1712088000,3277.58,3307.37,3246.0,3278.03,5123.45487651,2498
1712102400,3278.75,3324.04,3206.01,3316.06,3541.41013263,2923
1712116800,3316.12,3323.12,3284.8,3307.65,1627.33921699,1580
1712131200,3307.66,3358.63,3294.45,3321.21,1897.70006659,1991
1712145600,3320.11,3366.33,3295.99,3330.9,2660.6937664,3009
1712160000,3330.9,3366.96,3284.08,3318.55,4052.13164184,2766
1712174400,3317.54,3324.42,3290.53,3312.28,1702.81560567,1927
1712188800,3310.72,3332.71,3267.37,3274.88,2931.9548086,1983
1712203200,3275.44,3333.49,3255.1,3322.64,1054.21884245,1787
1712217600,3322.64,3353.17,3318.7,3340.61,765.32638062,1313
1712232000,3340.62,3393.54,3339.64,3364.65,3215.44026775,2377
1712246400,3364.65,3443.76,3362.86,3362.86,5341.2510205,3470
1712260800,3370.32,3370.47,3281.85,3329.56,5967.68373211,3306
1712275200,3329.57,3335.29,3253.7,3308.05,2031.72751975,2103
1712289600,3308.05,3318.79,3224.91,3286.88,3333.25820437,1932
1712304000,3286.89,3310.96,3240.73,3242.7,3399.78857277,2620
1712318400,3242.71,3330.0,3212.11,3328.54,5596.19237943,4029
1712332800,3328.54,3344.97,3308.19,3322.25,2524.8155853,2112
1712347200,3322.24,3345.0,3312.93,3320.55,931.91819878,1578
1712361600,3320.55,3345.01,3310.0,3333.44,3170.38290708,1223
1712376000,3333.44,3351.99,3323.71,3334.0,454.8653655,758
1712390400,3334.01,3349.6,3328.47,3332.05,396.36334915,721
1712404800,3331.5,3360.0,3319.8,3337.32,517.06357708,926
1712419200,3337.32,3357.21,3332.95,3349.94,699.07171108,1106
1712433600,3350.72,3397.06,3346.62,3354.95,1153.52771009,1495
1712448000,3354.94,3413.99,3348.7,3390.19,2625.16066141,1633
1712462400,3390.83,3405.29,3378.01,3389.13,429.30052919,826
1712476800,3389.13,3396.06,3379.12,3391.48,451.84033355,691
1712491200,3391.58,3420.0,3386.31,3391.68,1036.6312824,1399
1712505600,3390.98,3411.65,3370.57,3381.89,553.33054209,1239
1712520000,3381.47,3458.66,3379.38,3454.03,1754.37348622,1790
1712534400,3454.06,3457.31,3409.41,3423.72,3918.65861457,1520
1712548800,3423.72,3476.75,3415.35,3472.67,1974.72389829,1582
1712563200,3472.68,3636.59,3472.51,3629.46,8522.34872702,5124
1712577600,3629.47,3669.22,3612.95,3629.0,6123.29808556,4621
1712592000,3629.01,3710.06,3629.0,3703.78,4368.05172744,3578
1712606400,3704.08,3726.84,3681.77,3694.38,4070.70799451,2524
1712620800,3694.38,3726.79,3666.3,3693.66,3235.32210031,2236
1712635200,3693.65,3700.79,3635.72,3643.57,2169.26979244,2559
1712649600,3642.8,3644.75,3581.04,3629.99,3306.32862502,2627
1712664000,3630.0,3640.78,3482.01,3529.55,8589.90358799,4414
1712678400,3530.31,3535.01,3451.02,3518.2,5355.84853969,3419
1712692800,3518.19,3522.61,3487.02,3505.69,1458.63489102,1465
1712707200,3505.68,3535.96,3465.71,3512.31,3224.22790394,1944
1712721600,3511.39,3553.35,3506.19,3536.72,2318.63613056,1185
1712736000,3536.72,3536.72,3496.04,3521.31,818.84207275,1078
1712750400,3521.32,3525.54,3408.01,3477.82,6571.69480397,4038
1712764800,3477.82,3546.93,3470.0,3521.18,2619.63518457,2219
1712779200,3520.33,3559.3,3496.05,3543.42,2352.49412438,1825
1712793600,3543.42,3574.87,3527.46,3574.87,903.39014146,1444
1712808000,3574.87,3604.55,3554.02,3584.55,1697.11234594,1557
1712822400,3583.22,3614.88,3515.57,3519.18,2259.09153235,1545
1712836800,3520.64,3574.61,3486.68,3506.9,4215.64927683,2467
1712851200,3508.07,3519.3,3476.2,3515.36,1812.77271251,1771
1712865600,3516.26,3529.83,3491.99,3505.25,1370.86909169,1236
1712880000,3505.24,3537.45,3502.2,3534.54,904.31729407,1320
1712894400,3534.54,3551.15,3509.21,3516.38,3195.8871803,1362
1712908800,3517.26,3540.89,3509.66,3532.81,2197.99711941,1349
1712923200,3532.82,3532.82,3437.15,3440.61,3806.86712178,2708
1712937600,3440.22,3452.19,2926.93,3206.96,21519.8516441101,15408
1712952000,3206.96,3256.91,3202.48,3240.1,3702.21820714,4495
1712966400,3240.11,3240.11,3146.94,3231.72,4060.39510582,2829
1712980800,3231.72,3272.0,3225.35,3259.2,2336.01809424,1510
1712995200,3258.59,3300.09,3249.24,3268.99,1318.55735904,1321
1713009600,3268.99,3295.53,3255.54,3273.08,2274.6789807,1415
1713024000,3273.08,3280.34,3000.01,3089.65,10268.8541409501,6940
1713038400,3085.52,3094.49,2537.0,3013.12,26720.9782335699,20125
1713052800,3011.42,3023.25,2913.43,2960.04,3213.95663665,3057
1713081600,2960.17,3066.1,2960.17,3028.5,1900.4914024,1487
1713096000,3028.5,3072.75,3007.36,3057.27,2996.43996592,2615
1713110400,3056.33,3098.55,2975.47,3074.61,4983.37039832,3870
1713124800,3073.89,3173.4,3050.0,3155.99,4112.73668971,3540
1713139200,3156.0,3156.01,3102.9,3149.17,1821.71397994,1851
1713153600,3149.07,3256.98,3125.06,3245.5,5405.92952083,2999
1713168000,3245.66,3278.53,3231.82,3233.55,5102.99179541,2412
1713182400,3233.0,3244.98,3107.0,3166.42,5581.1620671901,3789
1713196800,3165.26,3179.96,3026.0,3103.94,6525.9268591,4770
1713211200,3103.08,3127.43,3062.11,3101.38,2888.73170019,2042
1713225600,3101.38,3119.08,3053.5,3072.08,2986.96783251,2204
1713240000,3072.08,3127.57,2987.26,3108.45,3586.875507,2864
1713254400,3108.42,3110.0,3006.3,3093.11,3274.87309289,2442
1713268800,3093.11,3094.16,3012.01,3012.01,4180.46849334,2945
1713283200,3012.01,3085.16,2998.73,3058.89,3411.72797793,3219
1713297600,3057.02,3116.16,3051.82,3084.92,2640.18352302,1800
1713312000,3084.92,3108.34,3070.51,3094.89,1926.75579146,1494
1713326400,3095.87,3121.54,3069.05,3080.37,1699.71951182,1359
1713340800,3080.76,3088.06,3042.4,3042.97,1283.51509695,1252
1713355200,3042.2,3062.5,2928.3,2948.89,6997.89686678,5197
1713369600,2946.79,3043.1,2914.34,3000.66,5703.95902421,3921
1713384000,3000.68,3011.72,2966.0,2985.4,3163.7869283399,2375
1713398400,2985.4,3032.67,2955.19,3026.07,1689.54681579,2097
1713412800,3026.07,3033.09,2958.74,2975.89,1776.54600983,1586
1713427200,2975.88,3063.91,2957.68,3050.26,2393.13842956,1959
1713441600,3048.42,3094.49,2987.6,3069.31,3518.71176912,2928
1713456000,3069.32,3084.37,3022.0,3066.77,1321.3265579,2049
1713470400,3066.09,3080.0,3060.0,3064.51,1436.315099,1433
1713484800,3064.51,3068.77,2867.0,2979.96,6528.73547858,6189
1713499200,2979.71,3125.46,2979.25,3084.09,2817.59582595,2693
1713513600,3084.09,3123.02,3079.29,3103.9,1576.17397373,1698
1713528000,3104.25,3120.42,3058.4,3081.05,2701.59769833,2464
1713542400,3081.05,3107.55,3043.84,3104.33,2311.96617717,2361
1713556800,3103.96,3105.12,3022.31,3058.52,1189.76141139,1798
1713571200,3058.52,3070.45,3021.63,3055.2,604.43467283,1508
1713585600,3055.2,3069.6,3050.96,3060.25,341.01075745,977
1713600000,3060.26,3060.88,3033.37,3048.56,1250.49590455,1343
1713614400,3048.56,3112.57,3043.91,3109.71,650.34134464,1491
1713628800,3109.71,3164.35,3091.19,3149.45,1423.04048779,2540
1713643200,3149.53,3169.99,3142.01,3157.67,1186.33160071,1718
1713657600,3157.81,3197.14,3128.86,3170.27,1181.52621673,1515
1713672000,3168.95,3191.67,3158.0,3180.47,766.03327088,1135
1713686400,3180.49,3186.5,3152.25,3169.1,1173.52111277,983
1713700800,3169.11,3174.7,3142.12,3159.1,1342.89596213,1210
1713715200,3159.11,3160.58,3120.0,3140.46,2575.891752,1706
1713729600,3139.53,3168.49,3132.12,3148.05,580.49286559,1262
1713744000,3148.31,3210.14,3130.05,3190.6,1343.84286955,2025
1713758400,3190.01,3234.55,3187.45,3205.86,1157.14610696,1849
1713772800,3205.86,3224.46,3191.59,3194.16,1227.96770616,1530
1713787200,3194.16,3211.4,3170.49,3184.4,3303.26039037,1818
1713801600,3184.4,3218.21,3173.92,3189.9,2873.85946148,1827
1713816000,3189.91,3224.81,3185.09,3202.0,1958.82931555,1620
1713830400,3202.0,3223.33,3185.39,3186.81,2276.2234886,1401
1713844800,3186.81,3193.68,3154.0,3161.59,1779.32078972,1514
1713859200,3161.99,3185.0,3155.0,3178.21,809.81999188,1104
1713873600,3179.08,3263.55,3174.81,3223.61,3486.79020828,2360
1713888000,3225.42,3246.94,3216.07,3216.79,4212.77431198,1642
1713902400,3218.62,3221.98,3190.0,3220.02,2224.14422476,1355
1713916800,3220.0,3247.41,3212.92,3236.62,1027.97114877,1356
1713931200,3237.81,3274.6,3236.76,3250.3,1188.62878263,1324
1713945600,3250.3,3284.77,3244.17,3281.92,587.45993538,1206
1713960000,3281.93,3291.64,3168.95,3176.42,3628.72813811,3053
1713974400,3175.47,3191.86,3105.75,3132.42,2781.6225935,2708
1713988800,3132.79,3148.0,3112.0,3138.84,1195.30576681,1615
1714003200,3139.11,3170.18,3128.5,3147.11,1790.57523328,1389
1714017600,3147.08,3164.17,3128.22,3135.57,520.32219549,1037
1714032000,3135.56,3149.34,3074.39,3112.82,1713.79105716,1839
1714046400,3112.82,3164.35,3079.05,3157.15,3333.05447854,2534
1714060800,3157.16,3172.0,3146.16,3161.77,1448.33387063,1541
1714075200,3161.98,3190.86,3154.15,3155.68,923.10591582,1222
1714089600,3155.63,3163.67,3127.49,3141.7,780.39176835,1093
1714104000,3141.71,3153.17,3130.21,3136.67,701.65294771,930
1714118400,3136.67,3154.82,3122.22,3128.38,1277.12249469,1046
1714132800,3128.21,3166.13,3102.55,3117.0,3541.74514929,2246
1714147200,3117.01,3153.32,3106.3,3135.68,1804.37632167,3161
1714161600,3133.43,3152.11,3122.24,3129.96,1721.86583375,1590
1714176000,3129.96,3137.66,3070.34,3120.76,1790.67992764,1944
1714190400,3120.77,3129.53,3108.83,3118.33,393.24028677,918
1714204800,3118.47,3124.57,3108.28,3123.17,429.74225489,996
1714219200,3122.52,3160.97,3121.01,3140.58,1398.96601885,1408
1714233600,3141.84,3279.31,3140.4,3234.18,4080.74489573,3492
1714248000,3234.47,3259.0,3222.73,3252.62,1106.59408848,1508
1714262400,3252.63,3324.85,3250.0,3307.25,1106.12247787,1775
1714276800,3307.25,3333.0,3298.91,3315.0,956.0148175,1144
1714291200,3315.0,3322.54,3274.99,3284.87,1625.97676886,1576
1714305600,3284.46,3323.66,3283.49,3319.61,1183.36271354,2077
1714320000,3319.61,3355.9,3307.57,3318.03,1465.9431516,2624
1714334400,3318.03,3319.51,3251.73,3262.02,1637.1108649,2775
1714348800,3262.03,3285.23,3171.41,3177.98,2601.40849886,2171
1714363200,3174.65,3205.25,3156.55,3185.7,2968.3300284,2101
1714377600,3186.01,3193.66,3148.73,3159.07,855.51247709,1337
1714392000,3159.07,3182.99,3113.7,3182.36,2200.76564505,2675
1714406400,3182.36,3187.77,3155.85,3182.99,1488.52487102,1821
1714420800,3182.98,3233.0,3164.21,3216.18,2351.62961845,1667
1714435200,3216.09,3247.51,3150.85,3179.87,2170.45811935,1572
1714449600,3180.34,3182.75,3152.66,3155.35,1054.65182572,889
1714464000,3155.35,3160.79,3004.79,3006.54,4013.68700583,3644
1714478400,3006.55,3034.0,2965.61,2993.64,5410.19464248,4163
1714492800,2991.54,2993.94,2916.57,2923.75,5805.6446690701,5227
1714507200,2923.47,3024.58,2923.47,3010.62,3848.27079833,2554
1714521600,3010.62,3020.14,2959.53,3000.58,3233.51510733,1838
1714536000,3000.93,3007.86,2858.0,2866.3,5008.523724,3187
1714550400,2866.71,2899.99,2813.8,2899.99,4397.63576051,2972
1714564800,2900.0,2928.28,2863.75,2881.28,3234.15753477,2801
1714579200,2881.28,3012.0,2865.76,2925.34,4620.05418968,4113
1714593600,2924.91,2979.82,2912.9,2970.02,4099.64451306,2381
1714608000,2970.01,2975.26,2892.78,2925.35,1882.93459801,1861
1714622400,2926.26,2933.77,2896.32,2919.83,1128.73050836,1157
1714636800,2919.01,3000.0,2918.0,2997.42,2555.24450391,1758
1714651200,2994.35,3012.84,2952.95,2990.74,3786.3723686,2883
1714665600,2990.74,3007.1,2975.02,2998.33,2147.64890354,1882
1714680000,2998.63,3014.8,2971.83,2987.85,1196.7262504,1545
1714694400,2987.86,3034.0,2978.92,3010.68,1974.07072296,1535
1714708800,3010.57,3016.3,2958.64,2968.18,706.91773627,1010
1714723200,2968.3,2989.36,2960.23,2979.78,2484.4279943,1311
1714737600,2979.78,3084.31,2970.18,3078.0,7821.7369568,3596
1714752000,3078.0,3088.0,3064.58,3074.65,1453.51304216,1433
1714766400,3074.71,3126.36,3073.05,3104.77,4299.13734752,2527
1714780800,3105.13,3132.15,3093.28,3112.24,1557.52380656,1469
1714795200,3112.25,3123.56,3096.39,3096.51,157.98430271,709
1714809600,3096.51,3165.24,3096.5,3129.64,1527.382456,1474
1714824000,3130.38,3156.76,3118.37,3128.06,1378.10475031,1291
1714838400,3127.42,3139.57,3116.67,3137.47,748.21423102,943
1714852800,3138.08,3146.52,3106.69,3117.78,600.73302497,968
1714867200,3118.06,3125.91,3077.0,3087.03,984.74699067,1235
1714881600,3087.47,3115.13,3082.98,3106.9,219.63646459,614
1714896000,3106.86,3168.98,3104.54,3135.95,904.77486683,1044
1714910400,3137.99,3164.77,3130.27,3163.01,844.15014321,1022
1714924800,3163.01,3164.99,3134.47,3143.45,2247.95636512,1225
1714939200,3143.44,3145.87,3126.04,3137.54,320.55695388,873
1714953600,3137.54,3164.35,3125.1,3133.8,979.47881776,973
1714968000,3133.89,3188.75,3129.06,3180.74,614.52428382,1187
1714982400,3180.64,3217.66,3131.42,3150.19,3347.80205402,2284
1714996800,3149.62,3154.67,3055.15,3091.82,3523.48253956,2952
1715011200,3091.82,3093.54,3046.88,3068.14,1600.79473834,1647
1715025600,3068.15,3088.64,3062.43,3063.02,901.5411738,1431
1715040000,3063.07,3095.98,3025.0,3049.56,955.37514635,1808
1715054400,3047.8,3081.41,3045.05,3078.59,791.96202831,1540
1715068800,3078.58,3127.99,3062.32,3064.2,1831.15333734,1544
1715083200,3064.21,3102.67,3047.02,3071.87,1790.44443782,2042
1715097600,3071.88,3077.35,3027.65,3048.32,1407.42748117,2212
1715112000,3048.31,3059.36,3002.72,3005.14,1491.11124873,2338
1715126400,3005.14,3036.42,2996.98,3031.73,1168.87642101,1730
1715140800,3031.73,3032.99,2990.0,2994.98,883.88485332,1551
1715155200,2994.96,3008.71,2980.0,2992.07,1432.6477501,1755
1715169600,2990.88,3028.95,2986.48,3005.83,2446.12668956,2686
1715184000,3005.98,3023.22,2985.91,2997.18,1757.08353165,1787
1715198400,2997.24,2999.99,2936.51,2972.86,4143.11232259,2673
1715212800,2972.87,3001.32,2972.86,2996.34,731.49411745,1194
1715227200,2996.34,3012.14,2976.6,2981.87,578.00016522,988
1715241600,2981.64,2988.86,2951.0,2975.58,512.79408075,1401
1715256000,2975.59,3016.67,2956.93,3004.21,1459.37236082,2076
1715270400,3004.43,3024.17,2991.04,3021.0,1478.1783653,1871
1715284800,3021.01,3056.24,3017.3,3036.25,987.4873099,1601
1715299200,3036.25,3042.19,3020.14,3026.99,804.26206985,1128
1715313600,3026.99,3051.35,3022.26,3044.1,1067.97045957,1121
1715328000,3044.09,3044.21,3023.98,3035.99,499.23238448,792
1715342400,3035.99,3041.33,2908.44,2917.41,3842.55774188,3281
1715356800,2917.41,2931.89,2880.05,2899.51,4016.74230524,3321
1715371200,2898.7,2915.17,2886.16,2909.56,1735.97411684,1748
1715385600,2909.56,2934.34,2906.59,2909.32,1065.36352697,1472
1715400000,2909.45,2924.58,2906.99,2920.37,872.54908224,870
1715414400,2920.38,2922.55,2886.85,2902.14,520.49542202,975
1715428800,2902.08,2941.91,2894.57,2924.24,1202.59301822,1292
1715443200,2923.56,2936.16,2916.89,2929.18,570.55223204,1038
1715457600,2928.69,2928.99,2906.09,2910.11,668.23708108,895
1715472000,2910.11,2921.84,2910.01,2919.59,370.99075171,771
1715486400,2919.44,2929.99,2902.01,2904.19,491.81062734,680
1715500800,2904.2,2940.0,2901.78,2924.97,1657.04549802,997
1715515200,2924.97,2940.17,2924.16,2935.73,1350.88350777,829
1715529600,2936.35,2951.99,2921.83,2926.25,1388.84335494,1225
1715544000,2926.25,2933.02,2914.2,2929.17,489.63423768,764
1715558400,2929.18,2940.78,2864.01,2887.93,3854.4465371,2240
1715572800,2887.93,2955.0,2871.79,2952.24,2401.72946191,1708
1715587200,2952.0,2992.0,2948.75,2964.3,1969.85029594,1748
1715601600,2964.31,2981.65,2949.3,2960.5,3399.60575025,2044
1715616000,2960.66,2976.56,2927.47,2953.4,2553.49523214,1892
1715630400,2954.24,2958.38,2939.12,2948.99,1051.72326915,1027
1715644800,2948.99,2957.51,2936.86,2938.98,469.20099094,1137
1715659200,2938.99,2945.66,2882.26,2917.98,989.98678695,1486
1715673600,2917.98,2917.98,2897.55,2904.81,1481.39858918,1094
1715688000,2904.81,2920.0,2871.0,2896.98,4018.71686962,2718
1715702400,2896.98,2897.25,2860.08,2891.04,1620.70438095,2173
1715716800,2891.29,2899.98,2876.97,2881.49,3681.36238109,1574
1715731200,2881.49,2900.0,2864.75,2899.8,2344.52290807,1621
1715745600,2899.8,2919.4,2897.28,2915.45,707.17208652,886
1715760000,2915.45,2929.97,2887.33,2895.85,531.42229104,979
1715774400,2895.85,2994.19,2895.43,2976.24,3794.81659439,3012
1715788800,2977.0,3025.13,2971.72,3025.12,2681.71311757,2167
1715803200,3025.13,3039.95,3011.16,3033.23,1773.12604788,1832
1715817600,3033.21,3040.93,2995.26,3014.47,4146.72297987,2005
1715832000,3014.47,3020.01,3004.97,3016.35,961.56135346,923
1715846400,3016.02,3025.49,2991.93,3007.18,1879.31445315,1401
1715860800,3007.18,3007.23,2932.48,2957.18,5404.57532083,2818
1715875200,2957.07,2958.84,2927.13,2945.79,4391.10473225,2060
1715889600,2945.8,2945.8,2925.59,2944.48,948.35174022,1326
1715904000,2944.48,2954.41,2934.12,2950.63,618.39843944,1287
1715918400,2950.63,3032.79,2943.5,3024.83,2205.18654127,1941
1715932800,3024.83,3057.76,3018.64,3031.83,1886.619596,1941
1715947200,3031.57,3116.15,3020.35,3112.99,5438.90646689,3522
1715961600,3112.99,3120.0,3070.42,3085.92,3638.0617297,2482
1715976000,3084.0,3095.09,3082.76,3093.54,1468.74684914,1859
1715990400,3093.54,3129.26,3087.13,3114.71,1934.88260873,1813
1716004800,3114.32,3118.0,3092.86,3100.51,503.45917617,1281
1716019200,3100.5,3144.67,3100.5,3137.15,859.75782809,1550
1716033600,3137.15,3137.15,3100.0,3112.1,873.05032147,1853
1716048000,3112.11,3121.66,3107.22,3119.07,426.4971137,1042
1716062400,3119.07,3125.78,3108.96,3121.37,488.50647086,1734
1716076800,3121.37,3134.0,3113.48,3127.65,408.11281352,2320
1716091200,3127.66,3127.67,3105.07,3113.16,614.89619912,1024
1716105600,3113.95,3124.22,3085.88,3101.53,708.34600904,1238
1716120000,3101.53,3101.53,3065.09,3076.99,724.06462168,1500
1716134400,3077.0,3083.35,3059.0,3064.12,1137.24545165,1660
1716148800,3063.62,3081.03,3055.7,3071.79,535.60977959,1624
1716163200,3071.79,3097.12,3050.0,3086.88,854.88689368,1477
1716177600,3086.73,3137.45,3067.1,3092.07,786.9740164,1630
1716192000,3092.05,3112.0,3089.45,3094.62,2232.42746319,1349
1716206400,3094.63,3120.21,3077.47,3117.03,2482.0723763,1771
1716220800,3117.04,3458.89,3113.66,3440.46,12628.10910136,10299
1716235200,3442.52,3690.83,3421.95,3661.3,23712.1455571601,12610
1716249600,3661.31,3721.05,3640.01,3696.77,7529.40696393,5201
1716264000,3696.85,3699.03,3628.01,3658.88,5693.00485675,3067
1716278400,3658.89,3822.82,3650.0,3781.0,6102.05700904,5350
1716292800,3778.82,3832.37,3749.02,3775.97,10936.6171717,7095
1716307200,3775.98,3838.0,3680.36,3710.01,7581.27107655,5236
1716321600,3710.01,3818.81,3710.0,3789.23,4927.11994313,4301
1716336000,3789.32,3810.0,3775.67,3792.51,2880.2494769,3318
1716350400,3792.53,3793.34,3722.52,3747.36,7811.25841606,3981
1716364800,3747.37,3775.47,3692.0,3692.0,3362.08711621,2595
1716379200,3692.01,3773.46,3655.0,3761.18,6265.03584316,4491
1716393600,3761.34,3792.5,3703.52,3733.27,4256.46064445,3617
1716408000,3733.27,3777.63,3724.98,3736.82,6799.50739177,3213
1716422400,3736.82,3785.0,3736.81,3778.45,2230.15013516,2116
1716436800,3778.45,3833.81,3757.41,3813.04,4072.44476047,2631
1716451200,3812.51,3923.24,3791.04,3917.39,7457.60255443,4790
1716465600,3916.65,3943.11,3731.0,3813.45,14208.53570203,9154
1716480000,3813.46,3824.03,3701.0,3785.89,7868.26126826,5021
1716494400,3785.9,3904.34,3530.0,3780.86,31383.0162553898,15863
1716508800,3780.87,3826.16,3740.84,3801.71,6573.1259066701,3275
1716523200,3801.72,3810.1,3652.0,3677.83,4526.86314802,3938
1716537600,3677.84,3717.53,3630.87,3711.11,4553.91975909,3207
1716552000,3711.11,3729.37,3669.2,3689.69,2691.86583409,3385
1716566400,3689.7,3753.73,3655.01,3743.86,3775.01166371,4361
1716580800,3743.86,3755.08,3722.69,3726.37,2305.23667351,2594
1716595200,3726.37,3745.15,3707.98,3744.83,743.1049642,1349
1716609600,3744.83,3774.39,3744.82,3745.82,702.77835412,1384
1716624000,3745.76,3774.19,3738.01,3739.02,1190.33124551,1438
1716638400,3739.29,3757.59,3722.51,3743.08,980.99759808,1880
1716652800,3743.14,3763.38,3736.66,3756.47,720.32243889,1736
1716667200,3756.44,3759.72,3731.56,3749.32,779.78702212,1664
1716681600,3749.32,3768.8,3732.5,3768.79,1703.71712088,1397
1716696000,3768.8,3793.52,3741.61,3784.95,7512.93134772,2514
1716710400,3784.0,3818.4,3777.63,3811.44,2266.72374867,1791
1716724800,3811.52,3873.01,3793.09,3832.52,3854.13897218,3007
1716739200,3831.41,3879.9,3830.49,3872.81,2418.96337172,2369
1716753600,3872.82,3873.62,3817.18,3824.85,1472.39402954,1948
1716768000,3824.85,3936.8,3824.25,3917.28,4684.36682798,6004
1716782400,3917.39,3933.3,3887.38,3912.34,4561.56833969,8603
1716796800,3911.41,3950.0,3881.3,3897.8,4870.25841755,2448
1716811200,3898.11,3973.73,3890.92,3957.65,2681.43839331,3379
1716825600,3957.65,3970.31,3850.0,3867.3,2641.12167284,3728
1716840000,3868.49,3900.0,3857.73,3892.1,741.48987351,2093
1716854400,3892.1,3901.64,3826.86,3847.06,3770.97894918,3070
1716868800,3846.86,3859.68,3820.0,3844.19,1356.852261,1584
1716883200,3844.19,3924.15,3838.66,3900.02,1914.79390441,2100
1716897600,3900.55,3907.51,3830.0,3855.99,2505.72554723,3070
1716912000,3855.99,3863.8,3771.37,3837.62,4413.10719362,3659
1716926400,3837.61,3866.01,3818.0,3839.98,822.35675964,1585
1716940800,3839.99,3856.12,3834.2,3846.21,1303.16707458,1193
1716955200,3846.72,3879.9,3817.57,3817.57,1762.15012773,1540
1716969600,3817.31,3824.0,3780.0,3805.23,2186.706295,1881
1716984000,3806.11,3834.34,3750.0,3756.77,3378.2462959,3657
1716998400,3756.87,3773.8,3742.47,3745.35,1487.35967936,1966
1717012800,3745.35,3788.23,3742.21,3762.39,1108.83640006,1510
1717027200,3762.23,3789.05,3748.47,3787.51,1252.31366608,1584
1717041600,3787.52,3793.74,3713.29,3716.21,1631.52357094,1690
1717056000,3716.21,3752.77,3702.0,3734.54,1693.32484897,1734
1717070400,3734.54,3796.53,3733.41,3776.24,2639.43215031,2215
1717084800,3774.35,3821.64,3752.92,3763.02,2491.05808758,2318
1717099200,3763.43,3763.43,3720.04,3746.05,905.47402793,1621
1717113600,3746.91,3766.0,3741.94,3760.0,2591.17806055,1316
1717128000,3760.0,3764.25,3723.7,3726.86,1006.64972681,1310
1717142400,3726.87,3810.0,3726.87,3800.14,2004.45058738,1864
1717156800,3798.86,3843.01,3741.29,3741.29,3859.18412948,3221
1717171200,3741.3,3786.97,3722.19,3780.48,1388.19322083,2122
1717185600,3783.4,3796.03,3740.07,3758.2,1492.23753265,1528
1717200000,3758.37,3777.63,3750.16,3775.29,423.99749316,1019
1717214400,3775.43,3788.31,3766.72,3768.42,328.6153776,861
1717228800,3768.42,3803.0,3768.42,3785.55,306.74918976,862
1717243200,3785.03,3808.0,3785.03,3796.0,1251.38884117,1145
1717257600,3796.0,3806.31,3789.19,3799.99,355.36523332,964
1717272000,3800.0,3827.06,3796.09,3813.41,735.47962398,1158
1717286400,3812.84,3834.36,3795.0,3803.81,705.38971502,1032
1717300800,3803.81,3817.18,3791.93,3794.4,514.13937418,854
1717315200,3791.93,3804.57,3770.5,3800.79,363.09948028,893
1717329600,3801.61,3804.67,3775.29,3795.6,893.66429488,1051
1717344000,3795.61,3800.59,3753.18,3780.08,848.05020729,1356
1717358400,3780.08,3793.44,3765.27,3779.48,358.23638996,1015
1717372800,3778.7,3815.51,3760.65,3797.37,1051.07848151,1394
1717387200,3797.88,3838.84,3795.29,3815.47,976.85039358,1217
1717401600,3815.5,3835.05,3805.0,3807.13,1690.38729306,1195
1717416000,3807.17,3849.01,3761.91,3794.03,5201.41586191,2825
1717430400,3795.46,3797.31,3758.64,3770.84,1912.72155635,1616
1717444800,3770.85,3781.25,3760.99,3765.89,1344.10908865,1557
1717459200,3766.08,3780.77,3728.77,3773.02,2924.83334885,2673
1717473600,3773.01,3777.29,3752.27,3772.92,1157.38924993,1253
1717488000,3772.93,3778.0,3743.33,3760.44,668.66585099,1131
1717502400,3760.44,3815.0,3752.44,3809.24,2732.43193213,2685
1717516800,3809.62,3831.45,3779.65,3801.35,3850.55116029,2674
1717531200,3801.36,3818.99,3794.62,3813.01,1400.00576395,1285
1717545600,3813.02,3836.8,3803.0,3807.59,1044.4938699,1403
1717560000,3807.59,3816.8,3778.75,3808.99,1260.67403402,1373
1717574400,3809.0,3809.07,3790.01,3802.33,736.2669678,906
1717588800,3802.55,3821.98,3781.85,3814.07,1439.41426247,2013
1717603200,3813.42,3875.46,3800.0,3875.46,3793.48779293,3152
1717617600,3875.45,3884.42,3842.46,3866.35,1188.59470311,1824
1717632000,3866.36,3875.99,3854.78,3862.99,622.76780941,1111
1717646400,3862.99,3865.22,3841.95,3851.76,614.11724929,954
1717660800,3851.77,3855.17,3843.04,3847.98,639.29059526,935
1717675200,3848.22,3863.82,3822.18,3842.19,2473.56917443,1950
1717689600,3842.19,3851.78,3788.46,3789.26,2664.40442487,2486
1717704000,3789.26,3812.5,3760.0,3811.83,1546.15122441,1956
1717718400,3811.83,3811.83,3792.35,3804.41,765.03635246,1141
1717732800,3804.41,3822.46,3804.4,3814.52,414.84932133,889
1717747200,3814.53,3835.67,3800.07,3830.3,759.20402598,1052
1717761600,3830.3,3838.09,3772.45,3795.03,3394.04808804,2642
1717776000,3795.03,3803.2,3574.89,3687.23,8886.6962125001,7788
1717790400,3686.13,3696.95,3669.85,3676.69,1884.70415675,1812
1717804800,3676.88,3688.28,3674.27,3686.61,1069.36216115,1188
1717819200,3686.61,3706.74,3675.46,3705.01,858.47449665,1200
1717833600,3705.02,3705.02,3678.8,3682.99,408.6324077,890
1717848000,3682.99,3695.0,3657.39,3685.83,933.97216368,1566
1717862400,3685.84,3692.01,3673.71,3681.07,1282.67511576,1144
1717876800,3681.07,3682.16,3669.43,3680.04,1041.87503682,1163
1717891200,3680.21,3681.0,3665.53,3671.31,694.56520432,1092
1717905600,3671.32,3687.16,3671.0,3684.64,441.14240926,716
1717920000,3684.15,3690.41,3682.22,3690.4,555.92703456,553
1717934400,3690.41,3710.3,3681.9,3690.0,462.98473455,1015
1717948800,3690.0,3708.48,3689.99,3700.84,558.27079869,1034
1717963200,3701.53,3719.73,3697.62,3705.8,821.98534948,1151
1717977600,3705.8,3705.82,3681.53,3681.55,774.8350282,901
1717992000,3681.55,3689.59,3640.0,3648.34,1439.83625552,1199
1718006400,3646.94,3676.54,3646.36,3672.37,418.92282224,920
1718020800,3672.37,3710.0,3662.04,3704.71,2044.87977959,1872
1718035200,3701.24,3702.86,3662.87,3667.9,1679.62967465,1777
1718049600,3667.89,3675.39,3650.27,3664.38,1534.63967981,1453
1718064000,3664.38,3668.45,3565.91,3594.24,4425.26486553,3195
1718078400,3594.02,3594.02,3504.67,3532.78,4802.45122683,3361
1718092800,3534.22,3543.62,3503.12,3525.5,2072.09118845,2734
1718107200,3525.51,3541.54,3431.45,3445.0,3894.93522054,4275
1718121600,3445.0,3499.5,3430.48,3495.11,5348.92719387,3921
1718136000,3495.11,3506.0,3485.01,3497.85,571.85177681,1463
1718150400,3497.02,3510.0,3464.12,3508.35,1887.36291031,1670
1718164800,3508.56,3529.71,3507.4,3525.79,843.19689657,1260
1718179200,3525.73,3560.19,3516.37,3531.29,995.14441564,1322
1718193600,3530.92,3655.47,3530.78,3618.85,4861.62282852,3394
1718208000,3618.85,3623.06,3513.59,3529.22,5986.32992962,3730
1718222400,3529.63,3571.97,3522.01,3559.28,3911.7671127,2212
1718236800,3559.26,3559.26,3479.28,3501.15,1366.22491774,1656
1718251200,3501.14,3515.33,3487.73,3504.8,901.28958238,1246
1718265600,3504.8,3511.03,3473.53,3496.18,1972.86600602,1696
1718280000,3496.18,3532.03,3435.0,3440.3,4732.222774,3679
1718294400,3440.89,3488.47,3428.75,3480.69,1553.17010557,2232
1718308800,3480.76,3488.34,3462.65,3468.9,852.68404583,1412
1718323200,3468.9,3506.06,3459.58,3490.57,1356.11444601,1601
1718337600,3490.56,3529.49,3489.72,3521.5,798.3936936,1144
1718352000,3515.64,3524.51,3505.04,3512.33,410.77750098,818
1718366400,3513.21,3521.41,3460.28,3460.28,2159.18021065,1732
1718380800,3460.5,3464.0,3364.01,3405.62,7802.72618681,4817
1718395200,3405.62,3526.13,3402.67,3480.1,3281.95787998,2537
1718409600,3480.11,3500.03,3473.88,3499.01,781.17016253,1147
1718424000,3499.27,3552.71,3497.56,3525.38,2162.64902774,1622
1718438400,3526.73,3538.49,3519.39,3537.2,1074.31187442,1064
1718452800,3536.49,3592.0,3535.98,3561.33,1387.02176234,1699
1718467200,3563.23,3572.66,3551.43,3554.73,2413.30298855,1612
1718481600,3554.74,3572.63,3536.48,3564.36,882.81784223,1117
1718496000,3564.36,3570.24,3547.01,3552.5,1390.6834752,778
1718510400,3552.51,3572.24,3542.03,3559.91,544.90184503,760
1718524800,3559.91,3566.69,3544.79,3552.39,674.89841426,744
1718539200,3552.4,3605.46,3551.23,3590.06,633.34853781,1318
1718553600,3589.88,3603.15,3585.9,3595.88,625.24610555,1038
1718568000,3595.88,3649.99,3586.87,3620.19,802.8465267,1596
1718582400,3620.93,3634.61,3572.58,3578.26,1303.67912796,1282
1718596800,3579.08,3591.49,3540.0,3551.81,1857.75945024,1550
1718611200,3549.57,3555.89,3490.86,3523.65,1927.1667095,2010
1718625600,3524.99,3542.89,3484.42,3492.3,3860.83578339,2306
1718640000,3492.35,3574.52,3465.0,3548.71,4916.33773574,3011
1718654400,3549.32,3551.15,3500.95,3511.23,2501.34345649,1846
1718668800,3511.23,3513.81,3350.0,3438.39,12297.16092124,5772
1718683200,3438.06,3459.26,3430.0,3442.78,1458.68370449,1635
1718697600,3442.79,3449.19,3394.24,3412.45,1811.74875644,1769
1718712000,3412.45,3432.63,3371.68,3420.0,3641.57135586,2848
1718726400,3420.41,3432.75,3385.93,3420.65,2109.00754653,2275
1718740800,3420.66,3485.03,3411.52,3481.86,1614.30472458,2014
1718755200,3482.11,3570.0,3465.69,3565.4,7073.95977608,2922
1718769600,3566.0,3581.38,3532.82,3542.48,5757.88823824,2033
1718784000,3542.48,3559.31,3516.99,3536.77,3478.26528126,1781
1718798400,3535.18,3547.27,3511.67,3524.41,2248.03593609,1857
1718812800,3524.42,3586.45,3522.84,3544.59,2486.06725887,1856
1718827200,3543.97,3573.38,3533.0,3557.63,1788.27819871,1623
1718841600,3557.63,3589.99,3533.97,3548.99,979.30433595,1467
1718856000,3549.93,3610.0,3545.06,3606.03,1662.47102368,1884
1718870400,3606.04,3620.0,3572.03,3596.85,1816.91106007,1516
1718884800,3596.92,3620.0,3491.08,3505.05,8065.78298655,3551
1718899200,3505.05,3537.6,3482.61,3532.49,2046.45262733,2064
1718913600,3532.49,3534.85,3509.61,3511.96,580.10010512,949
1718928000,3511.96,3532.58,3493.0,3499.18,1641.09602203,1222
1718942400,3499.28,3517.2,3465.0,3472.27,1392.45100761,1222
1718956800,3473.55,3525.71,3443.9,3502.25,3513.4694972,2071
1718971200,3502.25,3515.91,3453.99,3489.69,6522.15934433,2497
1718985600,3490.02,3534.59,3470.0,3531.44,3832.44077358,2215
1719000000,3532.44,3543.6,3500.41,3517.25,566.33761012,1211
1719014400,3517.08,3519.5,3494.36,3503.86,1556.15660234,1094
1719028800,3503.86,3507.12,3490.0,3491.7,1097.71484381,636
1719043200,3491.71,3495.35,3476.0,3491.5,523.29274116,685
1719057600,3491.5,3507.41,3485.71,3501.01,1821.44476276,912
1719072000,3501.01,3504.08,3484.47,3490.02,233.8872978,772
1719086400,3489.96,3505.0,3486.05,3495.55,896.45742446,751
1719100800,3494.48,3517.62,3494.47,3516.67,618.16623774,847
1719115200,3516.68,3519.43,3505.04,3507.34,246.55197195,438
1719129600,3507.34,3510.7,3488.01,3494.7,498.35545682,478
1719144000,3494.73,3500.19,3471.35,3473.24,767.28266419,853
1719158400,3472.51,3478.85,3461.12,3477.02,625.39662007,839
1719172800,3476.98,3477.67,3408.0,3418.34,1329.00585107,1807
1719187200,3418.35,3429.73,3388.0,3400.68,1165.89177239,1305
1719201600,3400.67,3409.15,3352.5,3367.4,1411.47692471,1813
1719216000,3367.45,3391.95,3230.0,3318.8,4448.16215064,3722
1719230400,3318.8,3335.95,3264.0,3277.23,2530.05656861,2185
1719244800,3277.24,3312.88,3240.73,3289.53,5031.35187386,3193
1719259200,3290.26,3360.14,3258.15,3350.33,4391.87784287,3028
1719273600,3350.82,3382.85,3334.93,3371.22,1817.06543233,1653
1719288000,3370.9,3391.14,3356.65,3357.79,726.8727048,1010
1719302400,3358.81,3389.39,3343.14,3375.56,1353.77138084,1198
1719316800,3375.57,3421.0,3358.0,3420.12,2192.79478902,2150
1719331200,3420.01,3426.91,3380.78,3414.94,1772.00665536,2058
1719345600,3415.27,3417.66,3389.56,3394.93,493.04925726,910
1719360000,3394.93,3424.85,3385.37,3394.49,492.5770336,1036
1719374400,3394.57,3401.78,3377.51,3400.09,712.51977851,1071
1719388800,3400.49,3401.22,3366.53,3378.56,702.55846554,869
1719403200,3378.56,3393.19,3346.98,3360.8,2484.25210221,1640
1719417600,3360.63,3404.9,3328.14,3403.81,2795.77496444,2050
1719432000,3403.82,3413.17,3365.35,3367.66,1879.51221429,1305
1719446400,3367.67,3387.66,3362.0,3380.16,907.6565049,1116
1719460800,3380.16,3385.93,3365.16,3372.57,719.67641954,922
1719475200,3372.32,3407.56,3367.61,3401.65,1118.22049845,1005
1719489600,3401.65,3470.72,3401.64,3446.64,4056.66913595,2764
1719504000,3447.19,3462.0,3437.38,3444.52,5387.20981433,2416
1719518400,3444.44,3449.84,3436.2,3445.39,544.24599277,1099
1719532800,3445.4,3482.0,3433.21,3455.49,771.97625562,1203
1719547200,3455.49,3456.85,3424.31,3429.23,928.31430196,1003
1719561600,3427.83,3455.71,3417.92,3447.67,1251.47259345,1171
1719576000,3447.67,3470.96,3399.63,3408.61,3412.48317906,2509
1719590400,3408.01,3410.17,3362.0,3370.99,1591.70667384,2136
1719604800,3371.07,3386.47,3362.96,3374.22,571.47065769,1364
1719619200,3374.23,3391.65,3374.22,3379.33,644.89984165,889
1719633600,3379.33,3400.0,3375.85,3395.47,913.53732917,729
1719648000,3394.65,3399.53,3382.31,3396.08,276.58348546,431
1719662400,3396.08,3396.96,3378.99,3388.53,530.58536707,734
1719676800,3388.53,3388.56,3371.94,3380.24,208.65817026,726
1719691200,3379.19,3382.23,3366.7,3372.93,261.5052896,750
1719705600,3372.93,3382.0,3350.0,3364.52,382.6061652,1012
1719720000,3364.71,3393.46,3355.77,3385.91,522.54965712,816
1719734400,3386.0,3392.81,3381.22,3384.98,153.65082234,491
1719748800,3384.99,3395.58,3374.88,3392.99,1399.57155932,939
1719763200,3393.0,3424.85,3387.7,3423.34,869.47293968,1015
1719777600,3423.35,3451.84,3405.0,3432.23,693.2330243,1101
1719792000,3432.23,3516.66,3428.91,3494.21,2537.73529185,2100
1719806400,3494.21,3494.21,3481.21,3486.63,457.10265678,905
1719820800,3486.63,3490.56,3455.0,3455.01,2375.68640286,1425
1719835200,3455.01,3476.03,3449.61,3469.0,1869.67302303,1557
1719849600,3469.0,3493.62,3459.32,3468.99,1068.26479423,1225
1719864000,3466.63,3471.33,3422.08,3438.36,819.33698576,1430
1719878400,3438.32,3458.59,3432.2,3454.86,789.10215045,933
1719892800,3453.01,3458.72,3432.14,3434.9,1652.26805587,787
1719907200,3433.65,3449.16,3428.86,3447.57,295.24786655,620
1719921600,3447.57,3454.81,3398.39,3411.54,1489.26987926,1715
1719936000,3411.69,3428.8,3405.57,3409.68,631.40463331,1116
1719950400,3409.69,3420.28,3408.55,3415.81,1615.71711401,1109
1719964800,3415.81,3426.49,3330.0,3356.84,1912.36054047,2361
1719979200,3356.83,3366.34,3348.85,3349.98,392.23554901,988
1719993600,3349.39,3351.27,3277.08,3302.47,1732.34183647,2391
1720008000,3302.65,3321.25,3272.84,3299.33,1754.92789536,2151
1720022400,3299.33,3318.01,3253.36,3263.22,4227.05217698,2666
1720036800,3263.14,3301.58,3250.59,3292.88,1291.59213565,1694
1720051200,3292.89,3307.71,3156.69,3239.69,3401.61206828,3976
1720065600,3239.69,3243.41,3170.38,3178.09,1337.69923324,1892
1720080000,3178.09,3192.26,3126.02,3156.89,2457.75907203,2957
1720094400,3156.93,3157.44,3087.95,3136.29,3944.93529213,4572
1720108800,3136.3,3150.39,3111.1,3133.41,1104.08377902,1674
1720123200,3133.41,3168.34,3052.75,3057.47,1431.95124251,2344
1720137600,3057.57,3105.65,2862.46,2919.99,11167.76014663,9267
1720152000,2920.18,2927.14,2811.35,2879.29,6773.70729201,5775
1720166400,2880.35,2955.0,2824.66,2946.71,3331.61802598,3049
1720180800,2947.05,3002.49,2922.9,2991.17,4012.96625452,3367
1720195200,2991.38,2999.0,2960.84,2984.81,1915.86748103,1445
1720209600,2987.28,2992.11,2965.0,2981.95,936.34024909,923
1720224000,2981.79,3024.05,2956.05,2979.99,624.58567607,1087
1720238400,2979.7,3015.66,2962.79,3005.03,331.00181939,773
1720252800,3005.03,3013.08,2986.37,3006.1,1926.44267299,876
1720267200,3006.35,3030.0,2991.27,3020.45,568.4692047,968
1720281600,3020.45,3063.91,3019.04,3060.0,1037.93937098,1407
1720296000,3058.61,3080.02,3058.01,3068.53,647.80071783,901
1720310400,3067.56,3072.65,3041.64,3051.2,495.28031978,861
1720324800,3051.21,3051.21,2994.01,3005.15,1772.87808347,1132
1720339200,3005.15,3029.72,3005.14,3015.42,1624.75695806,831
1720353600,3015.43,3021.95,2957.08,2970.12,1917.25327991,1276
1720368000,2970.12,3008.33,2963.61,2984.52,547.76849409,1107
1720382400,2984.52,2998.32,2922.08,2929.7,2064.22342778,2099
1720396800,2929.71,2951.8,2825.01,2879.67,2469.84131818,2797
1720411200,2880.01,2930.0,2875.97,2926.28,934.45263287,1111
1720425600,2926.43,3093.18,2925.27,3051.54,1361.89998429,2379
1720440000,3051.54,3061.56,2894.01,2970.01,3227.12900551,3940
1720454400,2970.01,3008.92,2946.26,3006.55,2004.84052051,2252
1720468800,3004.15,3044.02,2985.81,3017.22,1064.32393826,1849
1720483200,3017.22,3072.41,3004.88,3066.06,900.35742446,2376
1720497600,3065.58,3087.78,3057.19,3060.76,1719.55289849,1731
1720512000,3060.41,3110.84,3056.76,3084.47,1577.54706319,1690
1720526400,3084.3,3105.82,3038.56,3068.31,1569.5520188,2551
1720540800,3068.31,3086.87,3047.09,3069.23,760.41439029,1520
1720555200,3069.51,3076.53,3049.44,3066.5,965.85430374,1249
1720569600,3066.5,3081.18,3024.37,3080.24,1155.29359808,1524
1720584000,3080.22,3129.78,3080.22,3097.95,1052.71712602,1855
1720598400,3097.96,3107.79,3080.0,3100.85,774.75388873,1470
1720612800,3100.86,3127.19,3080.0,3122.49,1625.45411773,2355
1720627200,3122.5,3149.45,3091.94,3107.88,2391.18782151,2197
1720641600,3106.99,3109.89,3082.36,3102.21,1064.86522659,1735
1720656000,3102.21,3126.36,3055.66,3076.77,847.08608763,1691
1720670400,3076.51,3121.36,3074.15,3117.77,2396.62940601,1435
1720684800,3117.99,3156.3,3114.73,3146.85,2550.26325843,2014
1720699200,3146.86,3213.77,3107.19,3118.35,2893.9201466,3856
1720713600,3118.4,3146.91,3099.54,3107.13,1134.33370128,1760
1720728000,3107.13,3120.29,3087.67,3098.64,948.43527737,1493
1720742400,3098.64,3116.39,3054.68,3085.19,1175.25188486,1786
1720756800,3085.18,3097.35,3060.01,3072.97,809.4035642,1128
1720771200,3072.0,3082.5,3048.46,3068.51,1552.63426022,1223
1720785600,3068.92,3138.43,3058.33,3133.01,1960.24552161,2362
1720800000,3133.01,3155.44,3115.89,3116.1,2397.41382791,1864
1720814400,3116.1,3134.28,3091.86,3133.65,917.79298655,1247
1720828800,3133.83,3138.5,3121.97,3121.98,476.1185226,654
1720843200,3121.98,3143.46,3115.0,3140.56,1453.95367879,966
1720857600,3140.7,3170.18,3132.38,3156.91,1240.8571178,1005
1720872000,3157.09,3163.81,3143.74,3155.69,598.19266182,822
1720886400,3155.61,3164.62,3147.82,3164.62,334.37389967,869
1720900800,3164.61,3200.1,3146.5,3177.16,1386.87637294,1486
1720915200,3176.66,3192.11,3166.31,3174.13,517.38288483,1012
1720929600,3173.97,3249.99,3172.43,3199.31,5318.70468465,1707
1720944000,3196.95,3224.45,3196.95,3202.98,923.4110557,917
1720958400,3202.98,3203.77,3177.27,3190.38,351.81186595,981
1720972800,3190.38,3196.79,3185.0,3191.36,382.75067803,786
1720987200,3191.43,3266.29,3191.27,3246.69,2031.66322089,1900
1721001600,3246.35,3340.84,3235.03,3331.02,5128.73600801,4419
1721016000,3330.95,3368.05,3323.88,3357.61,1136.51203661,1668
1721030400,3357.61,3371.66,3330.78,3339.71,1168.83266533,1348
1721044800,3340.26,3394.0,3336.25,3369.32,2377.23991792,1890
1721059200,3369.32,3431.91,3363.28,3408.48,3712.32241245,3124
1721073600,3408.47,3493.29,3407.77,3486.35,4334.19817014,3243
1721088000,3486.38,3497.51,3458.11,3471.32,1669.33334291,1969
1721102400,3471.18,3477.09,3375.0,3379.39,1927.31712802,2493
1721116800,3378.47,3423.52,3350.0,3418.7,3457.82497382,2154
1721131200,3418.7,3485.99,3380.01,3479.17,3049.34743428,2775
1721145600,3479.17,3493.0,3445.0,3474.99,1805.14368997,2730
1721160000,3475.0,3475.0,3418.49,3442.5,1450.80533595,1873
1721174400,3442.99,3515.44,3442.99,3482.17,1635.95876401,2338
1721188800,3482.17,3516.04,3477.98,3487.85,2727.59633259,1895
1721203200,3487.43,3499.83,3443.51,3449.95,1700.25050964,2054
1721217600,3449.96,3474.67,3435.81,3440.0,1409.21135764,2228
1721232000,3440.0,3440.0,3376.5,3418.01,1958.73231415,2811
1721246400,3418.01,3426.7,3387.29,3387.54,1077.13691802,1951
1721260800,3387.46,3437.99,3385.37,3429.12,850.69564218,1986
1721275200,3429.13,3450.86,3409.72,3436.17,797.26106375,1402
1721289600,3434.99,3461.57,3434.5,3458.1,3509.95668111,1325
1721304000,3458.1,3487.04,3385.49,3388.85,2069.75689739,2636
1721318400,3388.85,3420.86,3369.35,3406.7,1678.43995397,2318
1721332800,3404.84,3435.22,3398.93,3425.49,654.08284011,1074
1721347200,3425.49,3429.27,3386.01,3427.08,1136.34633369,1577
1721361600,3427.09,3447.62,3388.57,3390.25,852.83174844,1489
1721376000,3390.25,3407.43,3378.0,3401.32,1504.88513515,1496
1721390400,3401.32,3472.0,3397.91,3463.57,1692.58410146,2382
1721404800,3463.58,3540.89,3463.57,3525.82,4713.95290462,3463
1721419200,3525.19,3526.0,3495.31,3505.15,1974.57386885,2116
1721433600,3505.52,3507.99,3482.33,3498.01,787.32851345,1303
1721448000,3498.01,3506.75,3492.74,3492.74,581.12678795,833
1721462400,3492.74,3495.49,3484.24,3486.87,325.2629738,750
1721476800,3486.88,3506.98,3483.37,3502.05,806.40594574,1060
1721491200,3504.19,3538.73,3494.27,3514.34,1562.42990937,2063
1721505600,3514.35,3526.33,3506.0,3518.62,890.99372765,1012
1721520000,3518.01,3528.98,3507.83,3512.79,649.90818326,890
1721534400,3512.79,3513.11,3476.5,3486.9,714.04157532,1060
1721548800,3486.9,3505.28,3486.9,3497.14,218.77229575,672
1721563200,3497.14,3516.14,3486.86,3500.01,572.09711493,1263
1721577600,3500.02,3524.35,3412.19,3491.99,4484.54354516,3402
1721592000,3491.99,3545.0,3485.77,3534.56,2813.16286555,2472
1721606400,3534.57,3563.21,3518.08,3518.08,1740.55013959,2062
1721620800,3518.09,3521.49,3461.89,3482.99,1582.66319093,1813
1721635200,3479.99,3500.99,3470.38,3500.19,539.64814347,1513
1721649600,3500.39,3505.19,3437.93,3457.65,1416.82382063,2013
1721664000,3457.65,3498.79,3446.07,3496.98,1439.76432198,1840
1721678400,3496.98,3497.99,3427.0,3440.38,2843.00177829,2762
1721692800,3441.07,3487.87,3437.9,3475.27,927.08850745,2161
1721707200,3475.21,3481.99,3428.16,3451.54,888.68472871,2097
1721721600,3452.45,3540.34,3452.45,3517.77,2330.34846173,3132
1721736000,3517.58,3517.59,3431.57,3455.25,3165.24468882,3928
1721750400,3455.26,3499.36,3390.5,3461.66,8073.45915645,6255
1721764800,3460.52,3500.0,3458.79,3480.96,1662.20240745,2621
1721779200,3480.97,3485.4,3428.0,3449.13,998.00249296,2002
1721793600,3448.86,3449.98,3433.02,3444.35,710.70849493,992
1721808000,3444.35,3471.01,3443.93,3460.7,1044.90001204,834
1721822400,3460.62,3468.98,3411.79,3416.82,1930.98789003,1999
1721836800,3415.24,3430.02,3361.0,3361.0,4567.54809326,3680
1721851200,3362.13,3375.25,3302.0,3336.11,3455.22336832,3328
1721865600,3336.11,3340.26,3154.0,3168.34,6598.03835188,5682
1721880000,3167.75,3192.74,3100.39,3171.17,2642.40416408,2658
1721894400,3171.17,3185.15,3154.43,3171.16,976.03505984,1706
1721908800,3171.45,3180.0,3108.72,3141.1,3039.49326212,3738
1721923200,3141.1,3170.76,3101.76,3122.21,1901.08336233,2843
1721937600,3122.99,3196.16,3087.72,3173.35,2162.17572873,3043
1721952000,3173.35,3256.9,3171.12,3236.1,1352.47382573,2618
1721966400,3236.11,3272.97,3234.21,3249.26,1987.44346618,1640
1721980800,3249.26,3261.33,3235.49,3246.48,459.35736695,1150
1721995200,3246.78,3268.8,3222.7,3254.94,1439.30408248,2474
1722009600,3254.93,3286.07,3244.32,3274.85,4928.86729034,3031
1722024000,3274.85,3285.59,3252.38,3275.76,679.30921303,1426
1722038400,3274.94,3274.94,3245.0,3245.98,907.82047682,1151
1722052800,3245.98,3276.2,3245.0,3272.76,361.61873048,920
1722067200,3272.76,3282.32,3264.11,3277.55,441.95404234,958
1722081600,3277.56,3327.57,3271.7,3280.68,2432.09631302,2344
1722096000,3280.69,3289.99,3232.98,3262.79,1491.48784417,2225
1722110400,3262.17,3293.44,3195.0,3249.22,1950.36297503,2508
1722124800,3249.23,3254.09,3228.72,3239.98,255.90899398,825
1722139200,3239.98,3243.31,3201.5,3225.88,440.31651388,926
1722153600,3225.88,3264.96,3217.96,3257.84,106.51158025,709
1722168000,3257.47,3276.66,3255.55,3269.34,890.77315436,993
1722182400,3269.34,3281.83,3263.61,3273.01,336.23979909,794
1722196800,3272.16,3273.58,3252.5,3270.02,466.21205974,812
1722211200,3269.63,3354.06,3267.72,3347.98,828.58355789,1985
1722225600,3347.98,3387.0,3340.12,3368.33,1375.83007865,1451
1722240000,3366.79,3395.0,3364.54,3376.28,1101.91584142,1477
1722254400,3376.28,3385.0,3290.94,3308.26,2205.395199,2623
1722268800,3308.26,3320.51,3258.44,3310.14,3532.35919825,2504
1722283200,3310.78,3351.13,3310.14,3319.69,1462.70090946,1408
1722297600,3318.82,3334.43,3282.7,3320.57,637.14493488,1488
1722312000,3320.2,3350.0,3299.11,3340.15,1943.73928008,1060
1722326400,3340.02,3354.4,3327.48,3334.79,466.39769872,849
1722340800,3334.3,3362.85,3292.98,3321.95,2570.76806614,1843
1722355200,3321.96,3326.17,3261.31,3270.0,1620.63584785,1644
1722369600,3270.01,3284.14,3231.43,3278.39,761.3823028,1495
1722384000,3278.39,3302.0,3262.68,3293.42,586.97227739,1082
1722398400,3293.42,3328.74,3262.48,3316.1,656.85069312,1341
1722412800,3316.06,3323.33,3306.38,3320.0,298.70149462,904
1722427200,3320.0,3347.76,3299.0,3301.18,1927.10285716,1935
1722441600,3301.18,3324.56,3245.57,3265.19,2536.82504305,3311
1722456000,3264.45,3270.74,3215.64,3230.87,5754.67200692,2021
1722470400,3231.38,3240.15,3172.92,3178.21,1321.12025144,2025
1722484800,3177.4,3186.68,3136.81,3166.08,1861.11894006,1789
1722499200,3166.08,3191.36,3164.44,3187.76,885.51453484,937
1722513600,3187.76,3205.29,3101.04,3115.0,2077.27450389,3172
1722528000,3115.01,3132.0,3079.55,3129.52,3273.16402541,3255
1722542400,3128.7,3213.29,3120.0,3201.93,1676.89242498,2348
1722556800,3201.94,3214.79,3135.95,3165.54,2973.84592823,2092
1722571200,3165.55,3171.21,3125.11,3146.78,286.85180234,1363
1722585600,3144.46,3163.45,3133.05,3151.16,1646.71323748,1101
1722600000,3150.63,3177.23,2985.38,3038.99,4895.22966023,5129
1722614400,3038.01,3044.14,2993.01,3010.38,2581.21415733,2273
1722628800,3010.38,3036.15,2966.0,2985.96,2924.1773398,3085
1722643200,2985.96,2996.99,2909.88,2978.81,3843.58391615,4431
1722657600,2978.82,2992.05,2958.32,2982.98,1569.85270533,1336
1722672000,2982.97,3001.41,2973.76,2995.61,217.57667373,803
1722686400,2995.61,3013.47,2937.52,2942.67,1115.23059658,1689
1722700800,2941.57,2953.6,2878.63,2892.69,4123.79551003,3850
1722715200,2892.7,2920.19,2859.29,2902.03,2373.92995803,2004
1722729600,2902.2,2931.9,2877.71,2914.68,519.46049386,1183
1722744000,2914.18,2919.83,2887.13,2891.04,490.23996328,749
1722758400,2891.37,2922.26,2877.71,2913.24,336.59199477,897
1722772800,2913.24,2922.68,2818.92,2823.13,3031.35561197,2911
1722787200,2824.8,2834.94,2628.0,2757.05,9857.84490653,8703
1722801600,2756.5,2769.71,2680.87,2687.17,3166.17062538,2221
1722816000,2687.18,2694.76,1911.81,2313.94,39434.5011818504,21314
1722830400,2313.63,2383.48,2157.42,2357.97,15431.60334527,9638
1722844800,2357.9,2361.28,2225.5,2291.39,12156.4001092399,6385
1722859200,2291.38,2461.84,2184.77,2452.57,18658.6215736899,12338
1722873600,2453.09,2517.62,2365.67,2405.53,7218.85664472,6213
1722888000,2406.12,2475.0,2403.78,2417.54,3598.11432412,2972
1722902400,2419.84,2547.72,2416.6,2492.98,4585.7151218,3419
1722916800,2492.99,2535.08,2480.48,2525.58,3331.62192975,2520
1722931200,2525.57,2525.57,2443.63,2461.85,2544.60081504,2590
1722945600,2459.52,2555.15,2417.15,2529.44,3177.87146036,3957
1722960000,2529.68,2550.35,2483.46,2495.29,4809.53591223,2814
1722974400,2494.07,2513.52,2448.6,2461.39,3251.74878008,2242
1722988800,2462.53,2528.65,2428.89,2510.18,1997.25306043,2162
1723003200,2508.4,2535.0,2489.14,2510.73,2492.03458212,1649
1723017600,2511.64,2552.41,2474.69,2474.69,2005.07240156,1913
1723032000,2474.42,2486.8,2366.0,2412.94,4805.04301062,4535
1723046400,2412.89,2416.29,2329.09,2351.16,4603.23706166,3214
1723060800,2350.87,2370.57,2311.07,2343.07,3084.98151374,2807
1723075200,2343.4,2464.88,2321.71,2432.09,4161.18073454,2787
1723089600,2431.28,2444.88,2413.23,2413.84,1403.95015874,1305
1723104000,2413.85,2460.73,2411.54,2450.68,963.22278938,1135
1723118400,2450.08,2525.6,2413.43,2507.06,4395.12792723,3937
1723132800,2507.97,2608.55,2507.0,2570.9,5743.49085275,5583
1723147200,2575.95,2722.73,2570.66,2685.81,7524.5957737,4501
1723161600,2685.28,2700.0,2648.31,2694.94,3401.42548525,1779
1723176000,2694.94,2706.4,2649.5,2670.01,1630.33303357,1412
1723190400,2670.01,2679.97,2620.47,2637.98,1651.24023042,1504
1723204800,2635.41,2661.89,2559.26,2559.27,2383.02774493,3709
1723219200,2559.26,2608.61,2555.01,2591.01,1899.49470864,1693
1723233600,2591.43,2612.52,2565.33,2600.02,2736.53241429,1801
1723248000,2600.19,2644.37,2578.89,2603.41,916.37418069,1450
1723262400,2603.58,2635.56,2592.32,2635.55,277.82082597,682
1723276800,2635.56,2643.26,2623.79,2637.65,233.98741448,592
1723291200,2637.53,2638.39,2598.01,2598.99,581.54342777,847
1723305600,2599.0,2620.84,2591.91,2603.09,370.34152742,872
1723320000,2603.79,2617.11,2598.37,2609.2,278.88450045,640
1723334400,2609.21,2667.46,2607.16,2647.92,1011.6940539,1091
1723348800,2647.55,2680.52,2637.13,2679.08,415.43629238,806
1723363200,2679.08,2719.11,2645.75,2655.95,954.86027119,1304
1723377600,2655.24,2656.87,2597.8,2614.67,1618.58557793,1360
1723392000,2614.67,2645.28,2597.53,2601.11,1039.0959167,1322
1723406400,2601.1,2601.98,2539.84,2553.06,3487.32542806,2432
1723420800,2555.79,2576.0,2511.0,2541.56,1619.58285736,1609
1723435200,2541.56,2581.35,2518.12,2569.45,873.95269473,1471
1723449600,2569.46,2681.54,2561.57,2673.28,2096.9384595,2177
1723464000,2673.28,2729.19,2595.17,2688.82,6589.97278709,4095
1723478400,2688.83,2697.34,2630.0,2657.82,2849.7417781,2088
1723492800,2658.67,2748.86,2658.67,2723.29,2053.38587444,2170
1723507200,2722.95,2737.19,2651.06,2657.13,2594.3058318,2359
1723521600,2657.14,2663.07,2637.6,2649.0,1277.6730264,915
1723536000,2648.7,2657.11,2613.58,2642.81,1086.58766123,1221
1723550400,2643.37,2675.48,2633.36,2652.84,1765.5635998,1768
1723564800,2653.1,2729.99,2651.27,2712.86,4673.93246392,3301
1723579200,2712.94,2732.9,2695.52,2703.0,2197.5071259,1283
1723593600,2703.01,2724.13,2687.79,2711.47,1753.24817525,1327
1723608000,2711.48,2749.8,2710.19,2728.57,1781.1069814,1330
1723622400,2728.57,2763.62,2718.31,2754.23,1681.85292494,1327
1723636800,2754.24,2778.99,2635.0,2676.67,4340.18975576,3458
1723651200,2675.86,2675.86,2643.18,2669.85,2152.74310931,1623
1723665600,2669.59,2678.89,2642.01,2664.15,1245.3719304,1113
1723680000,2664.16,2672.09,2635.03,2652.68,1949.15199654,1168
1723694400,2652.83,2654.55,2591.1,2614.84,1532.28088537,1510
1723708800,2614.82,2641.71,2606.8,2638.5,516.46821706,1002
1723723200,2638.5,2675.11,2634.63,2669.29,2386.75359307,1879
1723737600,2669.3,2674.83,2521.44,2551.53,9664.81519752,3466
1723752000,2550.51,2589.51,2514.38,2570.08,2540.94792879,1805
1723766400,2570.09,2608.11,2552.27,2580.49,1071.48778545,1078
1723780800,2580.26,2627.11,2579.17,2617.55,1335.05112373,975
1723795200,2617.56,2625.0,2607.99,2615.13,2104.02370995,857
1723809600,2613.71,2617.99,2550.93,2570.65,4207.74805353,2182
1723824000,2571.61,2631.6,2565.17,2621.58,3190.0967116,1679
1723838400,2621.28,2625.64,2588.02,2593.43,2222.52333024,941
1723852800,2593.5,2606.78,2588.86,2596.27,718.95705684,882
1723867200,2595.39,2603.16,2591.85,2599.29,202.96078626,422
1723881600,2599.29,2606.75,2594.72,2599.66,871.31917214,600
1723896000,2599.65,2619.02,2597.68,2607.34,366.01281093,713
1723910400,2607.23,2626.09,2607.23,2614.74,462.70976509,1042
1723924800,2614.99,2617.82,2602.32,2613.74,675.18158618,704
1723939200,2613.74,2636.42,2605.97,2607.18,850.26549528,1075
1723953600,2607.18,2609.71,2596.75,2606.64,402.77128438,672
1723968000,2606.65,2664.3,2605.94,2648.07,3240.33497016,1281
1723982400,2648.08,2685.35,2645.01,2671.72,2021.69966569,1313
1723996800,2671.78,2677.18,2644.89,2665.69,1122.55486353,1120
1724011200,2667.76,2669.99,2610.24,2612.65,600.98665366,1062
1724025600,2612.7,2646.22,2606.19,2645.31,1023.94817041,1328
1724040000,2645.09,2646.46,2613.38,2614.42,500.78328326,625
1724054400,2614.42,2622.07,2561.87,2590.91,1610.96863698,1343
1724068800,2589.61,2604.73,2566.25,2585.4,3055.44935171,1618
1724083200,2585.41,2629.75,2576.49,2608.88,1203.50819031,1487
1724097600,2607.21,2639.81,2606.0,2637.92,821.52571095,1090
1724112000,2637.86,2675.78,2624.49,2661.51,919.21617674,1439
1724126400,2662.92,2695.07,2660.0,2675.88,676.89564942,1107
1724140800,2675.88,2675.88,2642.34,2643.27,749.01966538,833
1724155200,2644.41,2656.54,2557.06,2575.07,2075.61249581,2291
1724169600,2575.37,2606.17,2566.42,2602.68,1506.48335651,1582
1724184000,2603.22,2607.77,2567.08,2573.45,785.38465814,1116
1724198400,2573.05,2597.11,2558.65,2591.0,853.87507562,1205
1724212800,2591.0,2605.59,2590.81,2601.04,858.71330929,805
1724227200,2601.05,2606.19,2570.09,2579.68,709.66582173,907
1724241600,2578.48,2617.0,2536.68,2603.0,4022.33283145,2724
1724256000,2602.47,2649.35,2593.08,2647.82,2020.27107089,2137
1724270400,2647.9,2662.7,2621.96,2629.76,1624.06002061,1600
1724284800,2629.77,2639.21,2586.27,2616.43,944.42779592,2940
1724299200,2616.89,2641.71,2614.36,2637.05,393.33532548,1052
1724313600,2637.05,2643.84,2622.95,2642.71,474.52570308,1080
1724328000,2642.72,2644.94,2592.04,2599.04,1696.5927744,2878
1724342400,2599.04,2618.54,2599.03,2605.58,922.50710802,1336
1724356800,2606.11,2626.3,2606.1,2623.19,1890.84963954,1134
1724371200,2623.19,2651.68,2623.18,2635.92,1004.15160081,1331
1724385600,2635.92,2688.0,2635.91,2669.06,1666.34945133,1767
1724400000,2669.07,2679.54,2652.74,2653.59,547.20370279,1233
1724414400,2653.12,2699.3,2633.58,2671.95,3089.70120236,4730
1724428800,2671.95,2749.75,2663.85,2749.55,3172.32793022,3222
1724443200,2748.31,2800.0,2747.06,2764.61,2259.9604037,2913
1724457600,2764.88,2770.0,2745.0,2748.41,1388.20473467,1484
1724472000,2748.41,2765.99,2742.35,2760.03,570.34142126,1338
1724486400,2759.89,2785.07,2757.66,2759.87,1105.49781077,1382
1724500800,2758.72,2764.8,2755.67,2762.62,1132.54423602,1196
1724515200,2762.62,2820.53,2761.82,2795.1,2855.20344973,2325
1724529600,2794.97,2806.97,2733.71,2769.76,2226.36932921,1806
1724544000,2769.77,2781.38,2752.01,2763.99,918.41091563,1167
1724558400,2764.0,2769.88,2735.83,2743.81,439.7219422,1032
1724572800,2744.05,2760.4,2740.65,2751.39,641.83958079,1133
1724587200,2751.4,2773.04,2747.9,2764.88,549.16973145,1121
1724601600,2765.09,2774.09,2762.46,2767.6,440.95491178,1162
1724616000,2768.34,2792.86,2742.89,2747.0,1049.68832184,1685
1724630400,2747.01,2761.38,2719.92,2745.4,686.46374861,1345
1724644800,2745.39,2752.77,2731.53,2735.32,841.55491607,1109
1724659200,2735.32,2747.77,2711.57,2738.26,1145.17290267,1376
1724673600,2738.28,2742.0,2704.49,2722.85,2424.46756395,2107
1724688000,2722.85,2731.84,2676.92,2679.02,2035.2867681,2031
1724702400,2679.44,2692.13,2669.69,2681.1,1480.87966099,1567
1724716800,2681.11,2693.18,2668.07,2685.69,1156.53838786,1728
1724731200,2685.7,2700.18,2676.36,2687.87,479.09918902,1066
1724745600,2687.87,2690.73,2620.27,2626.3,2098.59736076,2068
1724760000,2626.35,2628.27,2561.74,2579.62,3722.24955409,2991
1724774400,2579.01,2590.0,2565.32,2583.38,2145.67397639,2104
1724788800,2583.99,2586.65,2394.0,2458.44,5728.22768547,6251
1724803200,2458.44,2480.34,2421.0,2479.21,9020.95950212,4432
1724817600,2479.04,2484.99,2434.51,2437.29,1093.83448392,1606
1724832000,2437.3,2547.72,2430.22,2524.01,2939.29001237,2204
1724846400,2524.01,2537.89,2470.01,2496.75,2603.68633716,2327
1724860800,2496.84,2543.82,2457.53,2503.84,3172.56677915,2670
1724875200,2505.48,2553.69,2505.48,2528.36,1039.69654399,1774
1724889600,2528.37,2537.92,2514.29,2523.58,1020.41493246,1246
1724904000,2523.59,2558.28,2520.01,2549.88,268.54584655,1094
1724918400,2549.89,2573.05,2539.65,2557.04,810.83924622,1385
1724932800,2557.04,2596.82,2554.14,2578.52,2426.90229613,2285
1724947200,2578.53,2586.01,2512.13,2527.13,3562.13152493,2582
1724961600,2528.0,2543.7,2505.87,2528.61,1482.97717257,1635
1724976000,2528.62,2534.11,2506.04,2517.23,995.55584888,1381
1724990400,2516.71,2532.53,2506.0,2518.12,660.70761694,1178
1725004800,2518.12,2527.23,2509.18,2512.77,1779.26246769,1119
1725019200,2512.75,2551.74,2434.73,2448.66,4645.80514182,3399
1725033600,2448.66,2539.01,2431.12,2506.6,6301.91762757,2961
1725048000,2506.61,2529.57,2506.14,2526.84,869.92476549,1124
1725062400,2526.84,2533.33,2520.89,2522.73,427.35404453,965
1725076800,2522.73,2528.82,2518.4,2521.38,460.86749341,662
1725091200,2520.45,2528.21,2512.5,2524.72,357.23363732,552
1725105600,2524.72,2526.09,2514.15,2517.26,264.73211089,817
1725120000,2517.27,2518.29,2493.08,2499.6,510.26693493,985
1725134400,2498.97,2526.08,2494.38,2512.79,473.85527181,698
1725148800,2512.65,2514.58,2477.0,2488.89,846.55428975,972
1725163200,2488.89,2489.4,2460.0,2485.96,2816.60582114,2037
1725177600,2485.97,2491.59,2460.0,2477.34,1511.78250612,1428
1725192000,2477.0,2489.12,2438.52,2480.0,5016.9961839,4735
1725206400,2480.0,2512.46,2459.0,2500.46,5014.52049558,2508
1725220800,2500.47,2513.72,2401.0,2427.5,2372.14309647,4841
1725235200,2427.51,2452.71,2424.61,2449.01,1509.15349355,1172
1725249600,2449.02,2464.01,2435.01,2439.15,1438.80859567,914
1725264000,2439.15,2535.23,2439.15,2515.41,4030.58365314,1836
1725278400,2515.42,2525.0,2493.09,2515.09,2014.23883113,2922
1725292800,2515.09,2529.68,2506.27,2523.93,547.49766284,1048
1725307200,2524.4,2564.36,2522.51,2538.48,1425.8116813,1438
1725321600,2538.49,2551.53,2515.76,2515.77,439.04401396,1064
1725336000,2515.78,2525.39,2513.47,2520.38,889.43740614,805
1725350400,2520.23,2520.23,2495.58,2508.27,1104.05362909,987
1725364800,2508.87,2516.85,2436.44,2441.9,2493.35035697,2236
1725379200,2443.9,2467.34,2436.0,2445.42,2988.73381761,1685
1725393600,2446.16,2469.39,2414.3,2422.26,2203.98730581,1561
1725408000,2424.81,2448.16,2308.0,2372.67,6261.26831817,6095
1725422400,2372.68,2412.75,2363.72,2400.18,1875.14299793,1502
1725436800,2400.43,2408.78,2387.99,2400.2,1405.44812571,1193
1725451200,2400.21,2457.17,2393.79,2456.06,2066.92490774,2569
1725465600,2455.7,2488.55,2440.59,2451.93,3810.64136941,1753
1725480000,2451.93,2467.97,2445.37,2450.08,486.31174893,1069
1725494400,2450.4,2465.48,2404.47,2404.47,1141.19815163,1241
1725508800,2404.7,2417.45,2377.36,2412.47,883.27761775,1216
1725523200,2412.48,2415.25,2383.46,2388.85,722.20828649,895
1725537600,2388.86,2413.05,2356.05,2371.7,2438.73100124,2284
1725552000,2371.61,2394.72,2347.6,2361.99,1516.81581866,2285
1725566400,2362.0,2376.96,2350.98,2368.47,1652.29744111,2161
1725580800,2368.17,2406.03,2357.12,2393.47,711.6461532,1977
1725595200,2392.33,2395.62,2323.0,2345.16,1211.57622701,1553
1725609600,2345.14,2378.76,2338.3,2372.53,553.42180673,1180
1725624000,2372.53,2406.23,2263.74,2288.19,9752.8432703,4985
1725638400,2288.19,2290.31,2207.01,2220.74,7140.7865988,4602
1725652800,2220.02,2226.88,2150.0,2224.45,5454.60358863,4108
1725667200,2224.45,2241.3,2222.0,2238.02,6531.22235231,2869
1725681600,2238.02,2293.44,2238.01,2288.73,1135.91037561,1564
1725696000,2288.72,2297.68,2275.92,2284.12,513.50019357,1036
1725710400,2284.12,2309.57,2282.92,2300.51,682.06591453,1291
1725724800,2300.46,2302.64,2265.01,2290.29,816.48966818,1234
1725739200,2290.29,2290.29,2258.71,2273.1,486.80879384,1071
1725753600,2273.11,2287.78,2263.48,2285.11,972.45486596,911
1725768000,2285.11,2302.76,2283.98,2295.26,470.8984878,868
1725782400,2295.27,2307.47,2287.59,2295.66,479.56790511,1079
1725796800,2295.66,2297.0,2242.87,2244.14,1148.15676137,1524
1725811200,2244.14,2282.3,2243.48,2271.7,1333.28659455,1302
1725825600,2271.7,2333.02,2267.25,2296.92,1387.44113374,2059
1725840000,2297.31,2318.46,2288.22,2303.86,710.87000467,1575
1725854400,2303.86,2315.21,2284.4,2313.75,725.66045803,1282
1725868800,2313.63,2337.09,2312.61,2314.12,1054.21179878,1390
1725883200,2314.12,2324.67,2274.57,2292.27,1859.24113745,2408
1725897600,2292.27,2353.38,2291.75,2350.87,3553.89136018,3057
1725912000,2350.96,2380.0,2337.62,2359.08,2265.37263333,2073
1725926400,2359.08,2359.34,2335.94,2340.91,729.04711172,1346
1725940800,2340.91,2366.27,2330.31,2361.63,823.06271213,1175
1725955200,2361.63,2370.44,2339.9,2352.34,642.607194,1237
1725969600,2352.34,2361.9,2321.78,2324.87,798.64659639,1689
1725984000,2325.34,2389.72,2325.33,2382.98,2096.31127785,2017
1725998400,2381.41,2398.0,2372.28,2387.78,1593.9290495,1601
1726012800,2387.78,2389.3,2340.07,2347.86,1893.44315618,1902
1726027200,2347.99,2347.99,2320.0,2341.82,793.99987015,1455
1726041600,2341.68,2341.68,2309.0,2325.35,1044.28656294,1446
1726056000,2325.35,2353.4,2278.81,2324.61,3307.7970376,2634
1726070400,2325.4,2367.26,2325.4,2342.51,1503.56502348,1839
1726084800,2340.89,2350.0,2334.53,2339.99,616.736388,981
1726099200,2340.0,2390.0,2339.82,2369.83,1511.81030924,1789
1726113600,2369.83,2377.98,2353.95,2358.03,400.61903807,1045
1726128000,2358.03,2366.03,2344.42,2348.51,491.20490721,1300
1726142400,2348.51,2366.34,2315.98,2321.99,949.46858427,1851
1726156800,2321.99,2360.25,2321.98,2359.23,1829.4007619,1741
1726171200,2359.23,2370.89,2342.87,2361.34,1409.59940826,1198
1726185600,2361.34,2364.05,2350.34,2356.37,441.11236187,963
1726200000,2356.38,2358.93,2338.17,2349.41,281.8375043,818
1726214400,2349.41,2373.99,2342.29,2350.96,396.20902474,956
1726228800,2352.52,2412.39,2343.11,2407.26,1034.26058999,1793
1726243200,2408.0,2429.49,2397.79,2421.2,3664.72169527,2515
1726257600,2422.57,2465.0,2414.49,2440.89,2738.96751044,1827
1726272000,2441.43,2442.15,2424.01,2434.09,4324.89055354,3033
1726286400,2434.21,2435.22,2415.85,2421.62,1881.48184257,1255
1726300800,2421.13,2421.6,2410.54,2416.27,314.05265776,890
1726315200,2416.28,2424.36,2414.44,2419.38,308.81530812,1001
1726329600,2419.28,2421.63,2381.0,2409.9,2518.29031281,2020
1726344000,2409.91,2421.62,2409.9,2416.99,679.55730457,2111
1726358400,2417.0,2429.52,2416.99,2420.88,266.5153188,877
1726372800,2420.78,2424.35,2416.48,2422.77,200.52368464,728
1726387200,2422.77,2423.5,2403.18,2407.11,611.54070805,751
1726401600,2407.11,2417.29,2396.89,2409.56,453.41827039,1149
1726416000,2409.29,2409.66,2365.01,2372.88,1009.50076029,1720
1726430400,2372.33,2372.33,2286.06,2316.87,1365.58320408,2507
1726444800,2316.26,2322.34,2253.06,2278.11,2211.9945029,2480
1726459200,2278.11,2311.38,2276.31,2311.06,1323.97042156,1310
1726473600,2311.07,2333.53,2289.41,2307.71,521.88565965,1302
1726488000,2307.71,2311.37,2269.14,2287.59,1343.5069984,1574
1726502400,2287.03,2308.65,2270.0,2273.05,2010.60556622,1889
1726516800,2274.33,2300.0,2268.86,2295.03,1485.55638042,1321
1726531200,2295.03,2298.24,2262.99,2283.66,1536.50069331,1205
1726545600,2283.66,2309.3,2282.64,2309.17,396.99795634,1093
1726560000,2308.98,2321.99,2302.37,2308.43,668.70192287,1347
1726574400,2308.43,2392.12,2303.83,2383.59,2797.92410874,2699
1726588800,2383.6,2388.0,2330.3,2352.61,1403.61840423,1981
1726603200,2352.8,2360.53,2331.0,2341.69,2126.13570773,1455
1726617600,2341.69,2341.69,2312.59,2336.5,1390.316815,1479
1726632000,2336.51,2336.51,2314.83,2330.73,590.95161735,1125
1726646400,2330.73,2330.73,2277.26,2299.91,748.82907601,1426
1726660800,2299.98,2317.96,2289.01,2297.01,1809.48869263,1913
1726675200,2297.01,2363.96,2289.91,2313.99,3996.06008885,3435
1726689600,2313.99,2374.85,2291.32,2374.75,2088.712875,1921
1726704000,2374.47,2412.22,2374.09,2404.25,1160.06751273,1982
1726718400,2404.04,2441.0,2400.31,2437.03,1917.93561241,1754
1726732800,2437.03,2440.97,2424.04,2435.81,4343.11535669,1418
1726747200,2435.59,2451.0,2422.06,2438.77,2285.31381687,2116
1726761600,2438.78,2493.44,2435.5,2462.52,5069.16497961,2922
1726776000,2462.53,2477.09,2454.79,2464.52,2742.62729956,1398
1726790400,2464.52,2519.98,2437.9,2519.98,2213.9738757,1894
1726804800,2519.97,2570.3,2517.4,2560.39,2020.66101533,3930
1726819200,2560.62,2564.81,2539.98,2544.66,1230.20422431,2157
1726833600,2544.66,2569.88,2516.13,2559.35,4758.07961363,3887
1726848000,2559.36,2567.18,2526.07,2540.31,4084.00139125,4624
1726862400,2541.33,2561.98,2538.56,2561.44,4485.26169735,2656
1726876800,2561.6,2587.3,2535.5,2544.81,4180.27625501,3026
1726891200,2544.27,2558.83,2530.01,2556.14,3580.69414636,2189
1726905600,2556.12,2557.6,2545.95,2557.03,3135.87185944,1326
1726920000,2557.03,2576.69,2552.75,2561.5,3647.20595482,3671
1726934400,2561.57,2578.98,2558.02,2572.47,3636.7843669,2270
1726948800,2573.23,2623.53,2562.0,2615.0,4581.39704743,3175
1726963200,2615.01,2633.03,2588.9,2596.01,5793.99450576,2919
1726977600,2596.01,2605.1,2577.0,2589.16,3324.34999667,1955
1726992000,2588.41,2596.31,2572.0,2582.62,3305.05702662,2953
1727006400,2582.62,2588.34,2557.19,2571.14,3860.90635454,2176
1727020800,2570.85,2592.4,2554.45,2579.68,3545.77720274,3965
1727035200,2579.56,2594.56,2528.08,2581.99,5702.91924213,4172
1727049600,2582.0,2685.02,2541.35,2677.13,6095.75794107,4627
1727064000,2677.12,2681.08,2637.81,2646.35,5739.56503037,3072
1727078400,2646.36,2661.87,2635.54,2645.01,10310.1870918,2831
1727092800,2645.01,2685.33,2633.25,2675.71,5423.46716248,3077
1727107200,2675.68,2701.15,2659.38,2673.03,5695.59833776,3379
1727121600,2672.53,2682.11,2640.17,2646.91,2019.31315434,1927
1727136000,2647.16,2651.16,2611.11,2626.03,2858.04539451,2432
1727150400,2626.04,2649.01,2618.86,2647.28,1137.13703547,1330
1727164800,2646.61,2665.99,2635.83,2636.48,1277.22274936,1383
1727179200,2636.49,2645.0,2592.47,2613.07,2885.94323099,3020
1727193600,2612.38,2655.56,2611.37,2651.99,1685.28125044,2178
1727208000,2651.99,2669.98,2640.57,2653.13,2269.17152303,2327
1727222400,2653.14,2672.53,2634.88,2644.79,1593.72307981,2065
1727236800,2644.8,2644.8,2612.11,2621.98,781.25810175,1788
1727251200,2621.2,2627.99,2614.3,2625.52,533.29112777,1041
1727265600,2625.99,2627.39,2598.25,2599.99,1698.54823542,1749
1727280000,2599.76,2607.33,2566.35,2570.01,2139.41093696,2362
1727294400,2570.01,2584.23,2554.51,2580.05,1478.61177516,1662
1727308800,2579.15,2603.99,2559.6,2601.45,1057.03903598,1836
1727323200,2601.46,2632.46,2591.81,2632.11,499.99230083,1504
1727337600,2629.39,2638.37,2614.05,2627.16,803.76037621,1545
1727352000,2627.16,2661.54,2610.21,2654.96,3124.41688111,3216
1727366400,2653.34,2664.49,2627.23,2650.63,2302.83040411,3731
1727380800,2650.8,2655.56,2620.0,2632.14,1674.38776337,2090
1727395200,2632.14,2643.5,2617.2,2638.33,623.90826763,1679
1727409600,2638.51,2666.66,2637.58,2659.39,1394.32605195,1627
1727424000,2657.91,2676.39,2641.9,2652.56,1204.65688404,1816
1727438400,2652.56,2698.0,2644.92,2683.48,2317.57810993,2972
1727452800,2683.48,2728.44,2680.0,2702.27,3888.47562309,3637
1727467200,2702.28,2707.5,2690.81,2695.01,1069.25424281,1410
1727481600,2695.01,2702.63,2690.0,2692.09,601.96819412,1262
1727496000,2692.1,2699.88,2675.92,2678.36,2046.63152809,1346
1727510400,2678.36,2678.65,2650.66,2674.28,840.6273552,1289
1727524800,2674.32,2674.67,2655.0,2670.09,756.5956611,1123
1727539200,2670.1,2684.81,2663.5,2677.02,586.02144992,1082
1727553600,2677.03,2680.08,2657.05,2678.61,492.01476594,1090
1727568000,2675.74,2683.66,2665.05,2675.0,331.23792908,890
1727582400,2675.0,2675.0,2637.36,2640.24,507.73349794,1022
1727596800,2640.24,2653.35,2635.5,2652.59,1415.47264089,778
1727611200,2652.6,2668.29,2642.98,2666.12,870.82917142,1018
1727625600,2666.12,2671.42,2653.0,2666.63,1689.06621073,1039
1727640000,2666.64,2672.78,2650.0,2657.89,876.06469564,1436
1727654400,2658.03,2662.14,2602.36,2629.69,2049.06470467,1988
1727668800,2629.7,2643.71,2623.37,2637.96,780.36239779,965
1727683200,2637.96,2641.33,2594.2,2627.46,1855.42820204,1665
1727697600,2627.46,2636.21,2594.25,2594.25,1431.62361767,1599
1727712000,2594.45,2608.54,2575.4,2592.26,1424.29676419,2095
1727726400,2592.27,2614.78,2577.6,2602.97,762.61832237,1490
1727740800,2602.42,2630.86,2591.47,2628.14,915.81631245,1401
1727755200,2628.13,2656.03,2627.17,2644.78,957.26613024,1122
1727769600,2644.78,2645.19,2628.83,2628.83,656.20995617,1012
1727784000,2628.83,2633.36,2483.87,2523.64,9941.64341758,4897
1727798400,2523.92,2528.83,2430.09,2486.49,5405.4593242599,4387
1727812800,2486.49,2489.4,2413.97,2448.27,2559.52677286,3263
1727827200,2447.38,2498.17,2441.95,2489.57,1740.66312073,1435
1727841600,2489.57,2491.14,2468.01,2483.32,608.95192661,1103
1727856000,2483.32,2485.79,2443.19,2456.56,934.09488388,1321
1727870400,2456.57,2462.99,2419.48,2460.82,3249.19205769,2350
1727884800,2460.85,2476.85,2367.94,2372.67,3845.87246943,3345
1727899200,2371.46,2391.32,2352.33,2363.93,2256.74259877,2195
1727913600,2363.92,2399.0,2352.81,2398.99,1037.60372598,1305
1727928000,2398.98,2402.24,2359.59,2365.87,365.1054182,944
1727942400,2365.88,2369.32,2321.01,2351.69,1680.57398413,2139
1727956800,2351.69,2363.18,2311.08,2339.36,1968.90943321,2304
1727971200,2339.48,2352.01,2312.77,2351.36,766.16744102,1490
1727985600,2351.6,2356.0,2333.51,2349.46,531.72912128,1045
1728000000,2349.46,2378.39,2339.6,2367.26,747.51078764,1129
1728014400,2367.04,2385.72,2366.96,2381.69,630.48603954,829
1728028800,2381.57,2392.2,2374.91,2385.0,776.71591541,798
1728043200,2385.0,2416.11,2354.05,2415.11,3617.88479547,2181
1728057600,2416.04,2439.0,2411.71,2430.0,3417.46958929,2321
1728072000,2430.0,2431.09,2413.31,2414.51,722.02069751,904
1728086400,2414.59,2428.2,2391.09,2400.0,646.250687,976
1728100800,2400.01,2426.74,2397.12,2416.64,902.43291553,715
1728115200,2415.22,2427.0,2415.19,2417.45,691.27854182,624
1728129600,2417.47,2423.82,2405.25,2415.24,807.23331156,875
1728144000,2414.87,2415.24,2394.11,2395.23,678.82741293,1118
1728158400,2395.23,2419.39,2391.0,2414.78,386.53817572,791
1728172800,2414.76,2421.19,2407.22,2413.71,224.5739146,785
1728187200,2413.71,2420.52,2410.58,2418.39,282.79710096,565
1728201600,2418.39,2429.0,2416.32,2428.99,539.28599921,716
1728216000,2427.45,2455.05,2425.02,2447.77,1787.33512728,1069
1728230400,2447.82,2452.24,2435.45,2442.0,1098.15017088,989
1728244800,2442.01,2444.32,2417.73,2440.03,1490.73152676,1092
1728259200,2439.82,2510.98,2437.0,2494.63,4432.32983597,2280
1728273600,2495.04,2497.21,2477.09,2481.95,954.39578199,1151
1728288000,2481.94,2487.99,2438.75,2473.98,1154.38138104,1554
1728302400,2473.99,2519.0,2462.11,2474.05,2720.80138685,2411
1728316800,2474.55,2479.42,2421.72,2445.36,1895.65353745,2268
1728331200,2445.36,2455.69,2405.01,2422.1,2371.1162915,1893
1728345600,2422.27,2447.58,2422.12,2437.48,1277.94211797,1380
1728360000,2437.48,2444.13,2412.2,2426.8,1286.05554199,1464
1728374400,2426.51,2438.37,2416.95,2437.63,325.91257639,1173
1728388800,2437.63,2450.19,2401.2,2417.84,1282.69567927,2375
1728403200,2417.94,2453.09,2410.17,2438.47,1662.99600568,2336
1728417600,2438.38,2462.83,2432.98,2439.22,701.50495094,1360
1728432000,2439.23,2471.13,2426.93,2444.99,1067.24111721,1247
1728446400,2444.99,2450.44,2431.9,2434.3,468.78212864,932
1728460800,2434.3,2438.65,2427.71,2438.48,697.69924441,1243
1728475200,2438.48,2467.99,2421.98,2458.79,894.27800726,2157
1728489600,2458.8,2458.8,2405.18,2415.87,1200.62714287,2545
1728504000,2415.68,2415.68,2350.83,2366.78,2653.30924662,2997
1728518400,2366.79,2397.21,2364.89,2392.5,2011.5001165,1875
1728532800,2392.41,2406.62,2390.01,2392.95,1073.2372798,1284
1728547200,2393.08,2403.32,2366.16,2402.52,659.27819549,1555
1728561600,2402.53,2404.78,2369.0,2401.9,1476.75738706,2209
1728576000,2401.78,2416.23,2329.07,2366.0,3851.96582598,3606
1728590400,2366.01,2384.61,2356.6,2383.76,1572.62308799,1723
1728604800,2383.97,2412.99,2380.5,2408.99,651.96612954,1784
1728619200,2409.0,2414.51,2402.11,2404.75,244.05064971,1237
1728633600,2404.75,2422.0,2402.0,2415.73,785.90001979,1083
1728648000,2415.74,2451.94,2414.44,2444.5,1169.62446908,2240
1728662400,2444.51,2469.98,2433.84,2457.43,2220.58924844,2216
1728676800,2457.69,2461.39,2435.0,2436.86,1334.25564709,1421
1728691200,2436.87,2450.0,2433.52,2437.19,582.40132188,2974
1728705600,2437.2,2448.66,2437.19,2445.51,880.60230288,931
1728720000,2445.19,2464.28,2441.81,2451.52,501.53286721,750
1728734400,2451.53,2483.1,2449.96,2472.17,1774.48947402,1408
1728748800,2472.18,2484.05,2466.12,2470.32,596.10241014,1282
1728763200,2470.31,2488.34,2468.45,2477.11,1034.1223508,1043
1728777600,2477.11,2482.23,2454.18,2456.39,2061.95836338,1262
1728792000,2456.57,2467.22,2456.56,2462.65,483.85836476,862
1728806400,2462.66,2469.46,2457.22,2457.9,549.08708476,808
1728820800,2457.91,2468.33,2436.06,2438.78,1058.36155073,1284
1728835200,2438.79,2460.0,2437.17,2455.07,1374.39526707,1545
1728849600,2455.07,2481.14,2452.22,2466.4,1397.80909307,1269
1728864000,2466.4,2522.46,2442.47,2517.45,2771.92781994,2522
1728878400,2517.45,2545.0,2510.65,2532.9,1608.98956025,3021
1728892800,2532.91,2544.36,2518.36,2535.29,1038.89075819,2657
1728907200,2535.3,2639.08,2533.56,2633.46,4850.8789859698,12032
1728921600,2632.64,2636.0,2613.05,2617.97,2015.23439664,5628
1728936000,2617.67,2650.0,2614.53,2628.13,1373.75440487,3305
1728950400,2628.14,2634.11,2606.35,2610.35,2056.61663452,1901
1728964800,2610.35,2619.99,2588.6,2614.64,848.12237739,1436
1728979200,2614.65,2619.19,2578.87,2583.37,588.01013731,1443
1728993600,2583.38,2684.97,2538.0,2572.73,7515.38165375,5036
1729008000,2572.64,2616.02,2571.34,2590.99,3188.87430194,2628
1729022400,2590.99,2605.99,2564.4,2605.99,807.20668994,1497
1729036800,2605.99,2629.0,2589.36,2616.61,1975.21606329,1684
1729051200,2616.52,2621.95,2599.35,2606.98,563.93461992,1184
1729065600,2606.99,2639.96,2604.84,2629.54,1804.07470255,2027
1729080000,2629.44,2644.31,2596.72,2606.87,1319.47636245,2649
1729094400,2606.86,2627.74,2591.38,2615.01,2604.02914636,1944
1729108800,2615.01,2626.34,2609.34,2610.42,824.61787378,1341
1729123200,2610.43,2642.7,2610.42,2640.01,1216.78209183,1382
1729137600,2640.01,2646.75,2620.0,2624.98,839.36505003,1016
1729152000,2624.99,2629.17,2596.55,2597.35,576.36625294,1877
1729166400,2597.25,2629.99,2582.42,2629.99,1312.22101215,3674
1729180800,2629.98,2629.98,2576.01,2595.28,1182.8988967,3466
1729195200,2595.28,2612.45,2595.27,2603.04,865.36045639,1569
1729209600,2603.05,2647.95,2595.53,2609.57,2704.18915726,2702
1729224000,2608.87,2644.59,2608.29,2642.56,847.05503191,1945
1729238400,2642.57,2647.31,2619.97,2620.05,806.22144364,1450
1729252800,2620.05,2660.91,2612.22,2652.62,2000.679609,3445
1729267200,2652.87,2673.41,2630.01,2652.08,2176.26278903,3637
1729281600,2652.22,2652.22,2634.72,2641.79,637.28735466,1684
1729296000,2641.79,2660.99,2635.7,2647.33,374.49706105,1354
1729310400,2647.33,2648.89,2639.63,2639.64,180.17983036,1016
1729324800,2639.64,2646.92,2631.03,2631.03,245.97605585,930
1729339200,2631.21,2652.28,2630.99,2643.61,297.4755487,1264
1729353600,2643.61,2644.4,2637.11,2640.72,266.75996134,1176
1729368000,2640.71,2653.0,2640.71,2648.53,350.57146061,1048
1729382400,2648.53,2652.7,2635.22,2640.4,1777.73599421,1305
1729396800,2640.06,2650.25,2638.34,2644.93,233.40269998,932
1729411200,2644.93,2648.77,2643.32,2647.64,191.66541428,867
1729425600,2647.64,2718.0,2642.2,2705.44,2508.57852825,3943
1729440000,2705.16,2706.99,2687.98,2699.01,1199.95110521,1930
1729454400,2699.03,2756.35,2697.65,2745.32,3099.8475449499,4738
1729468800,2745.33,2765.98,2727.27,2731.38,2377.23235235,3277
1729483200,2731.38,2742.9,2721.96,2721.96,1394.35070143,2166
1729497600,2721.96,2726.83,2700.79,2703.43,399.67857347,2061
1729512000,2703.38,2708.41,2657.78,2676.53,1700.8959853899,4800
1729526400,2676.53,2682.0,2656.61,2680.89,2693.62116912,2733
1729540800,2680.76,2681.69,2664.77,2665.78,1721.71949676,1759
1729555200,2665.78,2670.0,2616.05,2641.88,1773.1451075999,3624
1729569600,2641.89,2657.7,2635.98,2645.01,899.87917463,1878
1729584000,2645.01,2645.05,2613.79,2631.88,1432.64663367,2788
1729598400,2631.89,2642.68,2607.25,2622.96,3189.3091730799,4282
1729612800,2622.95,2630.0,2605.57,2627.82,1059.87395707,3250
1729627200,2627.81,2640.46,2617.34,2618.99,2409.57539701,1973
1729641600,2618.99,2624.11,2601.0,2613.52,1916.67804106,2714
1729656000,2613.52,2620.27,2601.0,2601.0,281.7271206,1393
1729670400,2601.01,2605.53,2562.3,2577.82,1065.53862161,2890
1729684800,2577.83,2583.66,2527.88,2536.91,2169.8104294099,4242
1729699200,2536.91,2539.16,2445.86,2509.18,3964.0879890499,6827
1729713600,2509.18,2524.36,2500.66,2523.56,1006.38142112,2415
1729728000,2523.57,2555.39,2507.35,2542.77,823.78118053,2880
1729742400,2542.77,2558.0,2538.45,2541.34,497.61587521,1982
1729756800,2540.99,2545.99,2507.07,2526.61,877.30701268,2099
1729771200,2526.39,2542.58,2512.17,2523.44,945.53081623,2993
1729785600,2523.34,2538.02,2506.13,2536.15,2271.63453244,2785
1729800000,2536.28,2557.45,2526.81,2534.07,1968.32910852,2074
1729814400,2534.23,2535.12,2510.0,2519.78,496.95334342,1973
1729828800,2519.47,2519.47,2462.0,2480.31,1377.69507587,2880
1729843200,2480.57,2543.99,2478.09,2543.15,4486.7279849403,3019
1729857600,2543.15,2562.34,2509.16,2525.16,2098.3587693799,4124
1729872000,2525.15,2533.18,2453.04,2472.53,2697.2892399499,5751
1729886400,2471.95,2490.92,2379.82,2436.72,3468.1271211799,5992
1729900800,2436.73,2451.39,2427.61,2448.33,1220.97259434,3598
1729915200,2448.33,2473.88,2447.91,2462.25,499.83244554,1561
1729929600,2462.3,2473.49,2461.26,2469.47,4812.56657242,1876
1729944000,2469.47,2472.67,2440.0,2453.11,1564.79354502,2094
1729958400,2453.11,2483.68,2453.1,2482.85,556.62848265,1797
1729972800,2483.24,2502.82,2478.86,2478.86,333.47973787,1396
1729987200,2478.87,2479.96,2466.88,2479.17,3322.63366723,1642
1730001600,2479.17,2482.3,2474.92,2476.88,166.73418263,831
1730016000,2476.88,2478.62,2462.49,2466.71,1137.07136123,902
1730030400,2466.71,2500.3,2466.7,2497.0,1278.92165843,1911
1730044800,2497.0,2505.36,2482.98,2489.4,325.35272098,1631
1730059200,2489.41,2522.03,2487.77,2505.42,1913.59871139,2156
1730073600,2505.42,2508.34,2470.37,2473.55,683.05320448,1703
1730088000,2473.55,2521.94,2471.17,2509.02,1359.99660328,2316
1730102400,2508.88,2539.12,2502.1,2523.65,1770.36490391,2209
1730116800,2523.65,2532.01,2496.96,2496.99,3162.8876540799,4289
1730131200,2496.99,2522.92,2487.22,2504.89,9006.7536875303,4363
1730145600,2504.9,2590.0,2504.89,2564.97,8807.8517757404,4435
1730160000,2564.97,2630.0,2560.0,2603.98,14870.5389081107,5583
1730174400,2603.99,2621.48,2603.99,2610.51,2898.77861022,1961
1730188800,2610.77,2635.05,2610.76,2628.97,1635.57321431,2058
1730203200,2628.98,2648.94,2610.89,2648.49,2079.4897260099,4108
1730217600,2648.48,2680.0,2621.75,2625.57,5962.1047686604,7731
1730232000,2625.45,2644.99,2605.56,2636.08,3618.86697586,5352
1730246400,2636.09,2646.03,2594.97,2637.28,1642.3140567999,5820
1730260800,2637.27,2680.0,2635.62,2667.21,1074.46967503,3865
1730275200,2667.22,2692.57,2654.52,2656.59,2769.26678179,4820
1730289600,2656.6,2719.3,2651.18,2683.83,4728.3302567901,7690
1730304000,2683.96,2693.79,2655.0,2655.0,1714.71798671,3265
1730318400,2654.32,2682.48,2635.98,2656.19,2094.8506614599,3618
1730332800,2656.2,2666.3,2639.34,2655.29,794.42572215,2592
1730347200,2655.29,2655.29,2630.69,2645.88,1680.87335321,2133
1730361600,2645.87,2645.87,2625.4,2637.96,506.64889769,2026
1730376000,2638.02,2638.45,2543.36,2560.6,2607.5307836099,5993
1730390400,2560.61,2560.61,2505.4,2512.06,2287.2563885499,5008
1730404800,2510.54,2524.62,2500.97,2515.07,1623.1761101499,3586
1730419200,2515.09,2527.08,2465.47,2500.54,4419.10430273,4347
1730433600,2500.54,2511.64,2484.02,2502.59,1587.20297796,2432
1730448000,2502.59,2521.32,2494.17,2514.33,788.59408825,1880
1730462400,2514.33,2582.98,2482.41,2498.16,4607.3829412903,6440
1730476800,2498.39,2534.57,2496.13,2512.17,2628.2726428799,4812
1730491200,2512.3,2525.19,2486.54,2512.19,1887.21162817,2346
1730505600,2512.19,2520.07,2502.78,2503.52,1031.7115054,1393
1730520000,2503.64,2510.99,2500.4,2506.52,650.89861079,1041
1730534400,2506.51,2507.28,2492.81,2499.75,271.35471933,1171
1730548800,2499.76,2501.14,2470.69,2487.58,2178.26701212,3003
1730563200,2487.57,2494.66,2479.77,2491.42,1214.34797497,1939
1730577600,2491.43,2495.53,2485.44,2491.03,1735.28975586,1294
1730592000,2491.78,2494.38,2422.01,2449.55,3074.2929750299,4108
1730606400,2449.55,2460.99,2440.75,2449.92,3311.0938366,2266
1730620800,2449.91,2460.76,2443.64,2452.59,398.36366714,1627
1730635200,2452.6,2458.86,2413.74,2441.97,3126.3553700899,4600
1730649600,2441.96,2457.0,2411.88,2450.07,2107.15683509,2902
1730664000,2450.08,2473.39,2445.99,2455.53,1546.85497454,2558
1730678400,2455.54,2487.67,2435.84,2471.54,1854.50737947,3096
1730692800,2471.55,2478.47,2455.91,2456.64,1323.28040717,1933
1730707200,2456.65,2474.54,2447.58,2467.77,592.02664807,1875
1730721600,2467.78,2483.15,2430.6,2441.47,1159.57854396,2483
1730736000,2441.48,2444.89,2405.0,2428.71,1848.36428744,2747
1730750400,2428.27,2428.64,2357.77,2395.92,4213.48755188,3228
1730764800,2395.92,2419.07,2379.9,2419.07,1432.87055113,1921
1730779200,2418.81,2442.44,2416.99,2441.89,462.89713989,1064
1730793600,2441.76,2444.6,2429.39,2439.43,812.97695892,913
1730808000,2439.43,2478.28,2428.45,2439.01,3891.00288263,2114
1730822400,2439.01,2472.06,2402.68,2408.82,3398.6750547,2030
1730836800,2408.75,2438.0,2402.67,2422.26,2253.46682815,1485
1730851200,2422.26,2633.21,2421.56,2579.59,8467.30353916,5509
1730865600,2579.46,2641.7,2563.3,2595.67,6121.88132151,3940
1730880000,2595.3,2637.32,2573.84,2630.64,4222.00307255,2638
1730894400,2630.17,2666.0,2611.35,2636.4,3364.93165058,3182
1730908800,2636.4,2689.12,2635.97,2689.12,3908.8377662,2994
1730923200,2689.25,2746.07,2673.27,2723.26,7236.4227127,4169
1730937600,2723.26,2879.0,2701.38,2853.85,9349.17241563,6002
1730952000,2853.86,2856.16,2783.78,2821.61,3063.02383666,2616
1730966400,2821.61,2830.23,2792.96,2794.02,1197.40331729,1472
1730980800,2793.73,2850.0,2778.75,2850.0,2150.74693039,2237
1730995200,2849.69,2893.14,2827.8,2887.91,4330.50543065,3311
1731009600,2888.17,2919.01,2865.67,2896.87,5321.28337562,4153
1731024000,2896.95,2955.0,2889.29,2903.18,5853.96135028,3104
1731038400,2903.19,2926.16,2895.23,2915.8,2047.54238328,1767
1731052800,2915.79,2931.23,2899.03,2918.25,2300.66954951,1739
1731067200,2917.16,2958.2,2905.36,2939.84,2860.88382125,3061
1731081600,2938.96,2984.21,2895.0,2953.3,5055.68344768,3936
1731096000,2953.86,2976.06,2917.76,2962.95,6848.33453473,3750
1731110400,2963.1,2994.1,2957.24,2966.93,3476.42097338,2461
1731124800,2966.94,3059.9,2960.0,3033.36,4691.20690185,3669
1731139200,3033.36,3056.33,3023.33,3053.59,2374.31462174,1703
1731153600,3053.59,3053.59,3030.28,3042.48,1862.79743153,1896
1731168000,3042.48,3095.0,2990.89,3072.12,4985.03166751,3093
1731182400,3072.12,3157.2,3067.72,3129.5,6657.46266887,3773
1731196800,3128.19,3151.3,3106.0,3138.01,6568.68436932,2849
1731211200,3138.01,3219.15,3132.58,3187.92,5479.70345828,4124
1731225600,3187.92,3231.44,3170.98,3221.75,3825.66702831,2698
1731240000,3221.81,3236.73,3172.62,3212.45,3966.70906532,3177
1731254400,3212.45,3249.64,3153.54,3165.72,7514.46839814,4786
1731268800,3165.83,3224.84,3070.82,3186.05,9332.16223619,5337
1731283200,3186.18,3221.54,3176.22,3198.59,4286.96261106,3119
1731297600,3198.59,3198.59,3108.67,3143.06,6057.98258262,3485
1731312000,3142.85,3214.71,3136.35,3203.5,3512.00542804,2872
1731326400,3202.21,3260.0,3145.29,3240.96,6272.77289827,4978
1731340800,3241.45,3348.55,3238.68,3305.81,11078.22454716,6686
1731355200,3305.81,3390.87,3286.08,3375.78,13409.27025713,7440
1731369600,3375.76,3376.45,3255.0,3340.72,5067.84003755,5394
1731384000,3340.73,3396.0,3320.55,3371.36,6863.51103332,3785
1731398400,3371.36,3443.97,3208.13,3287.28,11462.18196164,7388
1731412800,3287.28,3299.12,3211.87,3263.0,4280.55143955,4037
1731427200,3263.17,3309.65,3215.0,3278.1,5812.49983585,4369
1731441600,3278.12,3312.51,3242.8,3248.11,5098.40492052,5172
1731456000,3247.87,3288.97,3208.21,3212.91,1928.62979961,2711
1731470400,3212.53,3232.0,3122.24,3164.49,3170.98622594,3517
1731484800,3165.28,3194.8,3145.96,3171.98,1324.42540105,2147
1731499200,3171.98,3333.0,3158.45,3315.76,6743.5489895,6278
1731513600,3318.37,3340.17,3158.02,3164.0,7108.29054469,6209
1731528000,3163.99,3200.0,3124.51,3190.95,5986.7577717,4143
1731542400,3191.47,3229.99,3168.2,3219.28,3159.64287172,2397
1731556800,3219.54,3241.47,3176.8,3219.21,7818.40220784,2886
1731571200,3219.59,3231.14,3159.18,3189.62,2657.63116752,2265
1731585600,3189.63,3199.35,3060.45,3074.62,5337.0270454,4269
1731600000,3077.51,3178.36,3071.05,3145.88,2623.84175127,2909
1731614400,3145.0,3145.0,3031.47,3059.32,2707.99370547,3469
1731628800,3059.55,3092.28,3037.4,3083.96,1160.51882158,2069
1731643200,3083.87,3083.87,3017.31,3042.65,1431.97206666,1883
1731657600,3041.1,3114.17,3024.66,3105.2,1327.3339004,1843
1731672000,3105.01,3130.32,3016.33,3023.93,3873.91150696,3299
1731686400,3023.92,3059.0,3015.98,3041.48,4482.02679021,3208
1731700800,3040.47,3120.0,3039.4,3090.47,3541.55281992,3995
1731715200,3090.48,3155.49,3075.0,3155.49,2607.73663919,2372
1731729600,3155.49,3163.54,3105.43,3107.81,2119.66726632,2074
1731744000,3108.07,3196.0,3106.79,3196.0,1503.82541823,2487
1731758400,3196.0,3218.81,3122.64,3141.82,1720.60998081,3381
1731772800,3141.59,3183.27,3130.48,3171.24,2506.0365992,2646
1731787200,3171.23,3175.13,3126.16,3133.41,1141.76928981,1915
1731801600,3133.66,3154.55,3038.53,3080.15,1699.49017809,2804
1731816000,3080.31,3147.53,3078.33,3135.47,3653.0625209,2022
1731830400,3137.06,3160.6,3102.37,3105.71,1083.72143082,1539
1731844800,3105.41,3125.84,3070.31,3086.85,962.41327735,2110
1731859200,3086.85,3114.14,3072.56,3097.51,1303.06402936,1798
1731873600,3097.52,3105.33,3044.07,3075.21,1231.85449526,1844
1731888000,3075.21,3122.47,3072.17,3112.41,3443.87351305,1893
1731902400,3112.12,3149.12,3099.0,3131.27,1591.18671294,1922
1731916800,3131.26,3137.82,3051.95,3056.3,2714.03286179,2324
1731931200,3056.3,3157.0,3053.45,3144.13,4487.90927477,2984
1731945600,3144.13,3198.2,3092.57,3130.24,4611.55963251,4201
1731960000,3130.91,3224.82,3125.9,3210.32,2734.91040026,3036
1731974400,3209.5,3223.32,3145.99,3150.47,1256.86896748,1972
1731988800,3150.51,3159.78,3112.2,3120.07,1555.50049752,1742
1732003200,3120.08,3131.04,3095.35,3129.99,1600.4213737,1342
1732017600,3128.63,3150.26,3078.24,3107.53,3985.41478178,2854
1732032000,3107.11,3147.91,3104.64,3124.82,3884.78262695,3055
1732046400,3124.89,3133.84,3069.47,3110.92,1973.11825909,2807
1732060800,3111.78,3126.0,3077.0,3100.78,1188.41417391,1686
1732075200,3100.78,3117.19,3092.11,3112.7,680.49067776,1172
1732089600,3112.7,3136.0,3090.0,3103.03,1939.22436394,1808
1732104000,3103.22,3159.9,3085.72,3133.32,2224.18535328,2666
1732118400,3133.35,3135.83,3033.9,3060.37,4984.79975404,3751
1732132800,3060.8,3094.05,3048.87,3072.09,1044.91017602,2152
1732147200,3072.07,3101.88,3036.0,3084.93,1956.80129431,2331
1732161600,3085.17,3144.79,3084.01,3138.78,3521.26655819,2864
1732176000,3137.74,3153.0,3121.49,3148.96,2651.13908506,2125
1732190400,3148.66,3373.2,3148.09,3278.14,13546.84699135,9908
1732204800,3278.15,3387.65,3278.14,3348.03,12302.82454345,6324
1732219200,3348.37,3380.0,3339.49,3360.9,4137.74751852,3300
1732233600,3360.9,3381.1,3295.47,3371.14,7070.28214562,3974
1732248000,3369.52,3427.98,3360.03,3367.63,3772.54904382,3897
1732262400,3366.6,3383.78,3315.96,3347.66,3460.83288571,2688
1732276800,3347.61,3359.0,3261.11,3317.66,4584.39358987,4656
1732291200,3317.65,3325.27,3267.03,3284.56,3820.48063503,3323
1732305600,3284.56,3333.41,3277.74,3331.54,3526.14177934,3431
1732320000,3332.12,3368.52,3318.18,3348.18,4328.49911108,3583
1732334400,3348.68,3364.82,3330.65,3345.01,3041.75410669,2251
1732348800,3345.48,3404.22,3340.69,3358.82,5518.39900567,3052
1732363200,3358.52,3499.0,3353.79,3467.87,10523.9329561801,6014
1732377600,3467.86,3476.22,3387.96,3412.67,8773.4657172,5327
1732392000,3412.66,3430.99,3382.59,3397.28,3860.97594182,2685
1732406400,3397.44,3451.0,3394.22,3429.9,2555.7368672,2551
1732420800,3429.9,3435.36,3403.56,3426.38,1577.52684352,2078
1732435200,3426.33,3431.33,3343.97,3348.87,2553.76845462,2785
1732449600,3348.51,3358.89,3288.0,3296.22,6360.57542063,3887
1732464000,3296.21,3334.57,3290.36,3329.59,1908.95357711,2329
1732478400,3329.58,3373.1,3323.31,3364.84,1076.39174197,2338
1732492800,3364.53,3372.13,3305.12,3366.05,1470.0507637,2100
1732507200,3366.06,3421.29,3365.7,3402.22,3804.97853993,2723
1732521600,3402.78,3527.8,3402.1,3475.01,8226.03582493,5181
1732536000,3474.92,3538.28,3350.0,3520.48,11327.3335538299,6978
1732550400,3519.21,3545.69,3427.24,3466.16,8861.99968066,5308
1732564800,3463.72,3508.41,3365.0,3413.65,9346.07474235,5681
1732579200,3413.65,3459.47,3394.99,3434.95,2721.04803124,2602
1732593600,3435.17,3441.19,3384.52,3397.71,2534.44264168,2222
1732608000,3394.06,3395.41,3280.37,3322.28,6169.2507684,4652
1732622400,3323.04,3360.0,3289.25,3298.41,3827.10131386,3634
1732636800,3298.4,3337.27,3254.78,3298.31,3090.00282954,3935
1732651200,3298.73,3342.88,3288.76,3323.32,2543.0743242,3095
1732665600,3323.34,3371.65,3302.49,3360.56,2276.5973548,2981
1732680000,3360.09,3443.85,3360.08,3422.47,3894.96012957,3182
1732694400,3422.48,3482.22,3404.87,3459.27,8873.94354205,3205
1732708800,3459.34,3573.09,3442.77,3556.98,6194.274467,5348
1732723200,3556.98,3614.0,3538.35,3595.39,11464.56567084,5436
1732737600,3595.4,3688.0,3595.39,3657.55,8158.9816964101,5801
1732752000,3657.17,3665.12,3570.0,3601.06,6289.6429399,3681
1732766400,3601.07,3620.0,3570.4,3592.06,1517.01439994,2055
1732780800,3592.05,3637.1,3582.9,3621.58,1664.11644123,2681
1732795200,3621.52,3642.36,3538.8,3542.34,10183.22621488,3685
1732809600,3542.37,3583.45,3531.36,3574.92,1690.37500322,2395
1732824000,3574.92,3597.51,3552.68,3578.35,1646.61977065,2318
1732838400,3579.53,3600.0,3551.23,3585.46,3608.7957175,1937
1732852800,3585.46,3596.05,3535.69,3544.79,1224.11072004,1621
1732867200,3544.79,3600.96,3544.79,3595.79,1836.27037184,1742
1732881600,3595.79,3647.0,3576.44,3619.03,3822.10508395,3421
1732896000,3619.03,3623.45,3562.99,3585.79,1830.07125282,2539
1732910400,3586.44,3605.0,3579.0,3593.87,1696.84968255,1883
1732924800,3593.83,3659.38,3572.0,3658.74,5558.60165161,2852
1732939200,3658.74,3727.48,3639.32,3702.52,3534.02856484,3914
1732953600,3702.51,3719.24,3632.51,3655.25,1600.02549047,2220
1732968000,3655.18,3686.17,3654.99,3679.75,1390.53742517,1940
1732982400,3677.82,3697.32,3660.0,3691.12,4478.11311666,2512
1732996800,3690.76,3737.46,3688.79,3706.1,5331.43082169,4164
1733011200,3706.12,3731.7,3662.94,3707.84,8758.33997257,3061
1733025600,3708.15,3718.51,3683.79,3704.35,932.6230104,1638
1733040000,3703.71,3716.66,3680.0,3694.81,2180.19721525,1494
1733054400,3694.24,3748.14,3683.81,3730.26,3071.10019329,2348
1733068800,3730.29,3744.65,3698.23,3709.55,1674.23855639,2327
1733083200,3710.0,3734.63,3682.13,3712.6,10834.0542002,5110
1733097600,3712.61,3762.46,3680.06,3690.54,7672.5474441501,4114
1733112000,3688.42,3710.39,3653.99,3669.09,3218.79058998,3004
1733126400,3668.79,3673.09,3570.02,3590.02,4164.04550377,4565
1733140800,3590.02,3681.48,3583.9,3677.36,2624.58421226,3469
1733155200,3674.0,3684.23,3557.13,3613.54,7262.55765807,4462
1733169600,3612.23,3644.89,3601.0,3644.76,2851.56251868,2789
1733184000,3644.76,3655.97,3610.93,3640.14,1738.22930149,2379
1733198400,3640.14,3670.0,3603.17,3617.84,1647.36683561,2783
1733212800,3617.83,3634.85,3589.45,3613.87,1740.00711818,2135
1733227200,3613.87,3617.36,3505.1,3573.4,5201.42752728,5871
1733241600,3573.35,3593.0,3542.09,3579.5,4115.42050333,2829
1733256000,3579.52,3636.09,3576.53,3617.8,5005.37425938,3753
1733270400,3617.22,3708.0,3617.22,3663.86,3199.15904181,4128
1733284800,3664.0,3721.05,3663.6,3717.5,1944.03238445,2271
1733299200,3717.5,3750.0,3700.22,3730.94,3284.39884764,3292
1733313600,3730.63,3854.64,3691.99,3826.27,7309.33225804,7017
1733328000,3825.27,3848.0,3738.17,3848.0,11187.4200955701,7095
1733342400,3848.0,3895.0,3830.0,3844.31,9410.0569805901,7209
1733356800,3844.1,3908.29,3772.99,3836.14,8311.01237883,8713
1733371200,3836.14,3883.1,3826.12,3855.0,5207.70454752,4008
1733385600,3854.62,3944.0,3853.39,3937.0,10236.02621586,5645
1733400000,3935.61,3956.0,3866.39,3894.0,7099.66405152,5342
1733414400,3894.0,3927.0,3823.17,3833.13,5115.6061768,4728
1733428800,3833.01,3865.27,3680.0,3791.3,9562.24861689,7454
1733443200,3790.01,3916.01,3782.72,3912.61,4975.03603426,4070
1733457600,3908.96,3929.28,3877.94,3895.86,2730.48869789,2532
1733472000,3895.87,3912.18,3849.5,3870.01,1625.9043079,2065
1733486400,3869.92,4043.97,3836.31,3997.41,13684.8619538001,8185
1733500800,3997.16,4078.49,3988.0,4075.0,6750.15825982,6256
1733515200,4075.0,4093.0,4000.0,4005.25,7636.1417001501,5509
1733529600,4005.21,4029.99,3978.16,3994.86,1511.57447162,2717
1733544000,3993.88,4007.4,3973.54,3992.0,3112.65068657,2156
1733558400,3991.99,4010.0,3980.0,4003.02,1195.9427131,1787
1733572800,4003.04,4013.1,3981.0,4009.84,4121.48540408,3634
1733587200,4009.83,4023.17,3990.49,4015.63,1411.99014996,2759
1733601600,4015.63,4027.83,3999.0,4000.49,2735.76248069,3202
1733616000,4000.28,4010.0,3991.0,3991.46,2469.85118855,2194
1733630400,3991.46,3997.42,3955.58,3985.61,1890.81974139,2221
1733644800,3985.6,3985.6,3928.0,3974.29,2646.45811665,2260
1733659200,3974.45,4004.24,3962.34,3993.04,2530.72717866,2397
1733673600,3993.64,4001.8,3967.9,3992.46,1123.84898414,2077
1733688000,3992.34,4017.61,3977.46,4006.8,1879.50966043,2077
1733702400,4006.79,4007.96,3910.6,3931.32,3129.09748524,2727
1733716800,3931.32,3949.59,3881.93,3920.0,2693.14809571,2478
1733731200,3920.0,3920.0,3842.0,3850.05,2533.21010606,2830
1733745600,3849.7,3943.01,3800.0,3823.1,3725.84194171,4281
1733760000,3822.76,3863.32,3785.92,3792.0,3545.94990714,4062
1733774400,3792.88,3799.78,3488.0,3717.0,23729.7637952,17398
1733788800,3716.27,3780.0,3615.05,3683.63,7993.7613311,4371
1733803200,3684.38,3742.95,3640.17,3735.15,2416.16345521,2301
1733817600,3735.14,3772.77,3717.0,3753.4,1299.83864428,2074
1733832000,3751.74,3754.29,3560.0,3567.99,5112.12537447,5275
1733846400,3567.99,3632.73,3519.1,3629.5,8990.77398206,7172
1733860800,3629.15,3671.79,3616.9,3630.45,2896.84614967,3134
1733875200,3630.25,3669.65,3567.0,3663.15,2934.95572514,3034
1733889600,3664.79,3681.51,3650.0,3655.01,1297.68291707,1562
1733904000,3655.01,3729.77,3655.0,3716.37,2373.63742819,2146
1733918400,3716.38,3824.16,3712.44,3790.43,6623.21098305,4251
1733932800,3790.4,3816.01,3758.0,3807.59,4286.61970016,3517
1733947200,3807.59,3850.04,3807.59,3834.0,5924.44759297,3355
1733961600,3834.0,3948.63,3802.28,3939.14,4870.29409238,4013
1733976000,3937.13,3946.33,3897.01,3905.01,2186.37454249,2811
1733990400,3905.43,3937.02,3892.72,3912.22,2490.10759193,2455
1734004800,3912.23,3988.55,3912.23,3959.81,6043.19824447,4169
1734019200,3959.88,3986.98,3857.0,3871.42,5174.69556896,6442
1734033600,3871.24,3900.0,3836.98,3882.68,3052.73942638,2883
1734048000,3882.69,3940.0,3855.0,3931.76,2079.56565279,2436
1734062400,3931.77,3936.09,3875.0,3884.4,1591.07519166,2000
1734076800,3885.76,3922.07,3873.57,3905.21,1554.02594625,1624
1734091200,3904.71,3967.21,3880.01,3887.51,3311.31977143,3367
1734105600,3885.57,3944.0,3882.13,3919.56,2968.91056993,2859
1734120000,3919.56,3933.96,3894.36,3907.75,2286.24265301,2214
1734134400,3907.89,3943.52,3898.0,3912.68,1379.65586924,2062
1734148800,3912.68,3933.0,3907.17,3923.84,666.43330195,1232
1734163200,3922.7,3930.27,3886.84,3893.95,884.46377421,1334
1734177600,3893.95,3897.03,3850.0,3888.13,1389.36152208,2339
1734192000,3888.18,3895.48,3828.11,3859.61,1506.1751049,2412
1734206400,3858.72,3873.43,3825.0,3869.81,2214.08118536,2044
1734220800,3869.32,3893.53,3855.72,3876.34,765.62699583,1546
1734235200,3876.35,3907.3,3832.13,3843.35,625.3308962,1556
1734249600,3843.94,3876.87,3837.21,3874.91,993.89899041,1283
1734264000,3874.92,3906.45,3867.96,3893.38,2403.23363455,1886
1734278400,3893.38,3917.64,3885.89,3906.0,1196.01474921,2057
1734292800,3905.01,3972.06,3847.29,3954.5,3815.95943521,3524
1734307200,3955.82,4019.48,3930.0,3940.77,8298.84316078,4804
1734321600,3940.78,3978.22,3935.59,3972.86,916.80909502,1655
1734336000,3972.86,3972.87,3901.93,3909.97,2074.76859588,2690
1734350400,3909.68,3958.73,3884.69,3943.44,2563.50104113,4002
1734364800,3943.44,4107.0,3940.0,4058.06,9012.55089309,8852
1734379200,4058.33,4070.0,3980.0,3987.53,3355.8872395099,5988
1734393600,3987.53,4041.23,3946.2,4035.11,3554.18142479,3427
1734408000,4035.37,4035.38,3986.01,3993.39,1832.94911868,1879
1734422400,3993.39,4029.91,3992.31,3998.27,2858.27901522,2038
1734436800,3998.27,4024.6,3917.97,3939.11,4263.87650611,4299
1734451200,3939.5,3983.32,3919.32,3945.5,2511.4075633,3755
1734465600,3945.5,3950.9,3850.0,3893.52,3429.93105217,4455
1734480000,3893.42,3903.21,3837.79,3850.87,2838.41928047,3143
1734494400,3850.87,3858.76,3806.0,3847.67,2772.74944052,2636
1734508800,3847.51,3885.6,3841.3,3881.71,2057.43829989,2020
1734523200,3881.71,3889.01,3826.01,3868.83,4116.13935947,3023
1734537600,3868.83,3903.0,3770.44,3770.44,3828.4082004,4730
1734552000,3770.29,3781.47,3615.38,3624.84,17695.63920484,11758
1734566400,3624.85,3670.55,3540.0,3668.98,5039.37886501,6112
1734580800,3668.01,3694.97,3651.52,3691.72,1536.34105694,2422
1734595200,3692.06,3718.46,3663.81,3704.56,1460.47327793,1929
1734609600,3703.96,3707.3,3570.27,3613.07,4811.85391289,4060
1734624000,3611.05,3633.61,3371.66,3436.98,13309.6984992599,12136
1734638400,3435.0,3460.0,3324.01,3414.63,8329.2990088001,6648
1734652800,3414.61,3457.87,3366.35,3410.23,8257.49275402,4624
1734667200,3410.65,3427.72,3325.69,3385.49,3093.90220233,3319
1734681600,3385.49,3385.49,3100.0,3100.0,12671.0513799801,10699
1734696000,3100.01,3394.0,3096.65,3372.11,11997.3571194095,13351
1734710400,3372.12,3496.75,3364.1,3478.15,5888.50924731,6653
1734724800,3478.16,3485.19,3392.12,3472.0,3251.47579657,3870
1734739200,3472.01,3485.97,3446.68,3463.15,3383.13236933,2080
1734753600,3463.16,3553.48,3459.16,3523.0,2269.46240564,2534
1734768000,3523.0,3523.9,3425.71,3441.61,2228.7048328,2463
1734782400,3441.61,3441.61,3346.07,3388.5,2550.34132714,3719
1734796800,3388.79,3398.13,3326.82,3358.29,2857.97181902,3267
1734811200,3358.16,3386.0,3293.51,3337.39,2194.53221048,2833
1734825600,3337.39,3371.62,3318.18,3351.81,1667.04039817,1938
1734840000,3351.81,3357.46,3294.01,3328.04,1619.20597866,1578
1734854400,3328.15,3398.08,3328.14,3380.01,1002.9947297,1647
1734868800,3380.01,3395.27,3273.68,3300.5,2127.03300216,2722
1734883200,3300.18,3335.14,3236.01,3242.49,1491.14947619,2523
1734897600,3242.5,3306.22,3220.0,3276.69,1856.7750416,3165
1734912000,3276.7,3351.6,3216.33,3346.95,1801.89130373,2978
1734926400,3346.95,3358.63,3259.13,3298.49,1292.65819612,2247
1734940800,3299.88,3350.76,3292.57,3335.41,1304.17981527,1979
1734955200,3335.39,3355.41,3267.1,3270.22,1581.84300542,2754
1734969600,3270.99,3377.75,3267.09,3331.99,4621.56656297,3556
1734984000,3332.0,3460.96,3325.61,3417.84,5490.39821176,4058
1734998400,3418.13,3419.55,3354.91,3392.48,1380.64248109,2024
1735012800,3392.34,3429.09,3381.48,3396.1,2158.881684,1850
1735027200,3396.11,3410.68,3381.46,3408.19,3281.88703308,1689
1735041600,3408.99,3504.67,3392.44,3490.25,3133.63197493,3415
1735056000,3490.26,3534.69,3464.2,3464.2,2418.53043123,3156
1735070400,3464.15,3501.49,3432.24,3490.91,2852.91765356,2790
1735084800,3490.91,3491.46,3457.82,3473.41,889.82361824,1683
1735099200,3475.22,3505.5,3467.1,3486.43,338.92894501,1336
1735113600,3486.63,3543.46,3466.32,3467.25,926.61057228,1935
1735128000,3467.39,3496.88,3458.15,3468.35,963.72134656,1630
1735142400,3469.36,3484.12,3440.0,3478.64,762.8148651,1441
1735156800,3478.64,3496.32,3447.34,3494.01,648.18645463,1465
1735171200,3494.01,3509.19,3447.85,3453.15,1407.4626973,2018
1735185600,3453.1,3453.1,3415.97,3420.29,1040.84345345,1982
1735200000,3417.94,3421.33,3344.99,3368.92,1740.88151989,2705
1735214400,3368.9,3369.41,3326.82,3341.86,1375.10321163,2269
1735228800,3341.18,3360.32,3311.62,3336.17,1289.87881652,2619
1735243200,3336.65,3345.63,3301.9,3331.04,1753.78984001,2320
1735257600,3330.89,3381.27,3313.41,3373.81,1793.35225342,2776
1735272000,3373.82,3393.71,3315.01,3323.33,1925.20090246,2768
1735286400,3323.33,3435.0,3321.26,3414.69,3613.53624156,3016
1735300800,3414.69,3417.01,3302.64,3319.99,1884.26149653,2974
1735315200,3321.53,3360.69,3302.0,3348.98,2666.372465,2998
1735329600,3348.98,3348.98,3305.54,3327.59,826.72057409,2392
1735344000,3327.94,3344.42,3316.91,3340.56,760.26666987,2035
1735358400,3340.56,3353.3,3327.23,3329.6,663.58071963,1198
1735372800,3329.38,3355.52,3327.78,3355.29,765.62472931,1156
1735387200,3355.3,3389.0,3347.25,3360.59,2090.6641429,1667
1735401600,3360.59,3404.14,3360.59,3393.25,675.31614934,1605
1735416000,3393.24,3418.35,3385.51,3398.39,779.54388082,1528
1735430400,3397.9,3398.48,3372.0,3376.33,361.99421987,1243
1735444800,3376.33,3401.08,3375.95,3400.9,506.00634718,1143
1735459200,3401.34,3406.86,3384.87,3395.1,3456.35481014,1062
1735473600,3395.1,3403.72,3350.67,3368.1,700.75397121,1621
1735488000,3367.67,3369.33,3341.54,3356.0,1050.54537866,2133
1735502400,3355.99,3359.31,3322.72,3349.5,1616.84915165,2345
1735516800,3349.5,3430.01,3342.07,3396.82,1270.90723107,2470
1735531200,3396.3,3422.39,3381.7,3420.21,1143.2159372,1784
1735545600,3420.18,3424.99,3390.98,3416.95,2108.94554037,1748
1735560000,3416.95,3424.78,3296.67,3317.47,2922.55026522,3236
1735574400,3317.35,3401.95,3310.38,3396.22,3292.6117755,3207
1735588800,3396.22,3413.35,3305.77,3355.59,3378.21210443,3177
1735603200,3355.59,3356.02,3312.09,3334.99,917.83080634,1388
1735617600,3334.81,3356.02,3326.26,3348.07,440.97041511,1057
1735632000,3348.87,3400.33,3348.37,3388.71,769.29304307,1298
1735646400,3388.98,3444.97,3388.0,3408.61,1923.38029439,2007
1735660800,3408.61,3410.86,3327.41,3349.91,1799.22342651,1943
1735675200,3349.42,3357.73,3324.2,3333.3,1733.9209611,1459
1735689600,3333.3,3358.82,3329.38,3347.1,1703.87773488,1111
1735704000,3347.11,3347.11,3330.12,3338.99,855.196534,864
1735718400,3339.0,3341.65,3310.0,3334.25,1099.99735396,1132
1735732800,3334.08,3351.0,3322.1,3345.02,700.97375664,1326
1735747200,3345.56,3356.66,3317.69,3349.28,1337.08063167,1819
1735761600,3349.28,3365.0,3345.18,3354.0,1711.67604674,1603
1735776000,3354.01,3398.7,3348.09,3385.13,1542.33040305,1644
1735790400,3385.13,3420.02,3382.54,3415.0,1151.13954853,1302
1735804800,3415.0,3470.0,3409.91,3467.64,4712.27509144,2341
1735819200,3467.18,3502.89,3437.81,3460.65,2368.32312945,2524
1735833600,3460.65,3485.0,3429.39,3459.01,2536.75858812,2692
1735848000,3459.01,3470.0,3417.1,3451.94,2286.70767531,2753
1735862400,3452.31,3470.0,3441.77,3466.67,1548.19561555,1495
1735876800,3466.67,3466.67,3430.5,3430.68,793.67683281,1164
1735891200,3430.48,3464.78,3422.19,3462.97,1560.94753204,1364
1735905600,3462.89,3570.55,3460.0,3563.49,4705.72155347,3458
1735920000,3563.08,3626.87,3563.08,3620.93,6879.75600974,4006
1735934400,3620.93,3622.95,3594.99,3607.57,2097.57786627,2284
1735948800,3607.28,3617.68,3581.99,3596.08,1090.47008304,1627
1735963200,3596.08,3606.53,3583.02,3592.67,316.54184204,971
1735977600,3592.6,3601.78,3574.25,3601.58,1484.31220475,1341
1735992000,3601.02,3659.99,3593.99,3607.93,2627.059955,2917
1736006400,3607.33,3642.18,3602.15,3630.98,1473.6649755,1859
1736020800,3630.98,3668.77,3630.98,3657.58,882.42440017,1812
1736035200,3657.59,3673.97,3629.06,3636.0,884.68201634,1407
1736049600,3636.0,3648.52,3629.17,3630.29,203.7238512,830
1736064000,3629.74,3629.74,3602.42,3611.95,731.76696833,1277
1736078400,3611.96,3637.56,3593.37,3630.01,1596.1763853,1489
1736092800,3630.01,3644.99,3613.56,3635.95,1334.93755418,1349
1736107200,3636.16,3653.28,3628.97,3635.44,1535.9399121,1669
1736121600,3635.45,3681.12,3611.12,3663.18,1123.64717093,1920
1736136000,3663.57,3694.0,3642.44,3649.15,1340.00140489,1682
1736150400,3649.38,3658.92,3634.49,3652.8,473.93141749,1024
1736164800,3652.85,3713.12,3621.22,3713.12,3028.62642523,3001
1736179200,3713.12,3742.25,3657.34,3688.45,2399.96784596,3088
1736193600,3688.39,3702.4,3667.99,3688.57,2408.3209692,2590
1736208000,3688.58,3698.95,3664.9,3684.75,970.09054381,1734
1736222400,3682.75,3686.13,3660.12,3668.89,491.73166496,1172
1736236800,3668.89,3678.17,3627.63,3639.84,3701.02782665,1672
1736251200,3639.84,3644.13,3413.64,3461.02,12741.8802137199,6209
1736265600,3461.02,3490.06,3374.12,3384.45,4998.7795686,4374
1736280000,3383.8,3411.67,3356.69,3380.7,2762.93321621,3586
1736294400,3380.67,3414.55,3345.0,3360.84,3974.35494052,3147
1736308800,3360.0,3372.28,3306.2,3354.75,3519.24251882,2962
1736323200,3353.43,3375.0,3325.0,3347.78,2660.37044987,1722
1736337600,3348.65,3383.52,3333.0,3345.79,2580.95402653,2643
1736352000,3345.79,3346.25,3210.73,3279.96,9067.66617871,6018
1736366400,3279.96,3332.11,3266.96,3326.34,2180.8552061,2117
1736380800,3326.4,3355.0,3302.07,3324.21,2691.12995302,1905
1736395200,3323.65,3340.45,3283.73,3288.32,1532.04537993,1375
1736409600,3288.31,3326.2,3268.06,3300.15,2337.40151457,1614
1736424000,3300.15,3333.0,3212.0,3317.99,4423.15409773,3505
1736438400,3319.48,3324.9,3190.0,3194.27,2701.15117318,2926
1736452800,3196.63,3237.11,3159.16,3219.04,9138.0663985,3866
1736467200,3218.8,3257.18,3214.42,3254.75,594.02396826,1577
1736481600,3254.35,3316.34,3242.62,3294.26,1434.90966679,1859
1736496000,3294.48,3320.0,3290.0,3309.71,747.43236911,1320
1736510400,3310.26,3314.61,3194.91,3244.77,7297.59288895,4266
1736524800,3244.77,3320.0,3233.07,3294.99,1745.06572089,2553
1736539200,3294.99,3294.99,3258.11,3266.05,745.77831324,1451
1736553600,3266.06,3268.54,3233.41,3236.05,1002.27285591,1198
1736568000,3236.06,3248.1,3226.29,3232.56,839.93571333,1017
1736582400,3232.57,3276.23,3220.26,3275.0,568.983078,1320
1736596800,3275.01,3278.64,3257.13,3268.23,350.88932563,1111
1736611200,3268.24,3278.54,3259.51,3275.99,780.90180938,1541
1736625600,3275.99,3317.8,3273.9,3282.32,1880.46729915,2201
1736640000,3281.68,3288.0,3273.09,3283.48,458.57528264,1230
1736654400,3283.48,3285.99,3261.89,3264.34,668.13998055,908
1736668800,3264.36,3266.54,3225.29,3252.33,657.81200925,1217
1736683200,3252.01,3290.0,3247.82,3284.23,848.80632163,1394
1736697600,3284.02,3295.83,3267.47,3275.98,585.96500379,1519
1736712000,3275.99,3286.04,3232.53,3264.98,636.26396384,1649
1736726400,3265.24,3335.86,3236.78,3240.17,1429.75114678,2493
1736740800,3240.17,3258.21,3181.77,3197.84,2446.30255482,2273
1736755200,3197.88,3200.54,3051.4,3053.12,4761.03670474,4627
1736769600,3053.21,3087.16,2920.0,3048.64,10377.2399616401,8569
1736784000,3048.6,3057.0,2986.57,3025.08,4361.72621428,4015
1736798400,3025.08,3141.0,3010.37,3136.15,4053.74464154,3508
1736812800,3136.15,3172.13,3126.06,3158.67,867.5795066,2050
1736827200,3158.67,3186.01,3156.47,3170.3,767.55567932,1521
1736841600,3170.25,3255.25,3169.88,3216.49,1970.34996029,3024
1736856000,3215.83,3230.0,3177.6,3200.0,2000.41400628,3356
1736870400,3198.55,3232.8,3173.24,3211.84,1821.29400497,3209
1736884800,3211.84,3238.5,3193.89,3222.73,2356.63805454,2464
1736899200,3222.73,3242.74,3205.54,3236.99,1305.72839962,2740
1736913600,3236.99,3248.64,3216.0,3230.98,512.28547052,1775
1736928000,3230.99,3244.09,3186.61,3197.2,1868.89310336,2165
1736942400,3197.2,3351.6,3186.61,3334.57,5423.39094984,4782
1736956800,3334.58,3440.51,3325.59,3435.08,2442.75478799,4404
1736971200,3435.24,3473.02,3418.26,3451.43,2779.11551038,3581
1736985600,3451.43,3456.84,3345.54,3362.04,2434.94306665,2815
1737000000,3362.05,3387.99,3361.48,3382.57,1296.58550136,1812
1737014400,3382.57,3382.57,3300.01,3352.06,3967.14016752,2909
1737028800,3351.99,3363.21,3265.46,3330.75,6396.01988327,4862
1737043200,3331.18,3363.26,3312.0,3345.04,1717.1623578,3601
1737057600,3343.85,3350.06,3269.65,3307.25,2092.04437135,2998
1737072000,3307.26,3393.51,3306.82,3357.8,2344.93488386,2955
1737086400,3357.8,3385.0,3349.76,3371.37,1835.17874986,1820
1737100800,3371.38,3436.79,3371.37,3422.32,7355.10074276,3506
1737115200,3422.33,3450.0,3395.7,3421.29,3128.99807931,3542
1737129600,3421.3,3447.82,3409.25,3433.82,1817.81982441,3230
1737144000,3433.97,3526.0,3429.68,3473.69,5734.2998925,4895
1737158400,3473.69,3494.68,3367.37,3385.6,2909.47695306,3104
1737172800,3385.35,3393.02,3280.27,3289.28,6560.66976978,4120
1737187200,3286.05,3321.88,3227.9,3312.12,3834.10972408,3819
1737201600,3312.12,3342.99,3273.19,3305.5,4735.4252656,3717
1737216000,3304.12,3312.73,3248.88,3284.99,5341.9765945,3911
1737230400,3284.98,3315.0,3256.83,3306.14,2935.18434286,3415
1737244800,3306.14,3373.28,3295.0,3330.67,2449.44749997,3090
1737259200,3330.68,3332.15,3256.29,3269.95,2893.16983331,3590
1737273600,3269.86,3269.86,3125.4,3143.94,6299.13850414,7687
1737288000,3144.3,3419.54,3141.09,3379.47,12026.7167188,9003
1737302400,3379.2,3445.01,3375.01,3411.06,13205.08288878,5768
1737316800,3411.99,3427.64,3156.23,3210.68,15518.6209913308,13712
1737331200,3209.3,3274.21,3141.8,3268.48,11314.61480885,6923
1737345600,3268.47,3444.0,3248.0,3376.75,10680.0706965801,7018
1737360000,3377.17,3406.13,3331.14,3372.21,4592.82634667,4148
1737374400,3372.22,3374.73,3256.29,3334.62,4894.79919976,5823
1737388800,3333.35,3383.08,3203.7,3338.64,11418.80238781,9440
1737403200,3340.53,3340.53,3254.91,3278.11,2743.80409419,3553
1737417600,3279.03,3283.58,3202.14,3256.06,3548.40656002,4018
1737432000,3256.82,3259.29,3210.2,3250.37,2343.04447277,2681
1737446400,3250.37,3310.0,3231.15,3301.55,2033.10085882,2775
1737460800,3301.55,3330.29,3262.31,3292.42,5944.33400499,3802
1737475200,3292.43,3364.82,3287.54,3331.69,5409.5341901,4132
1737489600,3331.74,3345.0,3301.65,3327.15,3607.65178637,3536
1737504000,3327.23,3363.77,3323.36,3330.33,2329.58873959,2465
1737518400,3330.33,3338.31,3289.1,3289.1,1421.12231991,1798
1737532800,3288.46,3327.79,3275.11,3326.23,1475.61555054,1953
1737547200,3324.86,3329.29,3270.0,3278.21,3055.72459242,2777
1737561600,3278.22,3290.82,3240.24,3259.76,2026.22827506,3038
1737576000,3259.76,3275.34,3222.41,3239.35,5469.11258861,3303
1737590400,3239.35,3256.98,3201.2,3224.79,4859.56057074,4117
1737604800,3224.79,3230.04,3181.79,3229.98,1787.91096624,3027
1737619200,3229.99,3230.07,3187.05,3211.04,4040.90019462,2185
1737633600,3211.05,3286.82,3189.62,3257.39,4906.35187972,3612
1737648000,3257.39,3295.78,3197.63,3206.0,3509.4865467,3278
1737662400,3206.01,3346.92,3198.98,3337.96,6691.50317457,5069
1737676800,3338.84,3349.19,3276.45,3302.27,1991.00263635,2482
1737691200,3302.27,3417.09,3292.51,3378.8,5104.90794983,3971
1737705600,3379.48,3415.21,3377.2,3398.95,1839.50004374,2457
1737720000,3399.15,3427.0,3333.09,3382.61,4611.94081871,3726
1737734400,3382.62,3407.49,3365.99,3369.42,3352.36252962,2985
1737748800,3369.42,3379.58,3306.98,3309.92,5413.98068145,3507
1737763200,3309.92,3321.09,3270.0,3318.98,2880.55130554,2706
1737777600,3318.88,3318.88,3283.51,3289.53,1148.59140775,1539
1737792000,3289.53,3310.0,3271.54,3306.02,1461.78967616,1782
1737806400,3306.03,3306.99,3293.75,3304.67,950.94388466,978
1737820800,3300.01,3343.6,3300.0,3338.0,1933.29731848,1983
1737835200,3338.01,3349.75,3314.08,3316.31,1483.58150912,1727
1737849600,3316.32,3347.0,3313.75,3337.67,998.00920388,1547
1737864000,3337.68,3359.15,3331.96,3337.84,937.60126177,1321
1737878400,3337.85,3340.65,3295.0,3310.52,911.81108478,1373
1737892800,3310.52,3318.79,3300.0,3313.45,917.69186872,1485
1737907200,3313.45,3341.94,3308.34,3337.0,1347.21407358,1885
1737921600,3337.0,3339.39,3230.74,3233.47,3072.41667434,3347
1737936000,3231.55,3250.83,3161.68,3181.98,4759.54568529,4592
1737950400,3181.98,3181.98,3021.8,3070.01,6821.15394166,6345
1737964800,3070.01,3086.06,3035.0,3060.61,2044.67268756,3559
1737979200,3060.01,3150.0,3054.0,3131.57,3496.85969488,4329
1737993600,3131.57,3131.57,3046.1,3071.99,3465.69526007,3617
1738008000,3071.99,3236.52,3071.63,3179.98,3476.80966225,4653
1738022400,3179.99,3215.36,3152.87,3202.85,2096.94685379,3077
1738036800,3202.85,3220.64,3188.88,3195.8,1425.36315765,2472
1738051200,3195.81,3204.99,3178.29,3185.26,1159.50871861,2160
1738065600,3185.26,3213.45,3157.71,3180.7,1942.09585285,3186
1738080000,3180.71,3180.71,3122.36,3147.37,1852.67817564,2913
1738094400,3146.64,3152.02,3039.96,3076.6,4261.317043,4052
1738108800,3075.4,3130.28,3074.37,3128.24,3646.55009313,2165
1738123200,3128.42,3156.88,3115.43,3156.19,3049.02629609,1886
1738137600,3156.19,3161.8,3120.57,3133.32,1928.28400954,1336
1738152000,3133.33,3138.61,3080.66,3099.98,3506.53771507,1797
1738166400,3099.98,3150.08,3054.61,3127.38,5534.30684273,3231
1738180800,3126.4,3179.53,3092.83,3113.22,3700.60809281,2831
1738195200,3113.32,3200.0,3092.59,3200.0,2582.78968106,2235
1738209600,3200.0,3212.82,3179.1,3191.02,2802.98763134,1839
1738224000,3190.39,3228.0,3181.61,3223.7,1482.94296528,1601
1738238400,3223.7,3278.7,3209.85,3255.71,4251.57019931,3352
1738252800,3256.07,3283.43,3250.88,3272.08,2048.72953491,2784
1738267200,3272.08,3274.01,3229.03,3247.77,3195.58951705,2341
1738281600,3247.77,3281.13,3223.06,3229.54,1730.19289109,2065
1738296000,3229.54,3274.39,3215.0,3244.15,2146.2924196,1468
1738310400,3241.75,3337.2,3234.21,3336.75,2869.47753584,2231
1738324800,3336.76,3428.08,3327.04,3427.28,7394.12813256,4656
1738339200,3427.28,3438.0,3296.0,3341.55,7494.51535743,4707
1738353600,3338.77,3338.77,3276.82,3300.25,3648.20048937,2934
1738368000,3300.25,3327.76,3283.74,3290.84,1501.71345693,1636
1738382400,3290.77,3304.98,3275.0,3279.44,984.44111502,1132
1738396800,3279.48,3284.92,3226.29,3249.99,2872.56784051,2140
1738411200,3250.0,3270.0,3229.47,3250.21,1435.27822417,1554
1738425600,3250.0,3266.08,3180.0,3196.38,3588.2171502,2532
1738440000,3194.65,3195.94,3105.0,3116.46,5966.53980448,3230
1738454400,3116.47,3161.49,3070.68,3076.9,3304.57307958,2473
1738468800,3076.79,3137.37,3074.3,3099.98,2379.37882533,1708
1738483200,3099.98,3123.49,3053.19,3062.03,3328.71618124,1723
1738497600,3063.47,3099.97,3050.0,3079.91,1661.56256838,1860
1738512000,3080.22,3080.68,2891.44,2957.82,10309.1975904401,9134
1738526400,2957.21,2986.38,2750.0,2869.46,14485.76027684,8971
1738540800,2869.4,2872.77,2127.94,2528.35,51221.2198897816,31442
1738555200,2529.94,2632.96,2451.0,2624.04,9879.05566427,7791
1738569600,2625.61,2625.61,2530.26,2582.89,6459.92710433,5568
1738584000,2582.99,2732.9,2533.39,2706.42,16764.90850185,8097
1738598400,2707.51,2774.0,2670.96,2767.93,12821.3561918001,6746
1738612800,2767.94,2923.0,2698.76,2883.26,15706.89500819,7339
1738627200,2883.04,2892.22,2794.95,2813.46,3541.25650317,3570
1738641600,2813.28,2838.37,2666.0,2704.99,5250.40443539,4182
1738656000,2705.0,2789.69,2681.09,2760.0,5750.78858502,2072
1738670400,2760.44,2846.75,2735.14,2779.46,7806.08921457,4037
1738684800,2779.53,2870.58,2769.74,2773.99,10485.71697234,4118
1738699200,2773.23,2795.09,2634.95,2735.22,10635.79681182,6123
1738713600,2732.21,2766.34,2700.0,2720.8,4083.11940275,1965
1738728000,2721.29,2787.8,2710.16,2760.57,4339.2390269,2081
1738742400,2760.29,2819.69,2749.4,2801.89,4923.83705872,2386
1738756800,2801.58,2825.94,2760.0,2773.66,9914.75562116,2921
1738771200,2773.67,2785.73,2715.84,2774.94,9115.93840311,3132
1738785600,2775.62,2801.65,2740.96,2788.76,2665.60405413,2608
1738800000,2788.62,2818.24,2757.69,2807.31,2734.59267413,1864
1738814400,2806.87,2855.0,2806.87,2832.06,2439.84715289,1985
1738828800,2832.66,2856.38,2796.91,2805.2,3912.79560336,1838
1738843200,2805.2,2808.91,2686.65,2705.44,7117.2293716801,3113
1738857600,2706.02,2727.76,2675.18,2689.94,4484.68638081,2869
1738872000,2689.5,2725.58,2655.61,2687.08,3493.84573393,2366
1738886400,2687.06,2739.71,2681.13,2714.54,2471.52999618,2023
1738900800,2715.21,2729.13,2670.03,2713.66,2749.49912019,1535
1738915200,2713.56,2764.0,2707.89,2763.92,2091.62309749,1141
1738929600,2764.0,2797.73,2711.29,2721.88,5854.73972237,3014
1738944000,2723.02,2728.2,2659.1,2660.01,3281.97668664,2591
1738958400,2660.01,2660.77,2562.36,2623.39,4669.313318,3783
1738972800,2622.97,2665.53,2617.3,2644.39,951.75870501,1587
1738987200,2642.78,2648.79,2596.86,2629.4,1338.80128729,1112
1739001600,2629.41,2631.7,2602.73,2615.49,3435.38905885,1042
1739016000,2615.49,2634.8,2590.0,2603.58,3388.54738755,1461
1739030400,2603.59,2649.29,2590.01,2637.43,888.99215083,1422
1739044800,2639.09,2645.39,2625.35,2632.79,460.44946027,1057
1739059200,2633.01,2696.99,2627.65,2677.29,790.3132914,1385
1739073600,2679.05,2679.05,2650.84,2662.13,259.65742936,787
1739088000,2662.13,2672.83,2652.68,2655.83,946.81173092,967
1739102400,2655.82,2662.38,2612.59,2654.22,952.51067495,1231
1739116800,2653.94,2665.17,2620.0,2624.09,1213.31100625,1267
1739131200,2624.37,2648.56,2524.7,2628.76,4221.66057007,3634
1739145600,2628.76,2657.63,2561.82,2625.7,4180.69845109,2552
1739160000,2626.19,2658.49,2619.95,2639.5,712.57530723,1135
1739174400,2639.51,2660.3,2635.33,2655.01,997.68296584,1068
1739188800,2655.01,2684.05,2633.87,2659.28,2053.429253,1732
1739203200,2659.16,2692.4,2651.23,2672.64,2074.86494469,1638
1739217600,2672.95,2685.0,2652.2,2661.24,1277.80594183,1438
1739232000,2661.25,2724.52,2661.25,2678.0,1609.81969749,1916
1739246400,2678.0,2723.96,2676.97,2712.5,1503.60506409,1304
1739260800,2712.72,2756.91,2693.01,2708.0,3884.80013553,1417
1739275200,2708.0,2709.0,2630.0,2662.63,2938.80776632,1923
1739289600,2662.52,2670.0,2583.12,2590.43,3346.55810954,2820
1739304000,2590.43,2631.13,2561.17,2603.04,1731.53377535,2080
1739318400,2602.06,2622.48,2571.28,2586.78,1087.86476341,1357
1739332800,2586.78,2621.79,2578.52,2619.78,847.49184802,924
1739347200,2618.89,2637.95,2611.97,2627.05,1089.31030118,1313
1739361600,2627.05,2664.69,2550.0,2606.76,5569.6872807,3729
1739376000,2607.1,2681.76,2584.14,2677.31,4119.18534585,2447
1739390400,2677.8,2794.68,2670.85,2737.85,6130.11035368,4045
1739404800,2737.86,2756.0,2716.59,2743.64,1647.74612299,1617
1739419200,2744.09,2745.15,2674.38,2681.69,2142.16170884,1576
1739433600,2681.86,2687.77,2651.45,2656.5,1705.11282519,1295
1739448000,2656.42,2678.39,2618.75,2647.41,4217.6038546,2335
1739462400,2648.23,2661.42,2614.28,2640.57,7108.48282418,2393
1739476800,2640.72,2680.48,2640.44,2676.18,1191.48546362,1747
1739491200,2676.26,2719.34,2666.92,2714.93,1480.73298596,1661
1739505600,2715.02,2716.42,2690.23,2700.55,1688.07220743,1080
1739520000,2699.98,2715.74,2684.72,2687.07,1340.83802854,1264
1739534400,2686.42,2746.0,2679.03,2732.99,3120.77473535,2139
1739548800,2732.99,2790.13,2711.07,2738.85,3183.54896135,3384
1739563200,2738.27,2751.53,2707.59,2725.81,1694.31966372,1900
1739577600,2725.87,2738.58,2705.16,2725.68,1652.74377223,1210
1739592000,2725.68,2732.83,2695.0,2697.98,730.9443912,1028
1739606400,2697.92,2714.48,2696.02,2709.11,451.42628765,977
1739620800,2709.11,2713.83,2666.0,2690.19,968.09658437,1458
1739635200,2690.11,2705.93,2680.98,2692.22,818.31677964,1257
1739649600,2692.22,2704.84,2682.0,2693.0,1188.90695963,1175
1739664000,2693.0,2704.35,2689.39,2698.74,390.19931116,892
1739678400,2699.02,2725.85,2691.63,2694.48,2161.69318208,926
1739692800,2695.06,2712.74,2690.89,2712.74,689.03332532,825
1739707200,2711.27,2711.93,2678.02,2694.48,1825.92330176,1348
1739721600,2694.47,2702.51,2662.0,2683.71,1320.6670284,1499
1739736000,2683.18,2687.32,2652.76,2663.01,888.85168448,1451
1739750400,2663.01,2682.46,2659.37,2672.08,655.92956024,1034
1739764800,2672.09,2693.36,2640.0,2684.06,1385.35600103,1439
1739779200,2684.06,2774.4,2677.59,2755.13,1675.94153419,2524
1739793600,2755.13,2847.0,2743.02,2756.0,10984.8828935,4573
1739808000,2755.71,2763.4,2689.33,2719.1,4283.06580386,3160
1739822400,2718.54,2775.99,2718.24,2742.99,1080.69477717,2175
1739836800,2743.0,2754.29,2708.91,2712.02,656.79146076,1818
1739851200,2712.03,2716.98,2654.38,2672.15,2859.57304117,2836
1739865600,2672.12,2705.84,2656.0,2679.39,4458.30277921,1958
1739880000,2679.39,2729.99,2660.0,2672.04,7108.20654016,3779
1739894400,2673.14,2682.74,2605.12,2629.6,4473.28044092,4047
1739908800,2627.4,2670.86,2620.0,2669.75,2428.94098978,3362
1739923200,2669.75,2698.0,2655.73,2692.51,922.83542221,2247
1739937600,2692.76,2714.36,2665.45,2707.67,1313.18219295,1611
1739952000,2707.67,2736.28,2705.8,2726.27,5694.84811172,1672
1739966400,2726.58,2728.14,2678.43,2696.46,3934.41382051,1873
1739980800,2696.33,2722.12,2694.99,2711.35,1891.59734776,1660
1739995200,2711.36,2732.71,2706.94,2715.01,1520.57562485,1344
1740009600,2715.01,2750.0,2711.01,2743.41,1338.2050436,1573
1740024000,2743.41,2757.6,2723.64,2731.11,438.42722326,1097
1740038400,2730.36,2746.16,2725.26,2741.27,701.13195155,1168
1740052800,2741.27,2768.86,2709.0,2711.53,1888.8036463,2143
1740067200,2712.45,2766.29,2708.26,2748.57,2333.43991636,2028
1740081600,2748.57,2762.04,2725.0,2739.33,1961.53978101,1631
1740096000,2739.34,2748.0,2729.01,2744.51,843.71995232,1332
1740110400,2744.52,2769.98,2744.51,2756.63,1402.40826983,1333
1740124800,2756.63,2829.03,2750.03,2788.93,2268.55943923,3155
1740139200,2788.96,2843.9,2675.95,2722.73,5087.44293378,5074
1740153600,2723.61,2768.24,2625.25,2639.32,7132.80652752,5450
1740168000,2639.33,2661.43,2616.73,2658.99,3394.43896435,2670
1740182400,2660.13,2687.65,2653.58,2676.0,1145.21532733,1670
1740196800,2675.21,2695.58,2673.5,2685.24,409.2439371,1343
1740211200,2685.24,2750.0,2677.85,2734.79,2289.36890766,1666
1740225600,2734.8,2785.0,2723.63,2775.85,4793.77867557,1964
1740240000,2774.96,2797.5,2757.94,2769.95,7065.62103225,2760
1740254400,2770.8,2777.39,2760.0,2763.33,799.37308844,1343
1740268800,2763.34,2774.39,2746.2,2752.0,3070.19472017,1547
1740283200,2752.0,3021.6,2746.77,2827.83,13254.94382121,4629
1740297600,2827.84,2831.62,2784.93,2798.3,2916.36585645,1798
1740312000,2798.31,2825.26,2773.29,2782.97,8285.78169546,2503
1740326400,2782.97,2822.09,2782.95,2807.96,6762.83867179,1946
1740340800,2807.97,2854.61,2787.62,2819.49,2637.91439697,1882
1740355200,2819.49,2838.33,2713.38,2720.0,5186.5138778,2842
1740369600,2718.01,2734.96,2695.0,2722.33,2537.37139722,2035
1740384000,2722.24,2722.7,2664.93,2689.22,4662.08852327,3187
1740398400,2689.22,2695.19,2638.0,2657.97,6540.54193907,3504
1740412800,2657.97,2681.02,2626.0,2640.42,6104.09856743,3202
1740427200,2640.22,2662.98,2473.34,2514.21,10860.8124961901,7610
1740441600,2513.2,2530.28,2458.32,2493.59,9260.2968516601,5580
1740456000,2494.44,2510.0,2309.99,2369.09,13412.1088470501,6853
1740470400,2367.93,2436.46,2354.94,2431.61,7022.8572138101,4215
1740484800,2431.86,2445.82,2359.25,2406.38,4939.81514098,4395
1740499200,2406.78,2469.61,2380.84,2468.9,8170.44967065,4528
1740513600,2468.33,2528.89,2454.51,2491.74,7967.90060388,4873
1740528000,2492.86,2502.24,2469.36,2487.69,1479.94628976,1722
1740542400,2487.7,2502.95,2473.73,2481.17,694.86916787,1315
1740556800,2481.63,2493.87,2458.27,2462.99,1930.79611533,1449
1740571200,2463.0,2464.14,2367.36,2427.72,10944.64354117,3762
1740585600,2426.4,2430.42,2265.43,2292.83,10657.5514195202,8280
1740600000,2292.83,2378.65,2251.92,2332.44,6172.88449048,4800
1740614400,2333.12,2366.06,2313.92,2329.81,1586.96239773,2562
1740628800,2329.81,2369.24,2301.28,2355.25,2894.2406675199,4042
1740643200,2355.25,2378.09,2341.8,2351.98,1440.57046942,3234
1740657600,2352.04,2358.65,2289.25,2323.98,2190.96946785,2127
1740672000,2323.55,2334.57,2276.5,2289.31,3761.82934774,2568
1740686400,2289.2,2308.86,2229.66,2304.85,4450.20656094,3762
1740700800,2305.4,2310.11,2123.68,2142.23,12838.0845136702,8439
1740715200,2144.85,2152.2,2075.7,2104.63,9390.8330805601,6675
1740729600,2103.36,2148.88,2075.01,2124.61,4478.28575431,2851
1740744000,2123.82,2227.72,2104.01,2221.83,6045.66288219,3692
1740758400,2222.45,2253.6,2194.67,2230.47,2387.58814519,2864
1740772800,2229.69,2237.42,2199.0,2236.31,1255.13840639,1664
1740787200,2236.42,2273.79,2212.17,2262.28,2471.48152662,1629
1740801600,2261.94,2278.76,2224.92,2226.94,1024.84058205,1103
1740816000,2228.12,2238.71,2172.54,2182.33,3329.44184357,1238
1740830400,2183.21,2185.46,2142.38,2173.47,1105.85341906,1590
1740844800,2172.95,2230.59,2168.97,2222.98,1251.56492186,1433
1740859200,2222.98,2233.07,2193.59,2215.6,4032.25877382,1583
1740873600,2216.67,2228.5,2200.71,2220.0,1147.24082892,1919
1740888000,2220.01,2233.88,2218.33,2220.74,516.70739698,622
1740902400,2220.81,2257.71,2208.2,2238.01,1430.01751783,1005
1740916800,2238.01,2289.74,2173.62,2229.58,3587.64970199,3265
1740931200,2229.79,2518.22,2214.85,2486.97,28831.9289648604,17790
1740945600,2486.44,2550.0,2482.0,2519.77,9033.62940781,5409
1740960000,2519.77,2525.23,2420.0,2439.76,3781.25575016,2973
1740974400,2440.36,2456.0,2353.36,2387.38,3337.98288761,2855
1740988800,2386.41,2386.41,2323.23,2355.63,2639.64603689,1877
1741003200,2355.72,2386.39,2267.0,2286.01,8328.92234929,3428
1741017600,2286.01,2295.29,2095.0,2106.66,7230.0504641,6511
1741032000,2108.58,2170.0,2095.9,2147.28,4660.23617692,3780
1741046400,2147.59,2164.69,2003.1,2075.69,9018.93994389,5767
1741060800,2074.01,2120.0,2068.17,2078.72,1676.26550748,2255
1741075200,2078.86,2115.86,2078.29,2100.38,1537.16841348,1572
1741089600,2100.44,2154.34,2020.47,2072.62,6328.88589425,4922
1741104000,2073.12,2173.83,1990.68,2172.6,8796.2066764201,5758
1741118400,2172.01,2221.8,2126.54,2170.99,4678.37389068,3090
1741132800,2170.96,2191.11,2155.03,2159.56,1233.61913424,1635
1741147200,2160.29,2210.9,2158.79,2207.17,4465.2510221,1617
1741161600,2207.17,2273.18,2204.51,2218.04,3311.68692713,3085
1741176000,2217.85,2231.71,2166.03,2186.48,7219.23998661,2896
1741190400,2186.46,2221.49,2161.54,2217.81,2375.54052763,2418
1741204800,2218.3,2250.96,2214.71,2241.22,2744.22210515,2135
1741219200,2241.56,2294.86,2235.18,2290.37,1555.43853622,2368
1741233600,2289.62,2319.2,2275.99,2285.69,3362.34300765,1960
1741248000,2285.77,2304.87,2277.32,2295.09,1141.70375407,1144
1741262400,2297.8,2298.07,2210.1,2256.23,2947.01963324,3125
1741276800,2257.0,2265.58,2176.44,2197.41,6214.15331284,3698
1741291200,2197.41,2230.02,2193.31,2202.2,1351.80893075,2199
1741305600,2202.2,2225.53,2103.67,2147.52,5440.26143266,4449
1741320000,2147.52,2192.57,2145.07,2191.38,793.85008643,1724
1741334400,2191.74,2209.79,2177.86,2196.18,1064.73266859,1352
1741348800,2196.19,2257.45,2167.26,2208.93,7665.63815852,3271
1741363200,2208.93,2214.04,2140.84,2176.3,1955.01383119,3462
1741377600,2176.31,2185.72,2115.28,2139.49,3066.13033239,2833
1741392000,2139.49,2155.0,2105.76,2137.83,718.25112301,1446
1741406400,2137.14,2151.96,2131.59,2137.02,1152.54911037,959
1741420800,2137.03,2142.0,2126.82,2140.2,1334.41912541,1028
1741435200,2140.23,2196.85,2137.37,2180.59,1761.69574131,1629
1741449600,2180.62,2232.35,2161.23,2224.23,5998.75196086,2461
1741464000,2224.21,2225.38,2193.83,2203.01,1481.37071303,1428
1741478400,2203.18,2210.62,2176.24,2185.86,605.52195227,1240
1741492800,2185.31,2195.72,2173.02,2184.48,813.88362627,917
1741507200,2183.85,2187.1,2129.63,2146.34,4345.95363761,1591
1741521600,2146.34,2146.34,2086.13,2096.98,4942.29896835,2481
1741536000,2096.88,2107.33,1999.58,2040.07,6387.78703813,5470
1741550400,2040.08,2055.0,1991.13,2019.51,5054.303667,3270
1741564800,2019.51,2069.29,1994.5,2058.49,3764.59414704,2480
1741579200,2058.49,2078.64,2054.88,2073.99,1483.1667223,1276
1741593600,2074.09,2152.15,2048.63,2127.29,6981.25111766,2704
1741608000,2127.91,2134.75,1997.0,2016.47,6964.89745011,4469
1741622400,2016.89,2024.19,1810.66,1870.57,18431.2836906301,11950
1741636800,1867.48,1902.01,1841.91,1863.51,7040.75566336,3672
1741651200,1863.51,1889.4,1753.01,1848.32,7306.32066582,5660
1741665600,1848.33,1913.69,1845.41,1905.36,3116.76990847,2307
1741680000,1904.01,1927.57,1900.01,1913.92,1847.77178374,1850
1741694400,1913.94,1960.0,1840.0,1913.41,7244.6539193,4787
1741708800,1913.69,1962.0,1887.06,1952.2,6592.43428515,3981
1741723200,1951.64,1954.89,1917.31,1922.11,1887.45115385,2192
1741737600,1923.08,1932.11,1867.04,1868.12,2802.84549731,2196
1741752000,1868.12,1914.61,1853.42,1912.87,4393.53696458,2431
1741766400,1910.7,1955.52,1872.85,1917.72,4090.01088417,2539
1741780800,1916.47,1944.35,1830.42,1869.13,6465.96162285,4350
1741795200,1869.36,1893.91,1863.2,1880.28,2931.18229453,2010
1741809600,1878.63,1914.56,1873.57,1907.97,1946.46060847,1832
1741824000,1908.05,1916.59,1883.11,1886.4,3025.33082247,1716
1741838400,1886.52,1890.63,1859.57,1871.93,1302.15564667,1345
1741852800,1871.73,1903.71,1855.0,1896.94,2110.60000834,1956
1741867200,1899.84,1920.8,1865.0,1873.61,3575.39662888,2640
1741881600,1873.61,1877.47,1822.12,1850.83,4464.55431876,2721
1741896000,1850.83,1882.26,1839.65,1862.99,1789.60354517,1880
1741910400,1862.99,1892.52,1861.71,1887.99,1417.25818583,1648
1741924800,1887.99,1903.96,1887.49,1894.83,1900.97009543,1629
1741939200,1892.82,1907.73,1889.95,1902.27,1084.46303163,1340
1741953600,1901.99,1940.7,1877.73,1920.74,4879.87011188,3159
1741968000,1920.74,1944.13,1913.99,1934.3,1791.02550128,2441
1741982400,1934.54,1934.56,1910.0,1910.01,1086.69948673,1810
1741996800,1910.01,1921.99,1904.03,1919.99,871.96162717,1579
1742011200,1919.99,1933.15,1915.08,1917.09,902.99650069,1293
1742025600,1917.09,1931.32,1913.63,1929.68,457.05567039,1176
1742040000,1929.06,1938.43,1923.11,1936.84,1167.11490835,1607
1742054400,1936.84,1946.55,1928.88,1936.52,1596.47866628,2133
1742068800,1936.53,1957.6,1936.53,1936.8,874.52654268,1612
1742083200,1936.81,1939.79,1917.32,1927.75,503.14162473,1574
1742097600,1927.37,1932.43,1922.01,1925.52,616.06055609,1109
1742112000,1925.76,1925.76,1867.68,1873.9,1371.16225768,2191
1742126400,1873.89,1897.81,1873.86,1896.0,2086.49290241,2112
1742140800,1896.01,1921.78,1862.26,1880.66,1814.56481127,2307
1742155200,1880.99,1897.05,1870.39,1887.1,1046.10145525,2069
1742169600,1887.1,1915.24,1887.07,1908.75,938.53672194,1678
1742184000,1908.75,1911.96,1881.0,1900.38,819.31069603,1392
1742198400,1900.38,1917.39,1893.65,1911.26,858.03105879,1058
1742212800,1911.26,1937.9,1889.2,1918.66,2967.5232655,2527
1742227200,1918.67,1951.23,1908.65,1941.98,3108.05464649,2258
1742241600,1941.99,1946.71,1922.79,1926.26,1343.85235761,1767
1742256000,1926.26,1928.79,1897.88,1900.88,1057.21116329,1707
1742270400,1900.88,1909.39,1894.19,1904.78,1187.84117187,1425
1742284800,1904.68,1911.57,1885.68,1892.63,823.16647728,1463
1742299200,1892.31,1901.29,1872.31,1880.2,2931.420119,2231
1742313600,1880.2,1907.67,1874.0,1903.8,1055.03618719,1614
1742328000,1903.82,1934.06,1898.29,1931.66,3527.19582345,1864
1742342400,1931.28,1948.15,1927.77,1938.2,1214.18695263,1761
1742356800,1938.2,1942.07,1929.98,1931.35,521.90270988,1116
1742371200,1931.48,2033.37,1931.48,2028.15,9563.5510952101,4140
1742385600,2028.23,2055.97,1995.46,2048.63,4512.76748403,3547
1742400000,2048.63,2060.18,1998.23,2029.97,4659.6535796801,4542
1742414400,2030.6,2068.99,2028.65,2057.01,1911.50045971,2517
1742428800,2056.71,2066.99,2022.07,2022.18,975.06977549,1972
1742443200,2022.18,2024.33,2006.45,2008.6,2095.5204762,1689
1742457600,2007.99,2021.36,1971.99,1988.58,4000.85420165,2251
1742472000,1988.59,2008.92,1965.4,1971.05,2448.09563574,2283
1742486400,1971.04,1978.35,1951.96,1972.74,4503.37346671,2324
1742500800,1973.78,1983.72,1970.39,1981.55,1517.10679286,1528
1742515200,1981.61,1993.93,1972.86,1976.99,973.19487758,1504
1742529600,1976.99,1988.66,1966.0,1975.01,717.29507949,1120
1742544000,1975.01,1980.18,1956.42,1966.29,1664.70843659,1329
1742558400,1965.88,1971.82,1935.91,1949.99,3376.05236261,2275
1742572800,1949.64,1975.94,1945.59,1974.28,1473.14173493,1619
1742587200,1973.04,1982.41,1961.9,1964.29,921.05769562,1238
1742601600,1964.29,1985.53,1964.28,1984.76,610.91669648,1277
1742616000,1984.76,1991.01,1983.16,1984.52,259.78938694,822
1742630400,1983.16,2004.66,1981.67,1989.43,2245.25375972,1398
1742644800,1989.43,1995.58,1980.97,1985.65,891.99949124,1241
1742659200,1985.65,1998.5,1982.04,1994.98,954.54824737,1608
1742673600,1994.99,2002.62,1975.36,1980.15,1435.30691643,1627
1742688000,1980.15,2008.3,1977.27,2007.72,1314.70361539,1274
1742702400,2007.72,2017.47,1992.2,2007.49,322.66996053,867
1742716800,2008.04,2018.83,2004.0,2007.62,1084.57073303,1109
1742731200,2007.64,2019.99,2002.38,2006.39,1321.36838374,1223
1742745600,2006.39,2006.51,1988.5,1996.1,1488.64782423,1285
1742760000,1996.11,2005.98,1980.58,2005.13,1016.98593994,1275
1742774400,2005.13,2020.46,1978.12,2014.23,2592.92645515,1402
1742788800,2014.23,2078.0,2014.23,2069.58,3184.07343565,2310
1742803200,2068.85,2104.11,2068.85,2091.87,2988.63324831,1907
1742817600,2091.88,2101.09,2074.06,2090.0,4010.94445804,2155
1742832000,2090.01,2100.0,2068.58,2090.0,3604.26169761,2014
1742846400,2089.77,2094.43,2070.0,2081.86,1556.71194539,1502
1742860800,2081.37,2097.82,2041.72,2044.29,2248.29500417,1661
1742875200,2043.4,2067.32,2038.61,2055.48,989.5227969,1434
1742889600,2055.48,2075.1,2053.73,2068.94,884.48691227,1056
1742904000,2068.92,2080.0,2053.72,2068.02,1399.41485104,1824
1742918400,2068.02,2083.75,2056.97,2076.36,1768.15655907,1642
1742932800,2076.35,2082.48,2054.0,2066.35,1322.2307004,1637
1742947200,2066.36,2078.7,2044.46,2049.22,1508.56543835,1502
1742961600,2049.55,2070.93,2048.23,2070.33,1339.31687928,1094
1742976000,2069.64,2075.42,2058.21,2070.07,1261.34246407,1052
1742990400,2069.85,2070.06,2007.62,2013.45,3980.66361913,2465
1743004800,2013.28,2021.42,1982.36,1999.79,5041.47537649,2485
1743019200,1999.8,2016.52,1993.06,2009.22,2356.42332568,1528
1743033600,2009.64,2036.93,2007.35,2030.21,1241.87571139,1293
1743048000,2030.21,2033.2,2022.72,2027.73,660.39734181,1096
1743062400,2027.73,2035.42,2013.0,2016.95,1109.9097244,953
1743076800,2016.28,2026.0,1987.86,2005.08,2449.92189968,1957
1743091200,2004.93,2014.27,1993.71,2002.96,2241.13025765,1499
1743105600,2003.9,2018.93,2000.0,2002.08,1794.79991663,1129
1743120000,2002.09,2015.8,1991.74,2000.59,465.00606208,1123
1743134400,1999.68,2004.12,1902.03,1908.56,3872.33513264,4050
1743148800,1908.98,1922.17,1860.0,1900.14,4469.29046239,2657
1743163200,1900.01,1902.77,1871.37,1872.0,3070.3553388,2174
1743177600,1871.18,1884.8,1862.11,1871.44,2231.19001822,1995
1743192000,1872.55,1901.5,1872.55,1895.61,3062.58386256,1682
1743206400,1896.0,1911.99,1886.52,1899.04,757.56926529,1115
1743220800,1899.04,1903.19,1875.68,1880.09,944.85298252,1050
1743235200,1879.3,1885.8,1832.58,1843.33,2306.60718538,2102
1743249600,1843.75,1862.3,1833.82,1838.02,1129.37354685,1300
1743264000,1838.1,1846.71,1796.04,1826.92,3338.76066558,2593
1743278400,1825.94,1829.68,1812.07,1827.62,674.99653075,1043
1743292800,1827.69,1844.17,1813.85,1833.03,917.11821609,927
1743307200,1833.03,1845.0,1832.77,1836.69,1315.77722066,662
1743321600,1836.74,1847.43,1826.03,1832.67,2106.03775895,897
1743336000,1832.51,1838.59,1788.54,1813.37,3331.77010479,1913
1743350400,1813.37,1832.59,1784.19,1813.64,2489.68252619,1986
1743364800,1813.8,1821.05,1767.65,1806.21,2975.23386655,1926
1743379200,1806.21,1822.56,1777.72,1797.5,2739.07811261,1445
1743393600,1797.75,1812.29,1789.77,1797.49,3620.59683299,1130
1743408000,1798.21,1818.0,1778.52,1812.56,2812.05657986,1608
1743422400,1812.55,1852.64,1796.24,1842.16,4900.47760651,2453
1743436800,1842.14,1847.33,1818.06,1828.25,1859.7711725,1577
1743451200,1826.69,1834.4,1816.69,1822.8,2135.69306894,1149
1743465600,1822.06,1841.26,1819.01,1834.35,933.0303647,1043
1743480000,1834.35,1865.3,1831.56,1853.01,1191.14185314,1100
1743494400,1853.94,1890.56,1853.94,1861.49,4498.0217019,1778
1743508800,1861.48,1927.19,1843.48,1918.03,10618.73137646,9255
1743523200,1918.2,1923.0,1901.65,1909.41,3978.23101513,2631
1743537600,1909.41,1921.4,1897.49,1905.28,1468.82492389,1493
1743552000,1905.28,1908.04,1873.38,1875.9,2495.21117476,1767
1743566400,1876.43,1881.99,1852.07,1865.99,1203.59132854,1432
1743580800,1865.12,1887.26,1862.73,1868.27,2775.38869289,1193
1743595200,1868.26,1918.78,1855.17,1898.73,3936.52862784,2642
1743609600,1900.11,1915.61,1883.96,1913.05,1678.43556315,1868
1743624000,1911.64,1955.0,1781.97,1792.97,9072.1139689301,6403
1743638400,1794.85,1833.71,1788.67,1823.8,2326.82273286,1833
1743652800,1824.27,1843.76,1807.79,1815.86,1250.52683246,1581
1743667200,1815.28,1823.74,1787.57,1794.1,3849.87968268,1907
1743681600,1794.1,1799.07,1750.0,1781.62,10518.4766139,4942
1743696000,1781.65,1797.78,1767.94,1785.15,2556.12703926,2143
1743710400,1785.81,1819.69,1779.8,1815.63,1082.36259005,1599
1743724800,1815.62,1822.26,1771.4,1791.77,2649.72953045,2043
1743739200,1791.77,1821.16,1784.12,1817.45,1019.60098284,1365
1743753600,1817.57,1834.03,1759.59,1783.83,2269.10745707,2429
1743768000,1783.54,1819.99,1769.87,1795.37,8075.97731163,3467
1743782400,1794.6,1828.21,1783.07,1810.39,3203.68519065,2175
1743796800,1810.1,1826.0,1806.88,1815.21,1371.78788366,2888
1743811200,1815.99,1826.0,1809.22,1809.48,293.01396586,807
1743825600,1809.33,1815.05,1803.74,1812.14,250.11482565,626
1743840000,1812.27,1820.3,1807.0,1807.0,829.28942272,747
1743854400,1807.0,1807.01,1777.43,1781.33,1084.1592874,1393
1743868800,1781.39,1794.29,1779.52,1781.23,764.8574747,975
1743883200,1781.23,1808.63,1765.01,1805.58,2166.64987451,1471
1743897600,1805.58,1815.38,1802.53,1808.63,813.8862774,994
1743912000,1808.77,1812.4,1792.68,1797.15,507.26430562,819
1743926400,1797.15,1797.16,1783.69,1788.15,970.34326642,917
1743940800,1788.15,1790.31,1738.8,1759.54,2786.40658171,2606
1743955200,1759.37,1759.58,1601.0,1626.37,16185.7751736001,10484
1743969600,1626.18,1629.99,1537.26,1578.98,15874.03967913,8394
1743984000,1578.99,1612.87,1521.11,1542.98,7126.8070323,4617
1743998400,1542.99,1560.0,1410.7,1459.48,17934.3633854901,11195
1744012800,1459.47,1518.42,1454.72,1481.47,11043.67698874,6048
1744027200,1482.0,1636.43,1477.44,1556.37,15271.82967641,9912
1744041600,1555.9,1571.57,1524.97,1545.62,4901.46005905,3712
1744056000,1547.04,1584.67,1544.97,1551.65,4376.53653393,2245
1744070400,1551.85,1617.6,1541.71,1584.26,4427.08191895,2686
1744084800,1584.26,1601.56,1562.14,1570.57,2662.55412359,1805
1744099200,1570.57,1588.72,1554.76,1588.71,2180.22307469,1645
1744113600,1588.72,1593.32,1517.95,1531.01,8056.52546345,3867
1744128000,1531.01,1531.36,1453.72,1464.99,9055.15826568,5267
1744142400,1464.83,1483.72,1445.07,1471.99,3156.27679774,2937
1744156800,1471.99,1480.22,1384.17,1418.07,7240.48782056,5716
1744171200,1417.68,1490.47,1414.88,1482.66,2762.43510088,2796
1744185600,1482.95,1494.8,1444.11,1454.94,3673.34790221,2780
1744200000,1454.57,1499.13,1440.34,1484.03,6072.87263534,3286
1744214400,1484.26,1670.0,1481.27,1640.2,22276.6091262899,8584
1744228800,1640.43,1687.44,1640.42,1668.81,5442.74070875,3072
1744243200,1668.79,1668.8,1601.45,1615.98,2153.38086933,2055
1744257600,1615.99,1625.05,1584.68,1594.98,3101.96681361,1943
1744272000,1594.99,1605.88,1581.47,1593.74,4967.51369354,1928
1744286400,1593.74,1625.01,1482.66,1496.03,12499.1709138399,6178
1744300800,1494.88,1530.0,1472.9,1514.16,6084.47016094,4189
1744315200,1513.36,1532.23,1513.36,1521.26,1732.02073491,2136
1744329600,1521.32,1548.59,1505.17,1543.69,4092.66356308,2711
1744344000,1543.65,1560.94,1540.64,1552.21,1859.92405614,2041
1744358400,1551.56,1582.87,1538.4,1557.4,6206.58733984,2990
1744372800,1557.34,1579.64,1540.56,1564.07,6468.28134312,3288
1744387200,1564.07,1591.01,1555.74,1564.31,4608.01890168,3310
1744401600,1564.76,1585.75,1558.29,1566.21,3515.33300133,1648
1744416000,1566.22,1569.15,1546.42,1553.88,895.40660151,1465
1744430400,1553.88,1583.7,1550.42,1581.23,1068.80249364,1262
1744444800,1581.87,1604.55,1580.63,1594.09,1164.24200362,1630
1744459200,1594.08,1668.28,1590.44,1655.15,9885.43669374,3859
1744473600,1655.15,1661.48,1627.81,1642.1,3980.1250351,2375
1744488000,1642.11,1659.3,1642.1,1643.34,1660.58984419,1968
1744502400,1643.35,1647.99,1606.32,1623.79,4320.07477812,1967
1744516800,1623.79,1623.79,1597.0,1614.38,2045.91698085,1398
1744531200,1613.54,1626.78,1592.89,1602.51,2058.95784227,1404
1744545600,1602.98,1607.27,1566.45,1586.54,2597.85331851,1860
1744560000,1586.54,1647.24,1562.5,1588.6,6791.56073276,3775
1744574400,1588.82,1615.29,1573.58,1596.65,1998.32168991,2521
1744588800,1596.65,1659.2,1595.39,1629.24,2560.23496974,2810
1744603200,1629.0,1640.99,1611.85,1635.2,3054.73357459,2006
1744617600,1635.28,1690.88,1629.31,1674.97,3293.28518578,2783
1744632000,1674.96,1688.58,1620.32,1627.93,4537.84592373,3433
1744646400,1627.67,1650.44,1616.1,1636.02,3590.22848242,2726
1744660800,1636.02,1636.98,1606.62,1622.99,2326.23876174,2041
1744675200,1622.99,1642.36,1616.05,1638.18,1247.49464841,1735
1744689600,1638.19,1646.87,1632.15,1644.22,1131.28827984,1362
1744704000,1644.22,1650.58,1623.0,1631.67,2603.33885633,2000
1744718400,1631.83,1659.87,1600.71,1619.98,3838.91480543,3122
1744732800,1619.99,1626.91,1598.0,1607.36,3084.44195733,2263
1744747200,1607.36,1614.24,1583.03,1588.98,2117.35372055,2191
1744761600,1588.62,1603.19,1577.3,1592.39,4002.60300246,1662
1744776000,1591.05,1592.98,1553.31,1563.56,2566.64458293,2004
1744790400,1563.57,1585.0,1557.35,1583.28,2427.64419848,1787
1744804800,1583.28,1613.59,1566.97,1590.04,4313.58229183,2357
1744819200,1590.36,1611.21,1538.85,1588.55,4969.83357912,4660
1744833600,1588.55,1597.63,1570.63,1577.06,2342.7201357,2068
1744848000,1577.29,1595.05,1574.83,1585.07,1361.2316852,1941
1744862400,1584.89,1609.28,1581.32,1601.38,1885.81890043,2006
1744876800,1601.38,1603.47,1589.39,1594.09,1028.65476426,1559
1744891200,1594.08,1601.9,1564.02,1582.51,2936.71835291,2840
1744905600,1582.51,1615.66,1578.21,1581.99,3303.80668032,2412
1744920000,1581.58,1591.79,1580.1,1582.34,2041.54118804,1456
1744934400,1582.48,1588.48,1578.5,1583.8,866.89305892,1231
1744948800,1583.8,1584.0,1574.11,1583.59,749.75571841,999
1744963200,1583.6,1591.54,1582.31,1589.82,1193.03198455,1202
1744977600,1589.81,1596.15,1580.01,1582.46,1192.97677997,1877
1744992000,1582.46,1594.74,1582.46,1591.88,769.84686536,1419
1745006400,1591.88,1599.27,1587.03,1588.4,2217.72377088,1723
1745020800,1588.34,1599.42,1585.54,1597.91,2525.83999984,2157
1745035200,1597.91,1611.72,1595.68,1600.76,1220.67006962,1160
1745049600,1600.76,1605.14,1593.71,1596.47,1431.61242281,1352
1745064000,1596.46,1611.93,1596.46,1605.86,1488.59463052,1646
1745078400,1605.86,1630.0,1598.35,1614.59,1761.62268156,1921
1745092800,1614.6,1621.59,1611.67,1613.14,1352.0730903,1371
1745107200,1613.14,1618.62,1609.1,1611.15,1996.5274582,1306
1745121600,1611.65,1616.92,1586.87,1596.55,2445.1280219,1072
1745136000,1596.54,1596.89,1566.55,1572.4,2282.21231688,1742
1745150400,1572.39,1583.8,1571.33,1573.38,848.97924785,1052
1745164800,1573.57,1586.6,1572.72,1585.93,1559.85683242,1297
1745179200,1585.93,1599.7,1575.38,1587.49,1538.4471311,1326
1745193600,1587.3,1644.0,1586.3,1633.85,7135.94260831,2568
1745208000,1633.86,1657.12,1631.73,1645.55,1981.29704188,1613
1745222400,1645.55,1653.61,1618.65,1626.66,2196.0330645,1592
1745236800,1626.4,1640.3,1609.39,1623.8,3961.25098659,2275
1745251200,1623.8,1626.18,1564.32,1574.01,3306.55768004,3071
1745265600,1574.01,1580.49,1571.86,1580.07,1105.1844361,1590
1745280000,1580.07,1593.88,1538.02,1578.92,3325.36829553,2826
1745294400,1579.41,1623.0,1575.0,1619.38,1203.79451354,1743
1745308800,1619.01,1637.64,1614.8,1631.47,2122.15668726,1740
1745323200,1631.46,1725.75,1628.75,1704.74,11165.4171464,5406
1745337600,1704.26,1710.47,1685.0,1699.43,3960.09488858,2874
1745352000,1700.21,1777.77,1694.03,1757.59,7186.73909389,4397
1745366400,1757.59,1806.61,1746.54,1796.01,7718.88660123,3511
1745380800,1796.02,1818.0,1775.0,1792.34,3582.62777616,2600
1745395200,1792.35,1811.4,1780.38,1797.77,1706.25954152,2344
1745409600,1797.75,1834.44,1762.69,1795.58,8806.05245766,5192
1745424000,1795.2,1809.6,1776.18,1787.48,3018.54151934,2739
1745438400,1787.08,1806.87,1786.44,1796.05,2894.65662393,1897
1745452800,1796.05,1802.39,1768.14,1768.94,2330.57168096,1972
1745467200,1768.89,1776.57,1753.0,1756.0,2851.58649945,2133
1745481600,1756.15,1760.79,1723.73,1754.47,3140.793476,2522
1745496000,1754.48,1777.14,1745.55,1765.01,2440.96918822,2673
1745510400,1765.01,1777.85,1746.82,1765.15,3794.96888405,2556
1745524800,1765.01,1775.0,1750.44,1770.0,1559.12084033,1562
1745539200,1770.0,1789.53,1740.27,1760.49,3470.36246095,2308
1745553600,1760.91,1781.1,1759.48,1777.79,2419.59088968,1678
1745568000,1777.8,1792.88,1765.43,1789.77,2342.38300488,1842
1745582400,1789.78,1827.85,1760.0,1806.91,6637.90719856,4218
1745596800,1807.11,1811.56,1783.53,1803.47,4788.71948767,2224
1745611200,1803.48,1810.0,1786.1,1786.61,2521.95863136,1779
1745625600,1786.6,1816.9,1786.6,1798.47,4022.70703086,1376
1745640000,1798.49,1810.34,1790.01,1802.01,838.4466422,985
1745654400,1802.01,1840.0,1779.91,1786.84,4486.66091255,2005
1745668800,1786.84,1804.84,1782.16,1800.97,2311.35772011,1511
1745683200,1800.88,1814.33,1797.0,1814.33,1218.81420848,1013
1745697600,1813.71,1830.37,1806.32,1820.85,1098.66311424,1297
1745712000,1821.62,1857.05,1803.1,1809.77,6405.31038159,2509
1745726400,1809.77,1811.35,1792.0,1804.18,935.86148001,989
1745740800,1804.34,1815.02,1802.09,1807.36,757.10889301,923
1745755200,1806.66,1807.91,1784.49,1794.58,2236.61488717,1867
1745769600,1794.49,1808.34,1788.45,1808.34,980.44639495,1206
1745784000,1808.35,1808.5,1785.68,1791.82,879.9312429,1446
1745798400,1791.82,1793.81,1753.39,1784.9,3267.61669082,2306
1745812800,1784.91,1812.82,1784.9,1805.43,1033.18194673,1338
1745827200,1805.42,1826.99,1790.0,1816.83,2404.47046035,2138
1745841600,1816.84,1817.65,1754.03,1762.73,3585.47239908,2960
1745856000,1762.74,1804.22,1746.58,1797.21,2913.27309146,3080
1745870400,1797.21,1805.65,1781.8,1799.56,1579.73988138,1942
1745884800,1799.56,1811.45,1789.0,1802.44,1059.20469287,1547
1745899200,1802.45,1824.37,1789.01,1822.15,1135.00597677,1442
1745913600,1822.5,1842.0,1817.67,1830.21,2375.3533237,1852
1745928000,1830.22,1833.0,1804.81,1815.55,2288.60727353,2137
1745942400,1815.55,1831.76,1809.22,1821.73,1750.68679195,1964
1745956800,1821.74,1825.4,1782.31,1798.99,3665.38038944,2306
1745971200,1798.98,1813.16,1790.09,1808.84,808.85473763,1514
1745985600,1809.37,1812.13,1792.67,1796.8,820.45900877,1586
1746000000,1796.81,1816.23,1793.34,1815.46,1004.01144264,1071
1746014400,1815.92,1816.56,1733.43,1765.68,4767.10090095,4026
1746028800,1764.87,1792.9,1757.25,1787.4,3274.40887381,2056
1746043200,1787.39,1808.34,1786.76,1793.92,1301.20133489,1567
1746057600,1793.87,1818.9,1792.79,1807.83,1246.94936696,2055
1746072000,1807.84,1816.01,1803.46,1810.88,686.67572073,1144
1746086400,1810.75,1859.0,1809.87,1845.42,4125.47488467,2693
1746100800,1845.42,1872.85,1827.04,1853.71,5290.78635593,3265
1746115200,1853.71,1870.0,1841.55,1845.74,2180.71546794,2198
1746129600,1844.21,1851.54,1835.39,1838.84,1523.0248085,1471
1746144000,1838.73,1851.63,1836.2,1847.89,1342.38486796,1626
1746158400,1847.89,1851.37,1817.0,1817.0,4157.14994674,1508
1746172800,1816.8,1835.67,1814.41,1832.94,1871.94404541,1324
1746187200,1832.94,1854.64,1825.0,1841.14,3092.47234314,1836
1746201600,1841.15,1869.99,1833.13,1841.35,4815.23265709,1900
1746216000,1841.34,1848.38,1834.04,1843.01,1571.12404322,994
1746230400,1843.01,1843.61,1828.25,1835.15,1013.52032609,1076
1746244800,1835.37,1839.8,1825.55,1827.3,661.16155184,839
1746259200,1826.77,1830.54,1819.0,1824.87,1383.44227294,960
1746273600,1824.64,1839.0,1824.64,1834.91,1736.11184497,1049
1746288000,1834.94,1839.0,1811.86,1838.45,1839.60388017,1438
1746302400,1838.46,1847.5,1830.9,1833.85,1097.75600011,1088
1746316800,1833.83,1848.27,1826.9,1833.38,1251.83784143,1056
1746331200,1833.02,1850.62,1830.13,1840.87,3853.9509793,955
1746345600,1840.88,1841.24,1822.69,1827.82,2225.94900859,1322
1746360000,1827.82,1833.2,1820.0,1830.56,1506.82076184,1357
1746374400,1830.78,1833.42,1823.66,1828.43,457.91813745,1020
1746388800,1828.44,1841.0,1803.72,1809.09,2494.01991101,1759
1746403200,1808.95,1818.17,1783.04,1795.0,2089.94135167,2150
1746417600,1795.0,1829.88,1792.93,1826.61,1417.88155231,1113
1746432000,1826.61,1831.09,1799.74,1804.53,1053.70298469,1283
1746446400,1804.76,1814.6,1795.01,1800.86,2142.12508669,1870
1746460800,1800.87,1827.01,1800.87,1814.57,1227.72794155,1489
1746475200,1815.5,1832.44,1800.0,1819.9,1532.22510329,1524
1746489600,1819.9,1820.11,1794.01,1806.48,1338.41054861,1639
1746504000,1806.48,1808.79,1798.74,1805.95,596.27635271,983
1746518400,1804.73,1805.43,1758.0,1768.65,2393.54944539,1824
1746532800,1768.65,1779.21,1752.41,1769.92,2427.26309262,1944
1746547200,1769.22,1797.62,1762.48,1785.0,1937.98092135,1556
1746561600,1785.0,1818.61,1765.56,1816.54,2874.60848986,1833
1746576000,1816.55,1848.62,1815.1,1826.14,3605.76573374,2297
1746590400,1826.14,1838.19,1824.32,1838.19,2100.39847638,1114
1746604800,1838.1,1845.66,1831.32,1836.02,6477.97014887,1503
1746619200,1836.03,1837.01,1815.11,1817.92,2298.14829237,1507
1746633600,1817.92,1817.93,1788.72,1797.39,5380.62611047,2550
1746648000,1797.39,1825.36,1790.12,1811.43,1585.59346791,1402
1746662400,1811.43,1904.66,1809.0,1900.36,4071.61210281,3062
1746676800,1901.22,1941.8,1892.35,1928.35,4980.73841761,2923
1746691200,1928.51,1966.84,1926.39,1957.76,6217.343089,2324
1746705600,1957.68,2074.22,1955.76,2051.93,15782.2441943201,6348
1746720000,2051.76,2138.71,2037.8,2118.28,12242.99115347,6057
1746734400,2117.57,2223.0,2112.1,2208.36,16031.7506561401,7018
1746748800,2208.06,2243.39,2186.57,2205.0,8169.40327607,4427
1746763200,2204.58,2391.6,2202.36,2365.38,9485.05655883,6270
1746777600,2365.0,2488.8,2292.82,2350.11,19154.3745253201,10007
1746792000,2350.9,2387.69,2272.43,2301.0,6342.90565383,5968
1746806400,2301.5,2355.42,2276.03,2330.02,6086.20851469,3762
1746820800,2331.36,2350.19,2324.03,2345.79,2946.37234709,2377
1746835200,2345.61,2378.49,2318.83,2340.0,3327.20086716,2736
1746849600,2339.89,2417.53,2326.87,2399.24,3279.41130604,2729
1746864000,2399.25,2435.79,2361.18,2384.46,4515.46060311,3656
1746878400,2384.81,2447.84,2384.81,2433.65,5964.39081607,3393
1746892800,2433.66,2512.91,2431.13,2499.75,17246.5021294299,6707
1746907200,2499.76,2598.7,2471.15,2585.0,12719.71177919,5752
1746921600,2584.99,2606.65,2506.39,2538.52,10233.96521587,5182
1746936000,2538.12,2561.61,2455.8,2473.54,6222.1729028,4525
1746950400,2474.53,2534.3,2473.97,2531.0,3166.03395013,2505
1746964800,2531.0,2531.93,2434.8,2463.22,4091.36933076,3368
1746979200,2463.22,2525.29,2442.18,2508.58,4347.96228553,3011
1746993600,2508.76,2527.26,2484.8,2515.58,2919.20225549,2278
1747008000,2515.12,2547.32,2492.33,2519.19,3039.05750962,3064
1747022400,2519.2,2624.0,2486.89,2552.45,8953.30248823,5183
1747036800,2553.91,2583.98,2523.53,2531.23,11925.4214060599,3985
1747051200,2530.71,2576.91,2480.49,2487.06,14291.3846035101,6118
1747065600,2486.95,2510.67,2408.57,2461.13,8556.2575202,4549
1747080000,2461.13,2499.0,2452.66,2495.4,2486.04838165,2212
1747094400,2495.41,2495.78,2416.26,2425.29,5839.3482583,2500
1747108800,2424.92,2478.59,2422.88,2459.44,1870.19652303,1552
1747123200,2459.44,2524.0,2453.29,2512.3,1679.17710673,1977
1747137600,2512.3,2573.55,2493.66,2568.55,8992.8359979201,4292
1747152000,2566.48,2736.66,2560.55,2690.41,13515.5122489701,8196
1747166400,2693.0,2706.54,2654.95,2680.2,6729.7297809,4583
1747180800,2680.2,2725.0,2623.63,2646.6,5837.30967326,4859
1747195200,2646.86,2684.9,2636.77,2641.13,6495.76550005,2834
1747209600,2641.13,2644.84,2580.0,2624.0,4433.44017959,3338
1747224000,2624.01,2634.06,2558.83,2596.8,6564.11438579,3771
1747238400,2596.8,2616.92,2548.63,2604.19,3638.27307134,2918
1747252800,2604.19,2613.89,2586.32,2610.35,1819.93072868,1878
1747267200,2610.49,2645.09,2570.0,2575.48,4897.86709699,2747
1747281600,2575.48,2596.23,2516.3,2531.58,3184.32979104,2600
1747296000,2531.58,2567.0,2518.0,2555.45,4126.0652016,2400
1747310400,2555.45,2579.7,2473.8,2565.62,6660.97831185,4607
1747324800,2564.52,2603.69,2513.29,2529.83,7283.76449771,3647
1747339200,2531.56,2563.18,2514.14,2547.87,3083.08704038,2428
1747353600,2548.66,2583.87,2534.67,2582.27,2495.09244786,1995
1747368000,2582.27,2618.89,2565.91,2601.83,4945.19868711,1829
1747382400,2603.13,2647.09,2560.0,2620.91,5137.86259207,2677
1747396800,2620.91,2622.42,2575.0,2594.36,3082.57392165,2587
1747411200,2594.36,2602.21,2571.27,2593.0,2379.49668827,2014
1747425600,2592.99,2593.23,2530.0,2537.43,7828.6731289,2697
1747440000,2537.43,2537.43,2455.72,2497.21,3492.43622483,3781
1747454400,2497.56,2513.21,2477.26,2492.83,1500.8383644,1664
1747468800,2493.23,2496.49,2469.4,2481.71,1357.42255826,1499
1747483200,2482.11,2486.77,2447.63,2477.99,2510.67700388,2250
1747497600,2474.96,2487.8,2451.12,2470.48,2044.52774335,2054
1747512000,2470.93,2495.07,2456.01,2475.74,2025.62766076,1649
1747526400,2475.75,2487.74,2470.27,2478.1,1464.95063006,1475
1747540800,2477.43,2513.66,2477.43,2509.02,1731.35003816,1278
1747555200,2509.97,2527.77,2499.97,2502.06,1913.55175618,1268
1747569600,2502.06,2585.0,2489.13,2580.41,2863.82037932,2787
1747584000,2580.42,2583.75,2405.0,2411.38,6511.95289949,5646
1747598400,2409.91,2509.99,2308.0,2497.69,10043.01281048,6311
1747612800,2498.98,2513.31,2382.0,2387.4,4250.35037773,3668
1747627200,2387.4,2413.29,2350.33,2403.53,3858.15946525,2942
1747641600,2403.54,2421.33,2392.0,2417.65,1053.49752457,1654
1747656000,2417.66,2471.93,2385.81,2467.95,3212.15757555,3012
1747670400,2467.95,2547.21,2452.51,2521.46,5604.78406347,3707
1747684800,2519.12,2533.59,2493.8,2528.52,4530.28018926,1999
1747699200,2528.75,2588.0,2512.91,2553.46,3553.1709947,3204
1747713600,2553.46,2576.84,2523.87,2533.0,3924.30183591,1912
1747728000,2533.01,2539.31,2495.16,2514.71,1921.2958642,1570
1747742400,2514.72,2515.01,2466.67,2484.09,3853.0220449,2847
1747756800,2482.88,2511.33,2445.05,2504.04,6728.41871507,3437
1747771200,2502.33,2539.57,2486.37,2524.81,3701.77610707,2854
1747785600,2524.82,2554.78,2510.81,2545.29,6015.28602435,2057
1747800000,2545.29,2614.89,2536.37,2553.12,5519.09438136,3485
1747814400,2553.13,2562.48,2517.22,2538.32,3924.68781659,1988
1747828800,2538.32,2581.82,2522.84,2568.07,7129.07953841,3552
1747843200,2567.88,2615.25,2442.69,2513.81,16297.7069597401,8605
1747857600,2512.44,2599.0,2489.01,2552.1,4144.04433118,3622
1747872000,2551.67,2646.94,2545.44,2629.12,7839.80128034,4453
1747886400,2629.13,2646.53,2603.01,2633.0,4336.28396328,3222
1747900800,2633.0,2692.01,2628.91,2651.92,13770.46279128,4633
1747915200,2650.96,2678.89,2624.46,2664.19,4912.63471349,3697
1747929600,2664.19,2674.81,2626.83,2633.49,8326.16665056,4283
1747944000,2633.49,2664.5,2630.18,2664.5,4794.60860569,3014
1747958400,2664.31,2731.8,2645.89,2722.95,13412.36645321,5250
1747972800,2722.94,2724.1,2651.0,2654.33,11025.6050043,3682
1747987200,2654.33,2687.44,2550.4,2566.25,9673.57632665,4821
1748001600,2566.25,2590.89,2501.6,2569.2,11099.0383668,6108
1748016000,2568.91,2586.17,2546.88,2560.74,6561.37527388,3069
1748030400,2560.74,2560.99,2505.39,2526.82,3629.80897175,3285
1748044800,2526.82,2556.39,2516.23,2549.88,2834.30461936,2313
1748059200,2549.99,2563.85,2537.87,2546.65,915.5749859,1452
1748073600,2546.65,2577.19,2545.98,2563.83,1925.22705662,1325
1748088000,2563.83,2565.22,2544.88,2555.81,1353.75231,1784
1748102400,2555.82,2566.97,2546.1,2554.45,1225.81837554,1964
1748116800,2554.45,2555.48,2520.0,2531.68,1325.06290585,1995
1748131200,2531.67,2539.22,2478.45,2513.88,3296.60749731,2707
1748145600,2513.88,2518.0,2488.21,2493.28,2472.4451587,1737
1748160000,2493.28,2502.16,2463.62,2496.98,2233.17138163,1993
1748174400,2496.99,2523.12,2481.0,2512.45,3311.6870071,1873
1748188800,2512.45,2535.0,2496.98,2526.64,1695.38213092,1585
1748203200,2527.1,2554.18,2508.47,2551.43,1285.79667731,2185
1748217600,2550.95,2575.84,2538.78,2560.92,2692.67259369,1805
1748232000,2560.92,2599.0,2559.62,2581.79,2780.75434072,1879
1748246400,2581.99,2583.37,2557.0,2566.99,2689.39713886,1581
1748260800,2566.99,2574.74,2540.0,2567.01,1153.35801987,1990
1748275200,2567.02,2574.2,2526.98,2543.05,1328.58807636,2239
1748289600,2543.05,2582.71,2538.99,2563.64,2387.69573036,2017
1748304000,2563.64,2573.83,2512.11,2550.57,4958.24435511,2903
1748318400,2550.0,2617.0,2550.0,2606.55,5123.03829923,2605
1748332800,2606.56,2653.47,2606.55,2651.99,5210.09252366,3033
1748347200,2651.99,2682.84,2635.0,2668.61,5267.13906706,4007
1748361600,2668.98,2711.0,2659.76,2687.29,8362.9232434,4479
1748376000,2687.59,2694.12,2654.0,2663.04,4174.08135109,2555
1748390400,2663.03,2663.04,2621.02,2646.21,4497.62894146,2349
1748404800,2646.22,2652.09,2625.43,2636.38,3286.72923509,1568
1748419200,2636.39,2658.56,2610.6,2657.36,5799.53187043,2594
1748433600,2657.36,2689.57,2616.26,2627.37,8516.75731224,3896
1748448000,2627.38,2665.0,2617.16,2619.21,4183.86139659,2950
1748462400,2619.2,2686.43,2611.61,2682.41,2763.37930825,2725
1748476800,2682.4,2787.34,2672.64,2763.1,10405.01312343,6452
1748491200,2763.09,2765.0,2704.03,2731.41,5440.05181211,3239
1748505600,2731.41,2744.01,2710.0,2716.26,4975.1106774,2366
1748520000,2716.26,2719.86,2624.5,2642.92,10347.18902326,5939
1748534400,2642.92,2673.07,2631.07,2648.68,3922.75317355,3273
1748548800,2650.42,2666.95,2620.2,2631.26,2556.73507694,2473
1748563200,2631.27,2643.45,2558.53,2630.98,5529.52687508,3823
1748577600,2630.99,2647.13,2608.27,2622.52,3432.69058794,2063
1748592000,2620.0,2628.44,2590.45,2622.4,1348.67978007,2223
1748606400,2622.41,2625.0,2574.86,2600.01,2816.16113271,3348
1748620800,2600.01,2603.99,2536.2,2574.47,3923.67401055,4044
1748635200,2574.47,2587.86,2508.57,2531.46,7655.03186235,3391
1748649600,2531.45,2539.53,2479.01,2513.3,4671.95604082,3847
1748664000,2513.83,2526.41,2505.23,2521.91,1460.80738215,1501
1748678400,2521.92,2536.98,2507.32,2519.81,8605.24071692,1645
1748692800,2519.81,2550.0,2518.94,2537.57,3755.94897574,2189
1748707200,2537.58,2546.99,2516.53,2538.12,5654.78659608,1573
1748721600,2538.22,2549.99,2527.28,2529.11,1324.46069337,1225
1748736000,2529.33,2529.99,2495.0,2515.02,3600.29032633,2094
1748750400,2514.75,2527.0,2507.9,2508.47,3688.88928251,1313
1748764800,2508.99,2510.99,2480.0,2497.76,3550.58344829,1727
1748779200,2497.76,2524.7,2470.54,2523.29,5152.53656078,2408
1748793600,2523.29,2547.35,2495.7,2526.37,3667.28101791,2229
1748808000,2526.37,2547.14,2521.32,2538.28,1964.3633499,1524
1748822400,2540.63,2541.4,2488.4,2497.99,3638.57535872,1919
1748836800,2497.99,2513.71,2476.05,2506.91,9584.59826891,2434
1748851200,2506.92,2515.26,2476.46,2482.59,2411.04870802,1857
1748865600,2482.6,2555.0,2480.27,2545.05,11102.59054409,3311
1748880000,2545.08,2566.55,2526.72,2533.22,4627.82964027,3396
1748894400,2533.22,2615.52,2533.21,2608.13,5746.23668837,3220
1748908800,2608.14,2650.0,2590.8,2604.84,3613.28616248,2835
1748923200,2604.84,2621.02,2592.06,2610.01,1761.02882542,1462
1748937600,2611.33,2620.0,2597.09,2604.99,1195.10781453,1483
1748952000,2603.65,2654.99,2600.0,2625.43,5118.86698683,3171
1748966400,2625.43,2629.27,2605.95,2624.99,5012.6744284,2414
1748980800,2624.99,2624.99,2579.1,2594.64,3086.53886222,2746
1748995200,2594.64,2640.86,2585.39,2628.69,3703.61014468,2171
1749009600,2628.7,2645.44,2622.9,2629.38,1432.11248189,1560
1749024000,2629.46,2650.0,2626.37,2626.37,1769.11652622,1715
1749038400,2626.37,2680.0,2596.24,2668.69,5303.57395168,3470
1749052800,2668.69,2668.71,2624.13,2626.26,5349.09743213,2634
1749067200,2625.51,2625.52,2600.21,2608.18,4417.01692789,2573
1749081600,2608.17,2630.99,2605.15,2626.53,2529.69918553,1886
1749096000,2626.53,2634.22,2603.52,2604.91,1333.60779864,1795
1749110400,2604.92,2614.2,2582.61,2609.26,3855.96598421,1781
1749124800,2609.27,2641.35,2563.11,2590.32,4880.10303434,3276
1749139200,2590.7,2592.18,2507.97,2529.09,7583.95340034,4414
1749153600,2527.04,2534.28,2393.21,2416.63,11287.85360731,7432
1749168000,2416.64,2457.29,2385.58,2456.84,7408.68054295,3663
1749182400,2456.74,2467.0,2449.0,2455.51,5623.60356963,2219
1749196800,2455.93,2494.9,2455.14,2478.55,7830.03612407,2629
1749211200,2478.55,2530.85,2469.36,2511.49,4511.07064412,4222
1749225600,2511.5,2519.1,2486.47,2487.01,3812.83982491,2568
1749240000,2487.01,2506.99,2475.83,2478.03,1694.86708153,2105
1749254400,2478.02,2494.29,2458.83,2490.33,1784.68754223,1999
1749268800,2490.33,2501.74,2482.75,2492.45,2298.13144324,1548
1749283200,2492.91,2502.14,2485.07,2496.54,2953.09823607,966
1749297600,2496.53,2524.01,2494.59,2520.9,6622.7726069,1679
1749312000,2520.64,2525.0,2508.21,2518.19,1670.6761918,1024
1749326400,2518.2,2543.18,2518.19,2525.68,1909.03996913,1364
1749340800,2525.54,2526.93,2511.01,2513.53,1883.61273441,1147
1749355200,2513.53,2519.76,2509.98,2514.33,490.36229673,784
1749369600,2516.15,2520.94,2494.02,2513.8,2876.97321212,1202
1749384000,2513.8,2525.36,2501.63,2515.74,757.00983556,1303
1749398400,2515.78,2539.65,2515.73,2534.46,1876.29760888,1346
1749412800,2534.46,2547.1,2502.23,2511.12,3680.65013423,1868
1749427200,2511.12,2512.73,2485.0,2498.04,2124.70048377,1489
1749441600,2498.04,2498.12,2480.0,2493.33,2689.94739547,1532
1749456000,2493.33,2547.1,2486.5,2543.03,4905.79692192,1976
1749470400,2543.03,2549.48,2513.17,2536.4,5610.7462787,2310
1749484800,2536.4,2589.28,2536.4,2582.05,3492.81471435,3211
1749499200,2582.06,2696.49,2577.12,2681.57,10993.26117864,4606
1749513600,2681.06,2731.39,2677.94,2689.83,7140.62863237,4154
1749528000,2689.83,2699.72,2655.59,2677.96,5379.37637433,1994
1749542400,2678.47,2797.14,2670.7,2773.97,5276.3096217501,4072
1749556800,2773.97,2778.08,2691.88,2732.67,8685.92898735,4908
1749571200,2732.7,2804.7,2729.81,2773.6,5766.2932814,4193
1749585600,2773.61,2825.42,2724.92,2816.32,6201.30346273,4781
1749600000,2816.36,2832.81,2773.79,2792.01,4639.80442689,2959
1749614400,2792.01,2803.75,2780.96,2794.0,1969.19550671,1594
1749628800,2791.87,2793.87,2755.55,2772.17,3267.24289963,2009
1749643200,2772.11,2880.51,2763.79,2865.78,10285.52748902,5848
1749657600,2865.49,2875.0,2802.68,2813.63,6346.98274143,4142
1749672000,2813.63,2831.0,2744.37,2771.98,7442.67070679,4330
1749686400,2771.98,2784.93,2747.86,2765.09,4584.99221299,2210
1749700800,2765.36,2776.08,2733.67,2743.37,2043.65599253,1652
1749715200,2740.44,2761.67,2721.44,2730.37,2301.74786944,1809
1749729600,2730.37,2772.6,2699.37,2720.87,6524.82856215,3421
1749744000,2720.1,2771.67,2693.0,2695.33,5158.27164022,4089
1749758400,2696.16,2702.59,2618.64,2643.89,10235.5056334301,5430
1749772800,2643.89,2645.0,2440.77,2517.98,20804.8427230901,10900
1749787200,2517.99,2542.05,2495.0,2528.17,4060.09527593,3966
1749801600,2528.16,2545.32,2508.8,2545.31,2523.0586723,2625
1749816000,2545.32,2563.99,2504.53,2551.76,4837.5618769,3559
1749830400,2552.74,2585.0,2510.9,2528.27,2768.36805523,3330
1749844800,2528.33,2584.12,2526.33,2579.64,2430.11706625,2727
1749859200,2579.52,2580.2,2548.52,2550.32,2125.3836351,1781
1749873600,2550.32,2557.04,2528.54,2538.96,1006.16946076,1342
1749888000,2538.28,2540.0,2521.0,2540.0,1613.92702917,1047
1749902400,2540.0,2545.83,2506.57,2521.49,1506.75521821,1680
1749916800,2521.49,2526.53,2489.95,2509.46,2404.14653802,2056
1749931200,2509.46,2539.49,2499.0,2533.18,1643.01353465,1768
1749945600,2531.43,2540.99,2526.8,2532.08,1698.84823423,1421
1749960000,2532.09,2552.01,2523.7,2531.15,1129.17896001,1529
1749974400,2529.29,2529.29,2509.44,2515.52,1110.66498808,1170
1749988800,2515.52,2554.0,2515.51,2541.0,2177.96448087,1737
1750003200,2541.0,2558.18,2531.69,2537.02,2061.82564068,1712
1750017600,2537.02,2548.91,2493.47,2546.96,4169.06440021,2608
1750032000,2547.47,2577.52,2515.87,2568.63,2538.18746775,2150
1750046400,2568.64,2638.09,2566.99,2627.34,2820.73356143,2574
1750060800,2628.5,2632.56,2594.12,2617.5,2270.216958,1623
1750075200,2616.88,2658.18,2607.03,2633.32,3816.80206147,3650
1750089600,2633.32,2670.0,2629.12,2661.82,4964.69227241,2620
1750104000,2661.73,2679.0,2537.86,2541.11,10776.35882123,4402
1750118400,2545.53,2617.47,2527.0,2607.39,3278.53003409,2459
1750132800,2607.96,2610.57,2571.01,2582.99,1454.88506171,1218
1750147200,2582.6,2585.85,2543.54,2553.02,3021.2483548,1546
1750161600,2553.02,2566.93,2484.42,2498.12,4416.35773332,3434
1750176000,2498.13,2542.27,2455.85,2529.24,5715.44939127,4021
1750190400,2528.25,2534.36,2490.03,2510.11,3922.00888588,3241
1750204800,2510.11,2535.21,2506.45,2528.51,2154.65290487,2126
1750219200,2528.51,2545.76,2520.0,2532.4,1960.36060566,1429
1750233600,2532.92,2547.17,2489.5,2512.97,1852.70645005,1924
1750248000,2513.83,2542.0,2467.57,2509.75,5384.4600400499,4039
1750262400,2509.76,2517.3,2466.05,2492.69,7004.1359638801,3284
1750276800,2493.43,2537.57,2484.9,2525.79,2449.82680933,2356
1750291200,2525.5,2546.37,2507.88,2525.98,1593.23504676,1301
1750305600,2526.13,2530.0,2515.29,2519.28,1126.9727656,943
1750320000,2519.49,2544.59,2519.49,2532.86,1069.80724012,1123
1750334400,2532.87,2535.67,2491.0,2493.9,1417.61194812,1688
1750348800,2493.9,2522.43,2485.77,2505.68,1126.64414509,1570
1750363200,2505.68,2532.0,2505.0,2521.43,890.00515877,1499
1750377600,2521.43,2531.0,2514.25,2518.08,430.59775899,1061
1750392000,2517.87,2550.0,2504.43,2548.99,1023.91397791,1541
1750406400,2548.99,2568.09,2542.09,2550.17,2281.04232825,1710
1750420800,2550.18,2559.34,2489.1,2493.98,3862.65956081,3147
1750435200,2494.28,2494.5,2366.73,2416.05,12199.66186815,6558
1750449600,2415.05,2437.49,2384.0,2406.04,3515.1704589,2684
1750464000,2406.71,2431.71,2397.27,2425.88,1820.29288073,1481
1750478400,2425.89,2428.09,2419.83,2426.6,551.3513101,1069
1750492800,2427.02,2448.51,2425.3,2442.64,965.99587786,939
1750507200,2443.04,2444.98,2414.77,2423.75,1001.22169586,1244
1750521600,2424.0,2427.49,2382.87,2384.44,2243.94500557,2053
1750536000,2384.48,2408.47,2217.24,2296.29,13352.0192002001,7749
1750550400,2296.43,2314.0,2248.09,2264.9,13885.4083067201,5807
1750564800,2265.1,2297.3,2262.44,2271.29,1360.25177104,1401
1750579200,2271.3,2279.82,2235.42,2273.3,5615.49506404,1608
1750593600,2273.67,2287.0,2157.22,2173.49,10487.4310239,5925
1750608000,2175.15,2219.9,2171.53,2184.48,3362.32797426,2859
1750622400,2184.48,2236.54,2114.63,2227.41,7735.92254113,4582
1750636800,2227.41,2259.0,2223.18,2234.93,1803.40592197,1820
1750651200,2235.74,2274.53,2229.39,2257.86,2585.1632414,1723
1750665600,2258.4,2274.59,2239.95,2254.03,2541.40724722,1381
1750680000,2254.03,2313.1,2233.43,2249.55,6514.46077892,4516
1750694400,2249.55,2324.98,2190.68,2314.11,9277.56106384,5922
1750708800,2314.58,2442.18,2305.22,2413.73,11915.51903417,5959
1750723200,2413.32,2420.0,2392.37,2400.66,2066.07811014,1967
1750737600,2400.4,2437.36,2393.63,2395.86,7398.52712381,4125
1750752000,2395.13,2450.0,2378.37,2411.4,9736.19018561,3612
1750766400,2411.4,2455.57,2405.42,2439.09,3221.82057017,2352
1750780800,2439.09,2481.81,2419.48,2436.41,3672.93328045,3149
1750795200,2435.54,2451.66,2431.91,2448.24,1494.57476824,1619
1750809600,2448.24,2469.38,2438.64,2445.58,1311.98215989,1719
1750824000,2445.59,2451.85,2424.15,2446.28,1068.56447172,1257
1750838400,2446.07,2449.13,2409.95,2430.64,7402.58385812,2338
1750852800,2430.64,2447.0,2391.43,2406.94,6918.68019758,3781
1750867200,2406.94,2439.29,2402.91,2432.27,2434.11329945,2282
1750881600,2432.44,2454.95,2410.0,2419.12,1157.12552588,1478
1750896000,2419.11,2520.0,2419.01,2490.31,2769.1555402,3054
1750910400,2490.31,2499.9,2469.36,2491.87,1261.94685,1793
1750924800,2491.69,2501.92,2441.71,2451.25,2661.74926814,1806
1750939200,2451.42,2459.39,2411.01,2434.76,5278.90477858,2604
1750953600,2434.76,2443.02,2420.09,2435.85,2292.74914527,2046
1750968000,2435.63,2457.97,2396.67,2416.21,2733.73706841,2421
1750982400,2416.22,2448.0,2380.39,2446.81,4077.79398649,2139
1750996800,2446.82,2460.14,2436.57,2443.42,1837.3361077,1430
1751011200,2443.47,2463.09,2437.67,2447.42,1247.79940049,1491
1751025600,2447.73,2457.5,2415.51,2440.01,2418.07597155,2090
1751040000,2440.01,2449.0,2390.92,2415.18,3199.73877959,2425
1751054400,2414.9,2428.86,2412.4,2424.18,870.05694973,1948
1751068800,2424.35,2424.36,2405.8,2421.48,662.10417265,1025
1751083200,2421.49,2434.5,2418.76,2432.65,498.02069993,1077
1751097600,2432.66,2433.22,2421.05,2428.45,451.09008972,792
1751112000,2428.37,2441.73,2421.34,2438.26,651.94678725,1166
1751126400,2438.26,2447.98,2432.96,2434.4,1467.35648643,1735
1751140800,2434.23,2442.98,2428.31,2437.56,341.24035986,1052
1751155200,2437.56,2442.39,2426.5,2429.33,539.51468701,1027
1751169600,2429.32,2440.71,2428.58,2440.51,276.46218335,613
1751184000,2441.0,2463.64,2439.26,2463.0,1303.42795856,1359
1751198400,2463.01,2463.52,2435.61,2437.24,826.18044416,1194
1751212800,2437.34,2443.23,2431.47,2437.67,404.82994098,1045
1751227200,2437.67,2523.77,2415.0,2501.2,3911.41973506,3626
1751241600,2501.2,2522.45,2496.48,2500.34,1417.64116892,1956
1751256000,2500.34,2505.0,2458.54,2481.8,1183.0440295,1482
1751270400,2481.58,2486.97,2447.7,2460.69,1683.25092665,1655
1751284800,2459.0,2488.95,2435.45,2475.38,2957.42131523,2787
1751299200,2475.15,2518.65,2462.61,2518.23,3511.78524262,3191
1751313600,2516.44,2522.37,2485.15,2486.1,3351.05456129,1926
1751328000,2486.1,2499.95,2477.72,2486.46,1545.94470058,1457
1751342400,2486.46,2486.46,2447.59,2465.75,1082.73173307,1662
1751356800,2465.75,2465.75,2444.4,2449.33,2967.55728672,1292
1751371200,2449.93,2456.47,2409.0,2424.18,4720.61631705,3500
1751385600,2424.23,2434.02,2401.0,2404.39,2072.52305463,2849
1751400000,2404.39,2418.22,2386.2,2405.76,4777.87797603,2916
1751414400,2405.76,2431.29,2373.31,2430.73,3992.9802427099,2798
1751428800,2430.72,2453.11,2426.32,2448.51,979.97713886,1263
1751443200,2447.8,2459.74,2443.75,2446.18,1689.65531163,1788
1751457600,2446.32,2501.94,2433.46,2499.99,3987.70625803,3001
1751472000,2500.02,2608.59,2497.7,2606.55,10854.1282807303,9527
1751486400,2606.56,2618.09,2569.1,2570.49,7370.3847085302,7819
1751500800,2570.5,2586.18,2557.22,2561.12,7207.98840472,2530
1751515200,2561.12,2606.24,2561.11,2600.15,2625.01556647,2949
1751529600,2602.67,2615.8,2583.84,2598.36,6003.88796625,2537
1751544000,2598.56,2636.65,2566.92,2571.02,7286.5210050902,7770
1751558400,2571.02,2594.04,2568.01,2586.99,1966.52725417,3168
1751572800,2586.99,2604.3,2586.98,2591.13,5453.7177722101,2330
1751587200,2591.36,2602.74,2573.02,2578.99,1028.06528143,2864
1751601600,2578.91,2583.98,2531.53,2535.94,3232.01477646,2932
1751616000,2535.93,2559.12,2528.57,2549.99,2929.6961426201,2274
1751630400,2549.99,2556.1,2500.61,2502.13,5021.96997617,3323
1751644800,2502.13,2502.46,2475.22,2481.73,3525.82862335,5222
1751659200,2481.73,2520.3,2481.73,2508.0,2124.96350714,3866
1751673600,2508.0,2525.31,2500.0,2519.23,2987.9207104999,2339
1751688000,2519.23,2529.0,2514.95,2520.23,357.39783764,1062
1751702400,2520.24,2525.99,2508.0,2520.0,1028.52831028,1505
1751716800,2520.01,2521.69,2506.56,2507.66,666.09632967,2857
1751731200,2507.66,2513.73,2489.37,2506.44,1116.49206886,2942
1751745600,2506.44,2522.25,2499.24,2516.99,666.0114712,1492
1751760000,2516.99,2520.99,2511.15,2515.05,687.29747724,1172
1751774400,2515.05,2526.06,2510.33,2518.7,497.51510138,830
1751788800,2518.88,2518.88,2505.0,2515.93,400.40295931,4281
1751803200,2515.93,2569.4,2512.7,2556.99,4089.50246789,4173
1751817600,2556.99,2559.57,2524.51,2541.41,2631.71043441,2831
1751832000,2541.41,2605.0,2541.4,2572.17,3265.9174631501,3607
1751846400,2572.17,2589.22,2551.97,2577.26,1004.87609345,2384
1751860800,2577.26,2580.0,2560.61,2579.02,1653.68592004,2394
1751875200,2579.01,2588.24,2554.29,2563.36,1915.40435494,1687
1751889600,2563.36,2568.18,2529.08,2533.98,4554.53160883,3038
1751904000,2533.99,2556.76,2515.0,2544.05,5779.56701015,3104
1751918400,2544.01,2544.9,2525.0,2542.52,2463.39083758,2146
1751932800,2542.52,2552.9,2525.01,2538.46,2432.00467194,1848
1751947200,2538.46,2563.29,2534.0,2552.22,1537.88860799,1380
1751961600,2552.22,2585.59,2545.0,2575.26,4868.48850055,1905
1751976000,2575.26,2599.37,2559.03,2564.47,4874.32402631,3221
1751990400,2564.48,2627.0,2560.65,2611.98,7573.0609377701,4607
1752004800,2611.86,2619.24,2598.18,2615.74,2000.81465313,2572
1752019200,2615.75,2627.0,2592.19,2592.21,3157.82683513,2714
1752033600,2592.21,2653.35,2592.2,2625.26,3417.97822655,2798
1752048000,2625.26,2629.98,2606.02,2626.05,4384.62509857,2238
1752062400,2626.05,2673.22,2624.39,2657.86,7590.66876287,4467
1752076800,2657.14,2795.41,2654.21,2765.76,22592.3910095201,10076
1752091200,2765.76,2785.14,2732.16,2770.33,14252.4238454799,6382
1752105600,2770.33,2799.91,2757.68,2776.84,9327.13513338,4026
1752120000,2776.85,2823.87,2768.14,2792.49,4316.9979747,3493
1752134400,2792.48,2797.42,2774.65,2780.0,3798.97334082,2327
1752148800,2780.0,2796.09,2758.07,2770.28,7370.44439241,4037
1752163200,2770.28,2841.92,2770.28,2819.53,11324.8927543601,6560
1752177600,2818.78,3000.3,2816.05,2951.71,22095.1796846601,12039
1752192000,2951.72,2974.92,2916.07,2970.38,5895.74594024,4850
1752206400,2970.38,3029.48,2948.31,2971.52,13933.53215469,6587
1752220800,2971.52,3039.25,2964.95,2986.14,3181.39808423,4172
1752235200,2986.14,3010.01,2940.1,2948.08,9012.1361937699,7402
1752249600,2950.02,3010.75,2937.58,3008.83,4622.942945,5030
1752264000,3008.83,3010.0,2926.17,2958.01,5722.19778959,4516
1752278400,2958.01,2970.0,2933.89,2965.29,1387.70747257,2713
1752292800,2965.3,2977.35,2944.18,2965.01,1892.14463414,2591
1752307200,2965.01,2980.68,2960.28,2963.44,1789.41102143,1804
1752321600,2963.44,2966.21,2905.34,2915.0,3638.0829281199,3996
1752336000,2915.0,2945.94,2912.16,2940.0,1377.75113601,2029
1752350400,2940.01,2946.71,2917.64,2942.64,878.44664148,1844
1752364800,2942.64,2961.22,2938.61,2956.02,1001.25345265,1596
1752379200,2955.68,2966.64,2951.18,2964.22,2067.46361343,1374
1752393600,2964.22,2968.92,2945.39,2965.42,2973.62076368,1541
1752408000,2965.42,3019.71,2961.3,2994.52,4368.0393921701,7112
1752422400,2993.84,3009.99,2964.14,2990.15,5056.03470477,4761
1752436800,2990.46,2998.4,2940.8,2973.24,4211.30183988,3462
1752451200,2973.25,3050.0,2964.59,3037.98,11968.80222885,5852
1752465600,3037.99,3064.43,3017.73,3044.4,7291.5903616001,5876
1752480000,3045.06,3081.76,3024.82,3053.0,12136.28876598,5573
1752494400,3053.01,3066.99,2995.73,3010.61,6428.5036818999,13287
1752508800,3011.76,3029.66,2979.44,2998.95,5023.08949688,3799
1752523200,2998.94,3018.28,2983.41,3014.59,5516.45566921,2751
1752537600,3014.29,3021.25,2935.0,2951.32,8299.16708749,5414
1752552000,2951.32,2992.91,2935.9,2978.28,3300.14367745,2893
1752566400,2977.08,2986.98,2961.88,2981.13,1770.46449881,2226
1752580800,2981.01,3065.0,2967.91,3036.65,10535.1324693802,7028
1752595200,3038.3,3096.6,3033.37,3041.51,9883.3365935101,6914
1752609600,3042.8,3144.09,3031.92,3140.01,12088.72431145,5780
1752624000,3140.01,3152.31,3105.16,3115.67,3823.53821093,4093
1752638400,3116.2,3174.51,3101.92,3163.6,5284.60649418,4328
1752652800,3163.01,3172.0,3145.88,3150.0,2847.84717555,2919
1752667200,3150.01,3265.95,3149.5,3245.76,11218.16634495,8492
1752681600,3245.76,3385.0,3237.4,3383.67,16516.4304886002,9959
1752696000,3383.67,3423.0,3342.83,3372.67,12872.6476155,7553
1752710400,3372.46,3397.16,3312.11,3331.37,4648.27399501,4110
1752724800,3331.87,3467.5,3323.13,3450.05,9651.15389344,5446
1752739200,3450.05,3479.73,3427.48,3433.99,8783.94486859,5271
1752753600,3433.86,3440.03,3360.24,3421.63,10790.0723447699,8348
1752768000,3421.75,3456.47,3370.0,3414.04,9753.06412562,6128
1752782400,3414.04,3524.0,3375.69,3479.33,17236.3330639402,9635
1752796800,3479.34,3627.0,3461.76,3596.97,21984.8811029199,9796
1752811200,3596.97,3675.93,3580.24,3607.69,7649.52604158,7297
1752825600,3609.06,3628.7,3586.06,3611.84,7109.13943802,4718
1752840000,3612.44,3673.26,3529.75,3567.13,17493.97383616,8420
1752854400,3566.81,3623.64,3541.17,3553.34,8479.45705094,6124
1752868800,3554.1,3577.13,3481.13,3549.05,7306.99256212,6607
1752883200,3549.18,3600.0,3512.07,3595.82,2557.30130163,3940
1752897600,3594.68,3609.01,3571.0,3575.23,1629.12984856,2165
1752912000,3575.23,3579.48,3542.66,3554.76,1524.57589642,2280
1752926400,3554.76,3572.67,3530.78,3554.5,1952.41691513,2263
1752940800,3554.5,3583.25,3537.16,3579.13,1410.15736177,2290
1752955200,3579.45,3600.0,3541.42,3596.18,3516.6878721,2919
1752969600,3596.18,3692.32,3581.4,3659.49,5033.1452228,4387
1752984000,3659.49,3690.79,3636.13,3671.94,3579.98411511,2861
1752998400,3671.43,3765.0,3671.42,3757.88,7359.77800537,5385
1753012800,3757.89,3789.0,3726.2,3787.0,5308.98883028,4905
1753027200,3787.01,3822.85,3732.98,3751.43,12494.3907830501,7115
1753041600,3751.07,3773.84,3612.01,3760.07,8480.65792136,6128
1753056000,3759.0,3767.77,3706.71,3758.91,4261.80787678,4413
1753070400,3758.92,3813.0,3750.03,3788.41,5389.60307229,4020
1753084800,3788.8,3838.21,3758.77,3810.12,4955.20735514,3891
1753099200,3810.01,3859.67,3775.0,3812.69,12266.7791223901,6668
1753113600,3812.69,3819.0,3721.0,3737.95,11728.09695598,6781
1753128000,3737.92,3780.0,3722.23,3764.17,3495.34718456,3282
1753142400,3764.17,3800.0,3701.62,3733.7,5720.23982126,4964
1753156800,3733.71,3734.99,3655.23,3677.69,7200.21113196,4691
1753171200,3677.7,3719.46,3618.0,3709.08,7307.3408606902,4990
1753185600,3709.08,3731.06,3628.1,3717.51,9016.0946434301,5299
1753200000,3718.89,3754.3,3657.78,3672.37,13403.62691052,5247
1753214400,3671.08,3750.43,3664.07,3749.04,2871.53869991,3072
1753228800,3749.04,3765.91,3716.17,3728.37,8152.42712448,3797
1753243200,3730.83,3737.6,3667.06,3675.12,5201.87367358,2714
1753257600,3675.95,3698.83,3643.78,3674.85,6001.42464674,2758
1753272000,3673.87,3684.0,3582.5,3645.59,15605.9222747101,7466
1753286400,3646.25,3646.25,3555.77,3587.0,10339.96733899,5960
1753300800,3589.46,3637.63,3530.0,3629.0,6771.06238723,4664
1753315200,3629.0,3666.37,3613.48,3642.23,4103.40473395,2695
1753329600,3642.67,3657.57,3515.0,3595.01,6406.50062156,3992
1753344000,3595.0,3662.26,3582.22,3658.2,10304.10672013,3705
1753358400,3657.86,3773.86,3616.66,3732.62,9897.4802321101,5622
1753372800,3732.63,3755.03,3666.64,3736.68,9443.78467536,4908
1753387200,3737.42,3745.01,3697.85,3706.09,4632.58710239,3128
1753401600,3709.34,3709.34,3575.0,3598.31,7258.6723471101,5311
1753416000,3597.89,3668.03,3582.74,3633.11,4142.60475373,3631
1753430400,3633.11,3745.0,3630.0,3723.57,5321.02054843,4073
1753444800,3723.58,3735.24,3603.18,3635.25,4825.96010459,4610
1753459200,3634.76,3660.17,3617.9,3643.39,2166.66834434,2720
1753473600,3642.26,3729.23,3642.26,3725.52,4736.58187457,3522
1753488000,3725.52,3765.33,3701.31,3741.51,4642.41914956,3583
1753502400,3740.51,3755.99,3735.0,3743.41,1092.00625864,1810
1753516800,3743.41,3782.12,3734.41,3740.01,2620.12896492,2463
1753531200,3740.6,3756.53,3720.0,3736.44,2156.25602183,2377
1753545600,3737.0,3755.0,3711.0,3752.18,1115.13718838,2065
1753560000,3752.17,3793.2,3736.56,3742.2,2733.89776827,2501
1753574400,3742.45,3788.77,3732.49,3775.11,2211.98989058,2305
1753588800,3775.82,3809.0,3765.01,3769.59,1662.89064573,2534
1753603200,3769.94,3839.59,3751.81,3816.51,3215.16451608,2833
1753617600,3816.19,3835.52,3793.05,3819.92,2011.28972085,2651
1753632000,3819.92,3869.43,3812.19,3829.09,4242.10813762,3988
1753646400,3829.09,3878.86,3820.0,3875.0,2535.37030234,3285
1753660800,3875.01,3904.0,3845.25,3880.46,6203.13116535,4609
1753675200,3880.46,3939.3,3870.0,3894.13,6701.00687326,4825
1753689600,3893.55,3900.0,3834.0,3878.52,5211.5366477,3003
1753704000,3878.52,3888.83,3775.0,3808.97,5699.71980157,5424
1753718400,3808.46,3821.0,3755.33,3796.73,6532.07349698,4799
1753732800,3797.86,3802.24,3765.64,3797.08,1261.81220932,2537
1753747200,3798.36,3820.0,3733.39,3791.23,2519.93049595,3341
1753761600,3791.39,3878.0,3776.59,3877.23,3194.08676871,3148
1753776000,3877.37,3885.48,3811.48,3825.0,5085.1970825,2770
1753790400,3825.0,3871.17,3749.8,3762.45,4662.13714175,4338
1753804800,3762.45,3807.9,3716.23,3763.48,9897.57088643,5120
1753819200,3763.48,3798.0,3740.8,3792.87,3422.16183769,3260
1753833600,3792.86,3825.0,3757.24,3817.01,1819.31684954,2437
1753848000,3817.01,3831.5,3786.06,3810.95,2723.85724871,2363
1753862400,3810.66,3824.15,3744.31,3756.37,4008.10506141,2962
1753876800,3756.37,3828.79,3750.0,3797.5,2563.47331886,3511
1753891200,3797.36,3819.98,3663.75,3759.36,9676.42893875,6775
1753905600,3759.37,3809.0,3742.41,3806.85,5279.14694348,3220
1753920000,3808.01,3865.0,3800.92,3861.68,3043.97260799,3273
1753934400,3861.69,3877.25,3855.1,3863.31,3327.14481637,2515
1753948800,3862.89,3873.04,3827.14,3836.91,3207.95689662,2216
1753963200,3836.92,3842.25,3762.26,3787.91,8864.69552451,4416
1753977600,3787.91,3817.99,3735.0,3739.01,8091.25756555,4389
1753992000,3739.0,3755.0,3685.49,3698.08,5937.56762594,4442
1754006400,3697.68,3722.99,3614.82,3704.18,11207.3078026001,9758
1754020800,3704.17,3704.17,3625.12,3649.99,4409.71891389,3548
1754035200,3647.7,3647.7,3586.57,3641.94,7191.60784919,4064
1754049600,3641.62,3673.51,3565.51,3616.52,14538.1035162101,6617
1754064000,3616.52,3631.34,3512.52,3516.36,8899.17033158,5817
1754078400,3516.47,3550.15,3429.88,3485.96,11713.7970343301,6833
1754092800,3485.96,3530.31,3476.52,3525.78,4638.31144513,3351
1754107200,3527.11,3536.0,3454.6,3519.05,3583.41276603,2710
1754121600,3518.62,3520.98,3474.09,3508.54,2757.06486224,1915
1754136000,3507.29,3513.8,3451.55,3457.08,2668.83688701,2530
1754150400,3457.08,3479.42,3372.0,3383.76,15413.7205490501,6272
1754164800,3382.12,3440.45,3369.0,3392.97,4334.16719957,2840
1754179200,3392.97,3450.0,3350.0,3445.0,5301.94265418,3212
1754193600,3445.01,3458.92,3435.33,3453.38,1787.29390593,1826
1754208000,3453.39,3517.79,3453.39,3484.9,3536.14373993,2381
1754222400,3484.9,3503.89,3455.68,3476.4,2620.05279343,2455
1754236800,3476.4,3514.34,3468.99,3494.53,3036.41312612,3003
1754251200,3494.53,3518.23,3484.01,3496.8,2084.45082064,2721
1754265600,3496.95,3576.12,3490.84,3557.27,5318.02939661,4267
1754280000,3557.27,3565.3,3521.99,3553.34,3017.56805159,2246
1754294400,3553.34,3571.0,3503.74,3556.38,5235.3176147,2330
1754308800,3556.38,3665.95,3553.1,3650.14,11892.0930154601,5204
1754323200,3649.88,3718.3,3649.88,3670.25,8501.75403858,4837
1754337600,3670.25,3736.1,3662.0,3719.99,2971.1645226,3565
1754352000,3720.0,3720.0,3649.61,3651.3,6076.73412275,3385
1754366400,3651.31,3679.61,3601.0,3612.84,8849.45721296,3260
1754380800,3612.69,3692.65,3610.0,3673.26,5644.18375008,2326
1754395200,3673.26,3679.79,3544.32,3567.4,28081.3434894499,8135
1754409600,3567.4,3612.73,3560.0,3571.9,7630.96787962,3597
1754424000,3571.9,3621.24,3547.19,3611.38,2041.58719538,2259
1754438400,3611.38,3611.39,3565.35,3582.7,4744.82269484,2536
1754452800,3582.7,3677.79,3568.71,3640.01,8170.22263048,2990
1754467200,3640.01,3641.47,3610.2,3618.67,1118.08287489,1668
1754481600,3618.68,3670.0,3574.61,3667.08,2910.55898204,3349
1754496000,3667.09,3698.6,3640.0,3682.78,4533.14625479,3894
1754510400,3682.78,3684.52,3653.87,3683.56,4260.10909297,2333
1754524800,3683.56,3715.0,3650.36,3657.78,2164.28444187,2395
1754539200,3657.78,3709.0,3657.77,3700.99,2424.66653038,2133
1754553600,3701.0,3842.48,3701.0,3827.81,13917.75629333,6469
1754568000,3827.28,3865.52,3804.99,3838.22,13265.02599102,5968
1754582400,3838.28,3878.76,3780.0,3868.18,7243.42428698,4244
1754596800,3868.18,3927.5,3855.0,3912.74,11922.3785633301,6040
1754611200,3912.75,3965.18,3880.42,3938.99,17527.3769892601,8049
1754625600,3938.99,3938.99,3896.18,3916.15,5410.96407373,3917
1754640000,3916.15,3927.43,3885.13,3918.15,3430.60656403,2539
1754654400,3918.16,4012.57,3893.01,3955.07,23973.0192411899,9120
1754668800,3955.07,4062.99,3952.0,4060.0,22368.7731243302,9679
1754683200,4060.0,4070.0,4004.0,4008.37,6288.4358627,4243
1754697600,4008.37,4050.0,4008.0,4049.89,2604.12122148,2735
1754712000,4049.9,4200.0,4046.94,4170.0,14788.9968099701,8835
1754726400,4170.0,4245.14,4169.0,4190.01,10174.97503741,5662
1754740800,4190.01,4224.39,4153.79,4208.79,12716.01130215,5769
1754755200,4208.79,4268.66,4195.14,4259.27,7013.15424314,5365
1754769600,4259.28,4323.41,4245.41,4262.91,10076.8936324201,7443
1754784000,4262.91,4329.93,4204.37,4243.3,7676.74875995,5944
1754798400,4243.3,4264.41,4175.86,4183.26,6758.2683119,4086
1754812800,4184.81,4230.59,4162.16,4180.52,7588.73586359,3298
1754827200,4180.69,4236.4,4161.83,4219.0,10795.73323713,4138
1754841600,4219.0,4258.77,4217.25,4249.0,12524.19541562,3487
1754856000,4249.0,4255.08,4186.06,4251.61,11349.03458917,4371
1754870400,4251.62,4344.41,4240.0,4308.84,13209.76606146,7141
1754884800,4309.22,4347.99,4267.47,4273.53,8848.6369964,5398
1754899200,4272.75,4283.17,4171.29,4184.33,6170.45207133,4965
1754913600,4184.04,4329.5,4168.3,4329.5,14045.9376669399,8612
1754928000,4329.5,4362.74,4236.0,4258.98,11419.46413185,7574
1754942400,4258.98,4258.98,4190.0,4225.0,8975.87753429,4937
1754956800,4225.01,4310.0,4221.44,4285.99,4764.28894143,3980
1754971200,4285.99,4319.8,4271.67,4315.22,3684.29540283,3217
1754985600,4315.26,4329.02,4258.27,4289.09,4120.47040667,3333
1755000000,4290.21,4479.07,4277.98,4471.34,23190.4349824201,14654
1755014400,4471.34,4519.0,4442.27,4518.77,13498.70787633,10847
1755028800,4518.77,4634.45,4505.23,4590.0,24964.9966361603,14054
1755043200,4590.01,4652.9,4565.31,4646.73,12059.3425950799,8372
1755057600,4646.74,4690.0,4608.27,4625.83,12360.9991657696,8949
1755072000,4625.84,4712.0,4610.11,4690.1,9020.6491434501,8740
1755086400,4689.55,4735.56,4610.58,4662.0,13793.0980460597,11001
1755100800,4662.01,4749.58,4662.01,4739.99,13793.4227035201,9291
1755115200,4739.99,4782.99,4698.11,4750.83,19113.6207662303,9121
1755129600,4750.83,4779.99,4711.24,4778.0,6051.6806896101,6327
1755144000,4778.01,4790.39,4719.13,4749.23,8424.95021315,5272
1755158400,4749.41,4765.58,4644.0,4719.99,9917.38306032,5212
1755172800,4720.0,4737.89,4446.98,4621.01,38044.9937622007,21305
1755187200,4621.1,4622.27,4485.0,4545.28,15977.6747122,9431
1755201600,4540.58,4577.79,4460.94,4549.29,13578.23921093,7298
1755216000,4549.3,4652.91,4540.96,4638.13,9970.24042658,5227
1755230400,4638.13,4663.8,4610.35,4643.57,4039.52752488,3389
1755244800,4643.7,4669.23,4617.07,4640.01,3304.51058467,2770
1755259200,4640.01,4667.53,4395.65,4431.19,18870.4017706197,10796
1755273600,4431.19,4460.66,4374.38,4385.83,8893.3847561301,8611
1755288000,4385.83,4494.61,4368.45,4443.2,7961.44865975,5313
1755302400,4443.2,4491.81,4420.0,4432.66,5922.82348203,4047
1755316800,4433.2,4465.1,4417.23,4455.74,4238.60169226,3085
1755331200,4454.82,4460.45,4374.88,4389.42,3995.79483218,3367
1755345600,4389.43,4428.17,4378.39,4400.86,2116.33756504,3365
1755360000,4400.86,4442.55,4396.0,4423.78,5064.68051566,3444
1755374400,4423.78,4440.48,4408.0,4424.21,1496.88775007,2451
1755388800,4423.99,4459.41,4400.0,4455.34,1413.43067434,2562
1755403200,4455.28,4495.02,4450.0,4469.22,3347.68139644,3419
1755417600,4469.49,4581.39,4463.95,4553.86,4653.04746513,4008
1755432000,4553.86,4567.53,4522.82,4562.23,3633.1405879,3370
1755446400,4562.24,4565.41,4430.0,4460.65,4609.63470331,4759
1755460800,4460.66,4535.57,4460.0,4472.99,1770.00784997,3065
1755475200,4472.99,4482.35,4285.78,4324.59,12535.06475997,9006
1755489600,4323.22,4350.25,4232.0,4259.04,10410.66457525,6162
1755504000,4259.22,4319.0,4228.77,4278.4,5884.85292022,4908
1755518400,4278.4,4369.04,4275.0,4345.28,6372.44487423,5927
1755532800,4345.28,4389.41,4303.88,4356.41,7710.01890634,5094
1755547200,4356.41,4385.0,4308.28,4312.56,4433.24625723,3657
1755561600,4312.56,4353.36,4214.55,4221.01,6973.92239336,5170
1755576000,4221.01,4249.0,4194.24,4232.87,8840.4874801001,4520
1755590400,4232.99,4319.22,4220.02,4311.47,5340.31962176,3096
1755604800,4311.48,4342.74,4170.0,4191.94,13927.6945948001,7221
1755619200,4191.13,4203.99,4115.0,4142.06,10652.0782138001,7517
1755633600,4141.13,4164.86,4067.32,4074.66,7922.54097621,5336
1755648000,4074.64,4159.0,4065.0,4142.52,7985.54158706,4453
1755662400,4142.52,4211.13,4139.98,4185.11,6852.44834755,2886
1755676800,4185.0,4239.99,4152.31,4192.47,7105.87562128,3311
1755691200,4192.47,4307.05,4108.3,4255.56,10294.7417184201,6998
1755705600,4255.55,4372.0,4255.55,4346.45,18032.60191289,7456
1755720000,4347.45,4378.12,4321.25,4334.99,4129.88759366,3624
1755734400,4335.0,4337.29,4280.0,4295.5,6696.97369341,3713
1755748800,4295.5,4320.7,4270.76,4309.99,1504.35485727,2109
1755763200,4310.0,4313.23,4257.62,4280.14,2372.23119583,2012
1755777600,4279.39,4325.17,4228.0,4242.37,6857.88494997,4565
1755792000,4242.38,4273.49,4208.88,4221.4,5990.67657247,3690
1755806400,4221.4,4259.25,4205.0,4223.73,2483.23450473,2450
1755820800,4224.57,4313.93,4223.23,4277.74,2502.28809212,2822
1755835200,4277.79,4341.62,4272.76,4328.51,5619.38301064,2647
1755849600,4327.86,4350.0,4275.0,4275.01,5752.29792417,2803
1755864000,4275.01,4669.96,4207.02,4615.37,48800.9196270598,19570
1755878400,4615.92,4854.67,4615.38,4833.12,32999.3522434096,18050
1755892800,4832.17,4889.93,4791.73,4830.0,24017.3774620099,9847
1755907200,4830.01,4830.53,4659.21,4692.39,15591.3520996601,6899
1755921600,4692.39,4760.4,4691.16,4710.16,7244.1065174301,3726
1755936000,4711.79,4741.85,4691.5,4699.59,2592.86765372,2090
1755950400,4699.6,4765.34,4690.4,4749.13,5020.33563621,3383
1755964800,4749.13,4759.76,4727.86,4757.49,3298.38732448,2633
1755979200,4757.49,4795.95,4736.12,4776.69,3336.91584149,2907
1755993600,4776.67,4817.4,4752.96,4788.01,4931.0123445,3580
1756008000,4788.01,4798.24,4757.66,4760.0,1520.65163039,1702
1756022400,4760.01,4783.04,4721.55,4748.38,1937.54190171,2208
1756036800,4748.38,4826.93,4738.52,4796.62,3208.40788604,3413
1756051200,4796.63,4956.01,4747.0,4809.14,33562.7129754899,17910
1756065600,4809.14,4822.44,4710.0,4779.18,11625.7581976801,6938
1756080000,4779.81,4796.28,4671.8,4725.17,5345.05298925,4244
1756094400,4726.75,4737.29,4582.0,4590.49,9212.7146240001,5889
1756108800,4590.49,4612.79,4518.81,4598.8,10633.14561403,5150
1756123200,4599.2,4682.61,4587.38,4613.17,8482.22884698,5886
1756137600,4613.17,4644.13,4413.49,4418.6,19017.9143483099,8936
1756152000,4418.79,4444.0,4335.28,4377.69,16452.8021859401,9802
1756166400,4377.59,4451.69,4310.0,4401.62,10011.24627611,5837
1756180800,4401.62,4455.08,4395.21,4430.0,4190.81502131,3051
1756195200,4429.0,4462.66,4400.07,4426.92,4068.16506315,2883
1756209600,4427.13,4577.33,4406.72,4522.24,13578.3844350701,8468
1756224000,4519.26,4598.25,4500.97,4595.89,7234.03304103,5357
1756238400,4596.55,4633.0,4564.31,4600.83,9457.67007287,5465
1756252800,4601.11,4623.82,4540.0,4604.15,4161.72643862,3595
1756267200,4603.14,4644.09,4562.92,4577.4,8789.0260697,3574
1756281600,4578.0,4618.79,4556.71,4610.0,5527.83366175,3321
1756296000,4610.01,4661.12,4576.55,4658.51,9178.1154305701,5783
1756310400,4658.52,4658.53,4534.37,4566.52,5970.28420645,4702
1756324800,4566.52,4610.54,4480.15,4506.04,8910.96170754,6052
1756339200,4506.12,4547.94,4466.08,4542.0,2364.06431065,3057
1756353600,4542.0,4584.98,4535.54,4584.21,3897.69559451,2074
1756368000,4583.74,4629.55,4582.14,4593.78,3650.67315155,1945
1756382400,4593.78,4615.61,4484.67,4504.72,6221.99390449,4621
1756396800,4504.61,4529.35,4435.09,4438.43,9971.15724908,4680
1756411200,4438.69,4515.85,4430.0,4512.18,5088.10435012,2921
1756425600,4512.13,4513.98,4435.75,4491.57,5426.51724194,3337
1756440000,4490.1,4497.7,4368.87,4381.24,5308.01544896,3457
1756454400,4381.65,4398.35,4319.52,4346.95,11575.9901809801,4375
1756468800,4346.95,4453.95,4265.0,4317.7,12655.8574379601,7913
1756483200,4316.77,4367.19,4299.0,4341.03,4899.73401671,3944
1756497600,4341.55,4379.98,4306.51,4359.78,2453.3134039,2849
1756512000,4360.76,4383.09,4261.15,4352.65,5314.83943838,3206
1756526400,4352.52,4413.53,4347.94,4402.4,2746.95553948,1945
1756540800,4402.18,4406.8,4378.46,4391.47,1270.01674278,1440
1756555200,4391.86,4392.25,4333.61,4375.84,3080.86687811,2495
1756569600,4376.24,4376.24,4338.34,4354.94,1043.06652339,1823
1756584000,4354.95,4377.79,4338.0,4374.39,740.78960987,1580
1756598400,4374.39,4486.57,4374.38,4486.56,7456.93002864,3524
1756612800,4486.57,4488.02,4434.99,4451.32,3088.7210358,1738
1756627200,4451.18,4481.65,4441.55,4477.89,3985.05200373,1716
1756641600,4477.23,4497.84,4451.35,4485.15,1990.29979722,2144
1756656000,4484.86,4490.0,4455.0,4455.61,3207.08022462,2275
1756670400,4455.61,4476.36,4380.68,4391.93,5235.87993306,2855
1756684800,4392.91,4430.23,4363.06,4405.99,3715.47061039,3342
1756699200,4406.0,4461.0,4361.21,4460.99,5480.49830446,2649
1756713600,4461.0,4491.18,4382.82,4391.99,4234.08132507,2694
1756728000,4392.97,4421.22,4349.0,4360.99,4247.5977898,3486
1756742400,4361.93,4370.01,4311.17,4367.97,3368.67734077,3407
1756756800,4368.12,4368.12,4213.21,4314.38,9736.7481590701,6033
1756771200,4314.55,4392.39,4292.94,4367.19,2709.48392239,2641
1756785600,4366.9,4416.48,4363.31,4375.2,2566.79973282,2107
1756800000,4375.2,4405.0,4342.21,4347.71,2021.14883038,1638
1756814400,4347.71,4395.07,4271.87,4291.85,13955.88666051,6202
1756828800,4293.77,4330.61,4258.4,4274.26,10036.77986779,4106
1756843200,4274.23,4333.8,4266.79,4325.58,4117.71315837,2840
1756857600,4326.88,4355.0,4285.92,4334.0,4599.26051973,3136
1756872000,4334.0,4342.0,4291.2,4311.06,5325.22098722,2115
1756886400,4311.06,4383.0,4304.7,4371.39,7925.55369845,2926
1756900800,4372.27,4486.14,4343.06,4481.34,11071.0110950101,5775
1756915200,4481.35,4488.63,4456.5,4476.34,11137.67719204,4054
1756929600,4477.22,4483.93,4436.95,4450.0,4009.58545425,2667
1756944000,4450.0,4480.0,4395.0,4399.68,2691.58775713,2718
1756958400,4400.38,4412.6,4358.49,4375.61,3613.43713855,2271
1756972800,4375.11,4434.63,4368.74,4408.84,2727.29481732,2245
1756987200,4408.84,4429.03,4294.11,4306.1,7792.32689778,4373
1757001600,4306.01,4322.62,4269.0,4276.03,4560.87217045,3853
1757016000,4275.98,4353.35,4275.89,4299.15,5049.18751353,2783
1757030400,4299.15,4333.47,4292.49,4329.4,1941.42329307,1843
1757044800,4329.4,4428.99,4317.13,4418.34,4245.32821522,3037
1757059200,4417.68,4425.66,4374.92,4417.91,4207.14410359,2502
1757073600,4417.91,4491.84,4256.47,4279.99,23191.2391701898,10408
1757088000,4280.0,4331.98,4273.28,4330.01,4775.74439182,3206
1757102400,4330.02,4342.79,4288.32,4307.02,3968.6336641,2369
1757116800,4307.69,4328.95,4303.48,4319.83,1010.85293391,1410
1757131200,4320.65,4320.65,4292.0,4312.37,959.77638011,1051
1757145600,4312.59,4315.07,4288.41,4298.22,1127.53550044,1149
1757160000,4298.22,4309.15,4264.85,4271.19,1802.76062701,1951
1757174400,4270.9,4303.27,4233.14,4254.9,4693.93797164,3193
1757188800,4254.91,4286.59,4253.86,4274.96,1244.17743027,1594
1757203200,4274.96,4303.4,4272.02,4297.9,2149.48197696,1629
1757217600,4297.91,4305.07,4281.35,4293.01,1844.86729173,1207
1757232000,4294.91,4313.16,4292.75,4309.21,1457.41069703,1491
1757246400,4309.97,4309.97,4290.7,4297.88,1056.56709096,1525
1757260800,4298.16,4300.66,4270.02,4292.21,1497.38745072,1757
1757275200,4292.22,4335.74,4281.47,4305.19,1707.0287702,2490
1757289600,4305.19,4329.41,4280.0,4310.98,631.63271439,1982
1757304000,4311.34,4313.0,4289.1,4289.99,3042.09297982,1909
1757318400,4290.0,4336.89,4288.89,4312.04,5258.02049659,2731
1757332800,4311.7,4383.22,4306.23,4371.57,7650.86534818,5154
1757347200,4371.59,4372.3,4285.0,4288.01,4698.75878539,3684
1757361600,4291.26,4328.75,4282.12,4307.5,1289.33429699,2162
1757376000,4306.85,4314.31,4279.01,4307.99,1446.74973578,2005
1757390400,4308.0,4387.48,4303.82,4361.07,5436.7319596,3100
1757404800,4361.08,4366.06,4345.0,4349.71,2340.0514410399,4784
1757419200,4349.72,4366.23,4277.11,4286.06,4379.65008691,6465
1757433600,4286.06,4298.79,4268.83,4295.86,3157.66978117,2471
1757448000,4295.87,4316.83,4283.0,4308.23,1539.19274093,2087
1757462400,4308.23,4325.6,4286.62,4318.35,971.887142,1936
1757476800,4318.36,4331.12,4294.54,4327.75,1668.17725807,1862
1757491200,4327.75,4332.77,4309.72,4328.99,1546.44456414,1717
1757505600,4329.0,4450.0,4328.99,4406.0,17238.88197169,8163
1757520000,4406.0,4407.16,4300.0,4324.38,15555.41433684,5300
1757534400,4324.38,4356.2,4324.37,4349.81,1623.01456253,2012
1757548800,4350.27,4407.39,4341.39,4406.34,5078.86908893,2683
1757563200,4406.34,4446.25,4396.76,4441.02,8090.8489954,3361
1757577600,4441.31,4441.31,4407.39,4431.99,7361.09766234,2576
1757592000,4431.99,4479.62,4357.98,4415.04,12657.9468132201,6999
1757606400,4415.04,4440.0,4409.05,4425.91,2028.06102774,2341
1757620800,4425.91,4470.25,4417.6,4462.85,3139.46414516,2821
1757635200,4462.85,4536.34,4453.59,4506.0,6456.26936777,4779
1757649600,4506.0,4562.47,4504.58,4526.39,5084.66973926,3293
1757664000,4526.4,4536.77,4508.0,4519.48,3922.6760433,2500
1757678400,4519.49,4570.4,4506.32,4545.11,9257.35738762,4801
1757692800,4545.11,4664.41,4535.05,4662.91,11508.0420020401,6942
1757707200,4662.77,4750.0,4631.98,4716.93,8615.9483570101,6497
1757721600,4716.93,4765.45,4695.46,4758.58,2350.82911216,3376
1757736000,4758.59,4758.59,4706.03,4713.55,3121.42366442,2861
1757750400,4714.65,4741.24,4711.35,4723.11,4842.73320134,2747
1757764800,4723.11,4732.3,4644.54,4654.89,5079.78119871,4421
1757779200,4654.89,4668.22,4610.0,4643.04,4085.27337198,3940
1757793600,4643.04,4674.68,4643.03,4666.17,1956.03803996,2155
1757808000,4666.17,4692.31,4655.28,4664.37,1735.44071635,2223
1757822400,4664.7,4684.75,4637.22,4653.67,2696.87373884,1749
1757836800,4653.68,4675.0,4630.44,4635.8,923.41864553,1506
1757851200,4635.8,4646.0,4581.0,4582.09,8312.08187999,4254
1757865600,4582.09,4630.31,4582.08,4616.95,4390.65990813,2712
1757880000,4617.06,4635.0,4600.3,4608.76,1012.32247203,1886
1757894400,4608.77,4643.89,4582.64,4640.23,1312.4073061,2142
1757908800,4640.24,4670.13,4590.95,4599.09,3935.23463168,2606
1757923200,4599.1,4599.1,4501.32,4534.73,3952.3974317,3926
1757937600,4534.73,4543.16,4467.79,4503.22,4038.11050644,4045
1757952000,4503.22,4512.95,4475.58,4493.17,4989.42168123,3179
1757966400,4493.15,4528.38,4490.53,4527.02,2276.77481282,2227
1757980800,4527.03,4536.9,4506.94,4524.61,2544.42093247,1801
1757995200,4524.61,4536.09,4490.36,4512.98,1773.92456937,1849
1758009600,4513.01,4531.78,4495.0,4501.86,1099.79337548,1493
1758024000,4502.03,4511.33,4416.7,4467.72,11468.07086463,5601
1758038400,4467.72,4510.97,4450.01,4495.0,5182.15250337,3439
1758052800,4495.01,4525.0,4488.0,4504.6,5142.35249709,2839
1758067200,4504.6,4552.11,4498.0,4500.01,4968.8739585,2944
1758081600,4500.02,4555.0,4469.02,4546.28,3934.80811003,2501
1758096000,4546.29,4546.29,4481.31,4493.16,1445.41163932,1997
1758110400,4493.17,4513.38,4468.12,4491.37,1315.58756514,2807
1758124800,4491.36,4534.91,4429.17,4519.06,17622.4936980301,8587
1758139200,4519.83,4641.8,4489.12,4592.34,13234.8929854601,5152
1758153600,4592.21,4644.29,4581.71,4616.43,1819.59577197,2690
1758168000,4616.43,4620.99,4555.45,4576.73,3131.46733972,2315
1758182400,4576.1,4606.05,4570.21,4574.0,1437.61828322,1982
1758196800,4574.0,4626.52,4560.0,4601.38,4240.29072225,3992
1758211200,4601.39,4637.53,4582.52,4591.53,5566.25749579,4427
1758225600,4591.53,4608.2,4571.95,4589.52,5230.64250014,4621
1758240000,4589.52,4620.0,4548.0,4550.23,3454.84786027,2692
1758254400,4550.24,4560.09,4519.47,4541.63,933.58119502,2025
1758268800,4541.63,4549.85,4509.23,4518.12,1361.64157613,1810
1758283200,4518.13,4544.24,4450.0,4476.19,5251.45897129,3996
1758297600,4477.18,4490.0,4441.03,4442.88,2108.47717239,3298
1758312000,4442.76,4479.66,4441.96,4471.11,1462.04450884,2309
1758326400,4471.12,4478.07,4460.0,4467.96,411.18889785,1338
1758340800,4467.74,4484.05,4465.4,4484.05,441.89868071,1147
1758355200,4484.04,4484.04,4460.0,4472.87,639.99270647,960
1758369600,4472.87,4508.31,4465.16,4499.6,634.93896161,1677
1758384000,4499.61,4508.31,4475.0,4480.0,2344.73142978,1845
1758398400,4480.01,4502.41,4480.0,4481.59,4315.53441797,1849
1758412800,4481.59,4492.01,4461.25,4479.16,1605.5059042,1536
1758427200,4479.16,4493.3,4470.08,4480.52,1196.32285781,1306
1758441600,4480.52,4481.57,4444.59,4462.86,663.91235706,1183
1758456000,4462.86,4492.83,4462.64,4486.17,5558.70864601,2149
1758470400,4486.17,4500.58,4468.03,4496.99,6046.54940703,2348
1758484800,4496.99,4496.99,4447.0,4447.0,1151.61469496,1763
1758499200,4447.01,4456.92,4264.55,4306.0,15197.23727754,8259
1758513600,4306.0,4312.68,4000.0,4195.97,16580.53560765,11198
1758528000,4195.53,4210.3,4140.0,4184.47,6144.23325786,3983
1758542400,4184.8,4221.65,4164.52,4170.46,4755.3937051,4300
1758556800,4170.46,4186.59,4128.47,4137.3,14370.7778176001,5130
1758571200,4138.07,4210.76,4138.06,4203.07,4137.37941116,3812
1758585600,4203.07,4212.94,4117.81,4191.18,2332.47850664,3285
1758600000,4191.02,4216.06,4150.0,4207.73,6200.65753814,2905
1758614400,4207.74,4234.65,4180.47,4195.12,3005.40324504,2435
1758628800,4195.12,4211.34,4164.27,4184.01,4623.84705197,3065
1758643200,4184.01,4206.99,4141.0,4153.16,6299.73777215,3709
1758657600,4153.89,4190.0,4141.49,4165.01,3637.32655299,2175
1758672000,4165.01,4193.62,4131.06,4149.11,4529.45082926,2374
1758686400,4149.12,4184.42,4075.0,4175.0,10343.3404678,4114
1758700800,4175.0,4275.48,4168.01,4183.21,6867.19989916,2698
1758715200,4183.21,4207.0,4149.96,4167.0,6816.48001561,3015
1758729600,4168.07,4195.51,4156.69,4165.6,1316.15443049,2337
1758744000,4165.25,4172.97,4133.98,4154.62,7039.14434131,2615
1758758400,4154.42,4161.74,4024.39,4064.0,5183.61729662,4279
1758772800,4064.0,4069.49,3970.0,4008.01,9164.35995479,5244
1758787200,4008.01,4052.53,3990.41,4003.0,4467.0245623,2754
1758801600,4003.0,4022.81,3926.39,4004.23,7455.55836229,6300
1758816000,4004.41,4007.65,3825.2,3912.72,23922.4509726899,10257
1758830400,3912.55,3938.52,3854.61,3872.63,6547.38276042,3663
1758844800,3872.63,3971.12,3871.69,3967.0,2479.75801632,2941
1758859200,3967.0,3975.07,3911.53,3941.43,5586.59053496,2596
1758873600,3941.28,3946.01,3876.0,3909.12,3735.29020182,2203
1758888000,3909.12,3985.0,3876.97,3947.63,7919.87188753,4761
1758902400,3947.63,4070.64,3947.21,4029.49,14982.87216118,6346
1758916800,4029.49,4040.25,4008.0,4035.39,1753.59607594,2171
1758931200,4035.39,4035.39,4010.0,4021.18,443.4174121,1496
1758945600,4021.18,4027.89,4008.01,4009.2,375.19083362,1187
1758960000,4009.21,4019.4,3974.04,4001.8,937.90709173,1506
1758974400,4001.81,4040.4,3997.91,4021.99,929.60470433,1660
1758988800,4020.98,4020.98,3981.63,4002.2,2360.66628986,1694
1759003200,4002.21,4033.99,4002.14,4019.11,1598.40369959,1443
1759017600,4019.64,4031.64,3997.85,4004.73,387.04649666,1222
1759032000,4004.73,4018.68,3997.83,4014.28,1294.54224781,1336
1759046400,4014.29,4014.5,3984.95,3993.27,1129.68626241,1281
1759060800,3993.27,4026.5,3965.78,4022.55,5248.12201891,1981
1759075200,4022.55,4060.0,4022.54,4039.99,6710.25477767,2363
1759089600,4039.99,4150.26,4038.21,4145.33,10770.66221599,4049
1759104000,4145.33,4146.43,4103.61,4121.75,4164.65636804,2220
1759118400,4122.0,4123.54,4091.48,4109.36,1542.63814116,1649
1759132800,4109.59,4138.12,4095.8,4104.64,3664.26793902,2191
1759147200,4104.64,4207.88,4084.97,4167.7,7627.77171032,5246
1759161600,4167.7,4194.99,4131.41,4190.25,2739.71919688,3117
1759176000,4190.25,4237.67,4185.72,4218.01,2017.69001346,3038
1759190400,4218.01,4246.0,4191.95,4202.12,5624.3800224,2818
1759204800,4202.12,4206.76,4173.39,4184.0,3432.05145384,1870
1759219200,4184.0,4184.0,4137.77,4169.96,5555.80563208,2604
1759233600,4167.85,4176.91,4098.94,4120.61,2260.24656642,3366
1759248000,4120.61,4166.53,4093.11,4161.28,12717.22333429,3845
1759262400,4160.69,4199.3,4120.62,4146.97,5468.83353649,3041
1759276800,4146.98,4174.35,4125.99,4131.61,925.25360704,1672
1759291200,4130.02,4155.84,4124.4,4147.95,624.63907197,1467
1759305600,4147.95,4325.62,4145.45,4298.21,10324.78796404,5923
1759320000,4298.21,4346.03,4280.65,4329.76,10870.09127413,4983
1759334400,4329.77,4342.47,4293.01,4334.13,4121.60528767,3784
1759348800,4334.14,4359.72,4293.04,4350.03,2206.93474137,2793
1759363200,4349.96,4401.81,4336.56,4378.89,5895.06594345,3798
1759377600,4378.9,4422.94,4363.08,4377.73,3974.50890908,2695
1759392000,4377.83,4398.35,4373.73,4383.88,1538.739025,2007
1759406400,4382.57,4442.0,4336.22,4439.39,6077.82785513,5314
1759420800,4439.39,4530.85,4430.0,4499.39,11157.11413822,6529
1759435200,4498.66,4499.04,4461.98,4487.47,4133.64268961,3086
1759449600,4487.48,4561.82,4466.99,4503.62,4449.3828722,3701
1759464000,4503.62,4511.31,4457.38,4465.77,2261.04798244,2321
1759478400,4465.75,4497.09,4430.88,4483.05,3873.10880155,2224
1759492800,4483.05,4545.44,4440.36,4538.77,7972.56674482,4696
1759507200,4538.75,4593.82,4454.25,4522.06,11080.244586,7048
1759521600,4522.65,4546.4,4496.99,4514.89,5681.60256025,2931
1759536000,4514.89,4519.68,4467.87,4491.07,3365.2839833,2441
1759550400,4491.07,4520.0,4483.24,4502.26,3750.40801988,1880
1759564800,4502.26,4505.96,4483.35,4486.83,2728.05938521,1495
1759579200,4486.83,4514.16,4445.55,4457.86,1093.45976574,2416
1759593600,4457.86,4479.4,4442.55,4468.94,1442.44577848,2102
1759608000,4469.38,4494.52,4469.37,4489.0,1712.1143494,2023
1759622400,4489.0,4572.58,4472.49,4530.37,5880.94654916,3316
1759636800,4530.37,4611.84,4530.37,4604.81,5644.69653375,3746
1759651200,4604.99,4616.47,4524.83,4552.28,2921.36985454,3303
1759665600,4552.28,4552.28,4527.48,4534.87,994.42607535,2013
1759680000,4534.87,4541.62,4486.4,4487.07,3207.81248647,2975
1759694400,4487.08,4521.76,4472.64,4516.68,3920.56066413,2802
1759708800,4516.68,4550.45,4491.44,4539.64,2776.93226654,2424
1759723200,4539.38,4578.74,4511.35,4533.81,1739.9482369300001,2039
1759737600,4534.36,4593.89,4534.36,4573.66,2469.02970843,2307
1759752000,4573.66,4759.01,4573.66,4675.1,23191.63601095,10049
1759766400,4675.1,4732.0,4662.25,4726.21,7408.20342714,6026
1759780800,4726.22,4736.52,4674.72,4688.96,7356.84130069,4517
1759795200,4687.59,4699.0,4666.73,4692.94,1171.45994098,2457
1759809600,4692.94,4730.23,4668.0,4678.61,2947.50247221,2963
1759824000,4678.62,4713.2,4636.6,4712.01,2757.71432185,2930
1759838400,4712.01,4757.08,4481.41,4514.99,20484.71209402,10857
1759852800,4514.99,4523.19,4451.99,4480.53,12842.92631441,7097
1759867200,4480.53,4519.0,4435.01,4450.01,2828.59157441,3677
1759881600,4450.01,4501.8,4437.05,4443.81,3205.8237316,3553
1759896000,4444.99,4466.12,4414.17,4464.57,1804.42192695,2978
1759910400,4464.35,4507.7,4461.33,4487.91,2887.11258639,3097
1759924800,4487.91,4525.0,4441.01,4448.47,5570.28653636,4750
1759939200,4448.64,4558.2,4442.5,4517.81,3121.9733389,5815
1759953600,4517.82,4538.3,4500.98,4526.57,1990.49088822,3236
1759968000,4526.58,4528.47,4405.01,4452.14,2529.31835727,4315
1759982400,4452.15,4458.61,4411.17,4426.35,1701.88454037,2609
1759996800,4426.34,4426.35,4319.46,4376.66,11753.43714446,6139
1760011200,4376.66,4414.04,4295.0,4317.39,6878.98514236,6700
1760025600,4317.4,4345.0,4269.2,4340.82,8482.13385354,6244
1760040000,4340.49,4385.59,4331.71,4370.28,4583.43172405,3184
1760054400,4370.28,4395.0,4346.04,4351.37,1918.06053986,2408
1760068800,4351.38,4377.12,4316.4,4321.61,3105.71701915,2723
1760083200,4321.61,4351.07,4313.93,4345.35,2803.3353149,2275
1760097600,4345.33,4391.55,4070.0,4102.27,21650.15487052,11797
1760112000,4102.28,4153.07,3953.0,3997.87,28410.79901972,13896
1760126400,3997.88,4049.0,3423.26,3837.22,74113.69958405,63058
1760140800,3837.11,3883.3,3735.0,3797.81,5990.01427164,8965
1760155200,3797.82,3836.15,3740.0,3761.32,4872.05537084,5112
1760169600,3761.32,3861.82,3754.11,3842.69,5664.245255,4666
1760184000,3843.21,3858.77,3790.21,3828.74,4874.04083503,4726
1760198400,3828.74,3848.34,3736.21,3763.65,6571.3764861,5709
1760212800,3763.94,3768.68,3650.0,3749.47,4599.88320851,7437
1760227200,3750.02,3819.0,3700.0,3785.02,4674.96341505,5246
1760241600,3785.02,3844.99,3781.64,3829.99,2674.86305214,3320
1760256000,3830.0,3867.08,3808.37,3820.5,1662.78855216,2463
1760270400,3820.5,4080.0,3800.0,4037.99,15301.06264733,9797
1760284800,4037.26,4169.33,4037.16,4139.11,23042.23437915,9613
1760299200,4139.12,4200.0,4084.46,4156.74,16808.95721735,7210
1760313600,4156.74,4222.0,4129.29,4141.99,2692.90827792,4519
1760328000,4141.99,4198.0,4120.52,4180.06,3810.62876148,4571
1760342400,4180.06,4195.0,4042.17,4085.0,6877.8160633200005,4858
1760356800,4085.01,4180.2,4061.61,4138.98,5177.94206411,5948
1760371200,4138.7,4274.96,4134.98,4255.01,8697.12377131,5843
1760385600,4255.01,4293.6,4240.0,4244.36,7889.18709463,4376
1760400000,4244.36,4264.58,4141.61,4156.64,3591.20231986,4275
1760414400,4156.64,4163.86,3970.02,3979.99,10035.41570941,7965
1760428800,3980.98,4016.77,3890.78,3974.76,12140.06870515,6881
1760443200,3974.76,4090.93,3897.27,4089.71,8211.21206094,7923
1760457600,4088.3,4168.1,4049.99,4104.34,19633.82163454,8285
1760472000,4105.32,4143.26,4076.21,4125.99,5864.44441655,3161
1760486400,4125.99,4144.33,4064.13,4084.47,1020.96866451,3008
1760500800,4084.48,4125.99,4071.64,4125.89,1785.45038818,2640
1760515200,4125.89,4216.33,4092.13,4101.71,2378.22583191,3705
1760529600,4101.72,4108.85,3963.0,3984.07,8027.82530171,6730
1760544000,3983.9,4015.1,3934.01,3984.24,5425.41438907,5208
1760558400,3984.24,3997.07,3932.0,3987.78,3417.67084154,3414
1760572800,3987.78,4037.58,3978.46,4015.43,1991.74023896,2938
1760587200,4016.69,4049.57,3982.8,4006.73,2136.60935997,2253
1760601600,4005.03,4080.0,3945.0,4063.42,1903.73753588,3093
1760616000,4062.92,4087.62,3895.08,3908.82,11248.64186593,6453
1760630400,3908.41,3968.38,3854.03,3870.53,9985.20548314,8446
1760644800,3870.75,3897.1,3828.0,3895.24,3026.78853632,4379
1760659200,3895.24,3949.0,3889.98,3934.28,2302.03561545,2897
1760673600,3934.66,3936.07,3752.28,3755.44,5445.69059368,5776
1760688000,3755.44,3818.0,3677.0,3778.03,11050.37609709,10026
1760702400,3778.04,3809.24,3713.01,3800.01,5319.88562956,7849
1760716800,3800.01,3850.0,3780.84,3828.01,4798.26853842,4989
1760731200,3828.61,3882.78,3819.84,3833.11,1782.05919736,3642
1760745600,3833.11,3882.16,3821.43,3872.1,1078.19998416,2455
1760760000,3871.93,3929.2,3842.61,3891.94,1499.70975986,1987
1760774400,3893.82,3906.6,3864.77,3881.01,1079.92266882,1643
1760788800,3881.01,3894.87,3853.69,3879.3,642.20618064,2012
1760803200,3879.25,3899.16,3855.75,3893.96,2544.33288806,1861
1760817600,3894.59,3909.63,3871.75,3889.37,1118.27704724,1487
1760832000,3889.37,3906.74,3856.03,3906.47,1539.58477461,1931
1760846400,3906.47,3919.47,3877.47,3888.65,813.76476409,1526
1760860800,3888.75,3954.93,3826.4,3925.86,4051.68089964,3544
1760875200,3925.62,4000.0,3912.61,3980.51,2984.78625478,3049
1760889600,3980.52,4026.96,3961.47,3988.01,7276.75433333,4990
1760904000,3988.01,4028.63,3974.0,3984.67,2797.08049549,2896
1760918400,3984.47,4038.06,3909.93,4029.47,3567.83721792,3487
1760932800,4027.56,4085.3,4025.29,4056.77,3572.81151202,3175
1760947200,4056.77,4071.1,4013.64,4036.88,2207.8014559,2346
1760961600,4036.88,4049.0,4004.22,4005.95,2892.12307538,3090
1760976000,4005.95,4005.95,3923.67,3981.36,5704.39409043,4527
1760990400,3981.35,4003.93,3972.25,3981.32,1239.13860556,5389
1761004800,3981.32,3984.96,3921.94,3925.77,983.95104595,2240
1761019200,3925.78,3925.78,3842.0,3896.0,3561.10169649,4124
1761033600,3896.0,3896.0,3855.0,3893.22,1561.73710555,2012
1761048000,3893.22,4084.64,3856.55,4082.64,8740.25650762,6871
1761062400,4082.71,4110.0,3969.0,3997.25,9594.32138545,6175
1761076800,3997.81,4002.26,3859.99,3874.68,2937.54697183,4092
1761091200,3874.69,3891.38,3822.14,3860.74,3625.7998778300002,3743
1761105600,3861.41,3883.1,3840.42,3872.01,2035.08257434,2211
1761120000,3872.01,3872.01,3768.75,3830.6,2172.05240889,3422
1761134400,3830.6,3876.14,3776.79,3843.84,5682.80471089,4591
1761148800,3843.85,3859.3,3784.83,3805.33,3419.49425232,3733
1761163200,3803.81,3814.83,3708.51,3805.71,6716.07516511,5385
1761177600,3805.71,3835.48,3797.77,3827.32,1570.83382827,1860
1761192000,3827.32,3895.61,3823.72,3882.33,2328.62356935,2242
1761206400,3882.33,3904.41,3862.5,3864.85,1076.63438852,1899
1761220800,3864.85,3886.23,3811.39,3877.21,2910.69988341,3556
1761235200,3878.0,3933.0,3848.45,3862.43,3094.23835478,3644
1761249600,3862.43,3862.44,3823.15,3858.33,1349.04181277,2372
1761264000,3858.34,3896.19,3850.0,3893.11,1176.7792104,1981
1761278400,3893.11,3988.03,3888.8,3949.99,4195.92053242,3439
1761292800,3950.0,3970.02,3929.62,3946.65,1535.40355654,2004
1761307200,3947.02,4021.75,3875.0,3889.34,5738.83250103,5600
1761321600,3889.68,3938.42,3867.52,3931.31,1395.28401116,2924
1761336000,3927.6,3945.0,3925.44,3935.68,1553.5705756,2111
1761350400,3935.68,3938.48,3914.34,3922.17,432.52915276,1578
1761364800,3922.17,3960.64,3921.99,3929.06,830.94008483,1359
1761379200,3929.06,3956.64,3928.45,3941.08,1462.59843065,1325
1761393600,3941.08,3955.0,3925.58,3933.23,918.62451206,1856
1761408000,3933.23,3968.91,3931.0,3957.87,512.29794818,2455
1761422400,3957.86,3965.54,3938.06,3954.29,2241.62001528,1866
1761436800,3954.29,3961.85,3916.74,3932.14,2029.84205795,1806
1761451200,3932.13,3956.17,3929.88,3952.91,1141.57757656,1062
1761465600,3952.91,4053.32,3950.98,4044.99,1852.78221161,3199
1761480000,4044.74,4097.02,4043.1,4074.95,3807.1796869,4270
1761494400,4074.95,4080.62,4047.26,4066.99,3132.4440572,2637
1761508800,4067.0,4177.73,4055.98,4158.73,9161.96164572,6358
1761523200,4158.83,4225.3,4149.63,4205.35,3295.71866349,4499
1761537600,4205.36,4252.57,4195.21,4200.01,2973.03356933,3970
1761552000,4200.01,4200.01,4135.0,4160.98,4436.92156484,3726
1761566400,4160.98,4187.17,4122.6,4172.86,1783.80585457,3630
1761580800,4172.86,4234.03,4172.86,4190.9,4560.70756017,4705
1761595200,4192.26,4194.89,4095.47,4118.66,7418.25623014,4325
1761609600,4118.66,4141.32,4071.98,4095.49,2169.9323226,3195
1761624000,4095.5,4126.34,4068.28,4117.73,1234.32848551,2180
1761638400,4116.75,4134.59,4105.47,4112.22,1218.54765913,1627
1761652800,4112.23,4174.82,4074.36,4097.78,3899.35398768,4651
1761667200,4096.85,4148.6,4029.79,4039.96,10797.08922362,5285
1761681600,4040.37,4044.54,3926.42,3980.25,11641.69640622,6953
1761696000,3980.15,4008.21,3965.49,3999.3,900.02176047,2319
1761710400,3999.31,4035.79,3999.3,4025.35,7138.6893019,2288
1761724800,4025.35,4026.31,3985.06,4013.73,4950.54710086,2312
1761739200,4013.73,4028.65,3942.31,3951.71,3991.23908272,3646
1761753600,3951.71,4018.97,3840.0,3904.5,12938.57431805,9279
1761768000,3904.5,3964.29,3877.12,3902.54,2760.17589374,3865
1761782400,3902.54,3948.66,3886.61,3935.97,1244.85530104,2615
1761796800,3934.85,3943.02,3841.0,3940.01,4471.54376252,4742
1761811200,3939.98,3939.99,3880.01,3882.84,4097.19871955,3132
1761825600,3881.17,3884.49,3761.19,3773.9,14707.40051543,9224
1761840000,3773.9,3801.09,3679.02,3690.35,7412.78198109,7479
1761854400,3687.0,3805.6,3678.76,3802.67,2959.97714035,4007
1761868800,3803.69,3857.4,3796.49,3828.07,2557.94800557,3665
1761883200,3828.08,3870.92,3822.12,3823.76,3931.27538217,3075
1761897600,3828.0,3878.07,3817.46,3873.97,1900.30087997,2478
1761912000,3872.54,3884.29,3828.51,3861.56,2216.37144537,4112
1761926400,3861.57,3900.0,3804.29,3886.0,4087.84257916,5075
1761940800,3885.14,3889.52,3840.0,3846.73,1117.74794056,2114
1761955200,3846.73,3860.94,3830.69,3859.73,953.17662118,1650
1761969600,3859.74,3866.62,3850.53,3858.56,990.8918267,1409
1761984000,3858.57,3879.06,3858.57,3875.03,1437.87413081,1552
1761998400,3875.03,3878.69,3835.37,3870.09,1817.9245628200001,1549
1762027200,3872.09,3881.41,3863.27,3872.37,861.77936931,1380
1762041600,3872.37,3882.78,3861.09,3879.22,331.38371115,1383
1762056000,3879.22,3916.6,3875.61,3906.75,657.18598301,1456
1762070400,3906.75,3906.98,3853.63,3890.0,1087.71727959,1386
1762084800,3890.0,3890.0,3837.92,3853.0,1369.85018681,1869
1762099200,3853.0,3865.6,3840.95,3855.0,638.53819849,1673
1762113600,3855.36,3912.6,3844.99,3907.44,2089.17197972,1849
1762128000,3906.81,3913.33,3730.0,3736.01,3979.62762707,4294
1762142400,3736.21,3762.82,3685.0,3713.76,4372.18648444,4682
1762156800,3712.72,3739.22,3664.98,3709.99,4139.56770003,4646
1762171200,3710.92,3745.99,3582.66,3590.01,8037.27817137,8925
1762185600,3590.01,3679.39,3561.22,3629.52,7648.55451067,7597
1762200000,3630.22,3634.21,3558.19,3601.99,12280.85984622,7167
1762214400,3601.99,3649.9,3566.58,3642.17,11936.36624712,9271
1762228800,3642.01,3645.62,3470.93,3492.06,10560.50114203,8656
1762243200,3492.06,3531.1,3460.0,3529.21,3147.82060979,4033
1762257600,3529.21,3584.92,3472.0,3504.65,5001.01967992,5890
1762272000,3505.73,3516.26,3224.14,3229.0,19976.0626707,17021
1762286400,3228.82,3303.12,3058.27,3288.88,24021.51137773,16421
1762300800,3286.58,3346.0,3168.13,3331.91,7918.6616432,6628
1762315200,3331.91,3353.42,3306.22,3333.34,5716.58140419,3393
1762329600,3331.2,3331.2,3273.65,3321.28,1693.12906626,2956
1762344000,3321.29,3398.0,3311.8,3397.63,5656.34452633,5324
1762358400,3397.65,3477.0,3371.01,3456.78,13407.3131318,6533
1762372800,3456.29,3480.0,3409.53,3424.01,4793.06003787,4545
1762387200,3424.01,3449.79,3377.0,3432.27,1462.24538452,2807
1762401600,3432.3,3454.94,3364.82,3379.85,2680.14713988,2298
1762416000,3379.12,3413.76,3366.52,3398.96,990.40355174,2034
1762430400,3398.95,3402.4,3276.38,3299.04,5620.33173128,5260
1762444800,3298.01,3350.94,3243.78,3323.5,12676.08495378,5953
1762459200,3323.5,3335.6,3287.22,3313.54,2980.74272461,3605
1762473600,3313.53,3363.63,3275.0,3345.39,6769.80624225,3088
1762488000,3345.4,3366.6,3318.27,3356.29,4464.34291123,2083
1762502400,3356.24,3358.85,3223.16,3260.2,7316.05906418,3555
1762516800,3259.73,3313.33,3178.39,3295.06,41971.12741979,28547
1762531200,3294.83,3447.69,3273.01,3441.93,11268.63864202,7859
1762545600,3441.7,3488.32,3430.81,3433.9,24861.67330668,13468
1762560000,3434.51,3463.71,3408.8,3452.4,3583.16599844,3208
1762574400,3452.15,3485.22,3418.07,3445.93,1196.56360032,1713
1762588800,3446.08,3467.07,3406.06,3411.92,1233.4075802099999,1560
1762603200,3411.76,3416.34,3370.53,3374.0,1965.24405133,2413
1762617600,3376.02,3406.21,3356.95,3388.22,1101.79237955,2190
1762632000,3388.53,3413.2,3380.36,3400.21,1393.85805765,1769
1762646400,3400.21,3401.36,3360.0,3374.51,636.83508974,1435
1762660800,3374.69,3424.55,3370.17,3422.24,2361.46659998,1361
1762675200,3422.3,3434.36,3381.98,3428.74,818.73616037,1291
1762689600,3427.69,3561.0,3423.94,3515.0,8964.92843168,4775
1762704000,3514.83,3580.0,3501.53,3580.0,6260.00089053,5153
1762718400,3580.0,3621.0,3563.38,3584.2,5255.34909112,4882
1762732800,3584.21,3658.0,3551.99,3626.96,8658.89775925,4364
1762747200,3626.97,3630.87,3590.0,3609.32,5240.93484028,2551
1762761600,3608.62,3628.9,3586.12,3608.13,2318.40839994,2130
1762776000,3608.13,3621.81,3510.0,3518.72,7162.58661591,4183
1762790400,3518.88,3575.73,3508.0,3557.13,5144.6506891,3811
1762804800,3556.77,3582.26,3530.0,3565.64,5342.16713254,3011
1762819200,3566.47,3644.2,3553.68,3605.0,5346.61350371,3381
1762833600,3605.0,3608.77,3532.5,3543.67,2639.33694511,2086
1762848000,3543.67,3585.26,3543.67,3573.25,2763.68256583,1858
1762862400,3574.04,3592.61,3469.0,3482.54,11283.79369738,4502
1762876800,3482.51,3500.4,3446.85,3455.92,8357.68885177,3235
1762891200,3455.94,3460.3,3404.17,3414.42,3577.04291279,3037
1762905600,3416.34,3454.14,3411.89,3438.27,1726.69981841,1837
1762920000,3438.27,3456.66,3425.01,3426.24,1074.7061283,1359
1762934400,3427.88,3566.95,3427.88,3549.01,1936.43125639,2654
1762948800,3549.24,3586.3,3417.26,3428.92,10092.99662527,5225
1762963200,3428.98,3453.1,3372.02,3408.56,9681.611957090001,6061
1762977600,3408.55,3438.37,3393.68,3413.51,2327.16253398,2522
1762992000,3414.75,3475.21,3378.75,3454.0,2706.56826431,3428
1763006400,3451.16,3561.69,3434.25,3539.25,4559.64487219,3650
1763020800,3539.25,3547.01,3478.5,3503.49,2686.9187459600003,2007
1763035200,3501.76,3509.61,3369.0,3386.16,10615.84957408,4903
1763049600,3386.67,3398.04,3170.67,3195.29,17274.13943678,9877
1763064000,3194.55,3269.12,3153.33,3230.34,7025.0152638,5722
1763078400,3230.24,3248.5,3186.03,3224.0,6313.8139009,5484
1763092800,3224.0,3239.23,3105.31,3213.01,7248.94580168,6431
1763107200,3213.02,3216.84,3117.48,3140.75,4078.26122652,3540
1763121600,3143.5,3230.91,3067.18,3193.09,24048.459772,10502
1763136000,3193.09,3252.0,3153.14,3206.12,8676.06079602,5649
1763150400,3206.13,3210.51,3087.37,3109.23,8616.55307407,6284
1763164800,3109.81,3189.96,3109.81,3177.49,1889.69887693,2363
1763179200,3177.5,3188.99,3158.49,3174.2,3023.41848322,1895
1763193600,3174.2,3174.4,3132.74,3149.94,1559.31720756,1806
1763208000,3150.04,3194.42,3145.55,3183.72,1441.77313204,2042
1763222400,3184.08,3227.5,3162.9,3196.62,3229.67769391,2891
1763236800,3196.63,3198.53,3150.8,3167.37,2913.66419766,2235
1763251200,3167.37,3207.59,3129.2,3200.0,2195.80607547,2507
1763265600,3200.0,3218.4,3186.25,3215.2,1502.58085105,1798
1763280000,3217.3,3244.75,3156.28,3165.23,5906.0836393,2425
1763294400,3166.02,3178.61,3097.07,3103.03,4285.10920391,2942
1763308800,3102.76,3124.71,3025.0,3089.17,12409.52909243,6475
1763323200,3089.26,3114.49,3003.32,3093.51,3907.74681222,4104
1763337600,3092.44,3176.06,3067.01,3173.43,2183.49772191,3467
1763352000,3174.11,3204.95,3163.5,3195.93,1633.3217014499999,2354
1763366400,3196.12,3217.79,3177.81,3201.21,1509.9877013,1990
1763380800,3201.22,3205.0,3094.3,3116.28,4569.52572758,4747
1763395200,3116.28,3138.35,2970.0,2978.68,14076.04579243,10236
1763409600,2978.69,3028.62,2955.78,3025.5,10989.68220913,8131
1763424000,3026.65,3046.44,2941.02,3022.0,9320.75850681,6308
1763438400,3022.0,3029.0,2957.45,3021.77,4263.07741283,4134
1763452800,3021.78,3067.95,3021.78,3052.27,3936.98816966,2876
1763467200,3054.71,3120.0,3021.02,3105.12,9897.37992381,6340
1763481600,3104.59,3168.86,3099.0,3143.41,10723.26705292,7904
1763496000,3143.41,3149.13,3095.34,3122.0,5615.00287953,4757
1763510400,3121.81,3123.16,3078.71,3112.92,1287.19147914,2257
1763524800,3107.38,3107.39,2990.12,3082.85,5961.91347745,3766
1763539200,3083.08,3109.11,3053.92,3080.97,1951.99546017,1732
1763553600,3081.16,3103.46,2964.66,2971.18,8071.56981462,6679
1763568000,2971.18,2984.09,2870.83,2878.16,18401.7148575,10610
1763582400,2878.31,3024.81,2871.62,3022.4,16327.21386178,8344
1763596800,3022.4,3054.63,3002.39,3037.03,2531.88890109,3323
1763611200,3036.47,3058.46,3004.38,3037.01,2894.7774574,2551
1763625600,3037.01,3039.33,2991.03,3021.15,1463.83101049,1966
1763640000,3021.15,3045.26,2950.0,2952.94,6794.74204506,7062
1763654400,2952.66,2958.35,2788.37,2844.33,18402.6227655,15800
1763668800,2844.3,2900.0,2817.01,2830.0,11044.38512866,7467
1763683200,2830.95,2881.24,2770.63,2806.55,4332.43505454,4393
1763697600,2806.31,2829.22,2656.0,2717.57,11772.5010328,8288
1763712000,2716.51,2749.32,2660.36,2684.84,6658.48282061,6359
1763726400,2684.87,2778.05,2621.08,2701.64,10053.88430674,11148
1763740800,2702.0,2804.3,2673.34,2750.2,10342.19716099,9829
1763755200,2750.0,2774.24,2708.15,2765.39,2522.20868674,4653
1763769600,2765.39,2781.77,2737.46,2751.0,1121.29757264,3325
1763784000,2750.56,2767.57,2725.01,2755.0,728.0440515,2048
1763798400,2755.0,2755.0,2704.51,2733.38,1177.57648589,1731
1763812800,2733.38,2750.0,2711.5,2737.59,1122.48342709,2333
1763827200,2737.59,2757.79,2733.38,2750.06,1329.19920377,2369
1763841600,2750.06,2797.32,2731.89,2767.09,1483.9342478,2507
1763856000,2767.09,2831.65,2767.08,2822.66,2091.42810418,3337
1763870400,2822.83,2850.23,2777.25,2792.37,1663.08803704,2494
1763884800,2792.37,2820.09,2792.36,2813.5,552.03548502,1668
1763899200,2813.5,2856.78,2810.0,2835.47,2111.14290357,3004
1763913600,2835.28,2843.45,2785.28,2821.18,2170.97718251,4010
1763928000,2821.19,2842.56,2793.93,2801.0,3204.23482157,4226
1763942400,2801.0,2864.0,2762.75,2856.34,2412.36683654,3883
1763956800,2856.34,2883.91,2801.75,2828.68,1295.64562014,3148
1763971200,2828.29,2839.57,2788.07,2802.73,1991.45683411,2397
1763985600,2802.73,2858.25,2785.17,2844.29,4751.24487658,6041
1764000000,2844.73,2977.65,2843.56,2958.0,8448.41251531,9483
1764014400,2958.0,2983.98,2948.0,2951.88,3447.08757883,4453
1764028800,2951.88,2951.88,2904.36,2911.31,3198.02423966,4231
1764043200,2911.31,2941.81,2902.54,2902.94,1248.77664613,2234
1764057600,2902.94,2907.53,2866.13,2890.75,1765.06293602,2002
1764072000,2890.75,2931.72,2856.2,2893.88,8398.83917861,7089
1764086400,2894.08,2956.97,2872.5,2921.18,3793.14635717,6513
1764100800,2921.38,2977.85,2906.26,2959.04,3729.86539589,4512
1764115200,2959.04,2980.5,2920.14,2926.16,2342.34230719,3390
1764129600,2926.16,2952.88,2920.57,2941.87,1356.50317816,2479
1764144000,2943.09,2946.4,2902.27,2914.0,1235.27995941,2612
1764158400,2914.01,2946.92,2888.11,2925.63,9481.2131768,5717
1764172800,2925.63,3044.02,2925.41,3032.99,10924.53331019,7098
1764187200,3032.99,3035.0,3009.17,3026.95,2768.74754114,3338
1764201600,3026.95,3070.59,3005.54,3034.49,3476.18076937,4018
1764216000,3034.49,3051.96,3018.18,3032.79,1404.10612501,2271
1764230400,3032.79,3042.95,3019.72,3029.78,1570.30570472,1935
1764244800,3029.78,3030.1,2986.2,3010.22,2274.67590084,3335
1764259200,3010.22,3038.35,3005.83,3031.68,917.30257432,2969
1764273600,3031.68,3043.18,3005.29,3014.85,1010.86988531,2167
1764288000,3014.85,3021.2,2995.62,3009.34,850.54624846,2401
1764302400,3009.35,3026.84,3001.2,3002.25,655.77774977,1875
1764316800,3002.24,3074.48,3002.06,3035.59,1311.10153214,3111
1764331200,3035.04,3097.0,3027.39,3075.13,6313.66685351,5494
1764345600,3075.13,3075.13,3012.34,3050.18,3061.84991324,5177
1764360000,3050.34,3059.6,3021.84,3032.32,964.28297417,2722
1764374400,3032.33,3052.04,3018.28,3022.5,1615.61608299,2342
1764388800,3022.5,3044.0,2992.51,3006.51,1773.18443384,2815
1764403200,3006.51,3010.91,2985.0,3001.45,704.4877215500001,1564
1764417600,3001.45,3013.5,2989.0,3008.45,1009.0186958,2185
1764432000,3008.46,3011.03,2964.9,2989.52,1472.83385048,3342
1764446400,2989.49,2999.81,2984.13,2990.01,881.12576846,1942
1764460800,2990.01,3011.19,2977.36,3001.9,693.82045904,2224
1764475200,3002.19,3008.93,2987.52,3006.34,458.16337274,1383
1764489600,3006.34,3017.65,3001.0,3003.01,661.0982757,1544
1764504000,3003.02,3052.2,3002.3,3028.66,2179.89477877,2780
1764518400,3028.89,3049.19,3028.88,3032.72,1499.38681638,2403
1764532800,3032.72,3041.0,2990.43,2991.95,1927.28801534,3070
1764547200,2992.16,2996.68,2815.39,2827.29,11243.75968004,10987
1764561600,2826.57,2843.52,2806.58,2841.06,5812.84381786,3359
1764576000,2840.66,2853.19,2830.5,2838.52,2019.92638685,2120
1764590400,2838.26,2838.26,2718.8,2745.41,20194.2140985,8562
1764604800,2745.41,2757.08,2719.8,2739.53,3885.07166648,4778
1764619200,2740.53,2818.0,2740.52,2799.79,6023.56638859,4473
1764633600,2799.8,2823.22,2784.31,2804.77,8183.07471147,3421
1764648000,2804.77,2816.27,2798.9,2806.83,962.43864297,1738
1764662400,2805.99,2832.57,2784.43,2825.44,1047.88661788,1828
1764676800,2825.44,3024.14,2818.22,3006.55,6115.93574305,7939
1764691200,3006.57,3034.42,2986.78,3016.42,6902.34609823,7023
1764705600,3016.42,3020.0,2975.18,2997.97,2861.73840968,5077
1764720000,2997.97,3047.34,2986.81,3032.02,2420.54609696,5042
1764734400,3032.03,3085.0,3030.97,3059.14,2832.9758176,4758
1764748800,3059.14,3077.54,3046.0,3073.6,1187.6508701,2703
1764763200,3073.6,3144.02,3031.27,3085.32,11609.469414,9054
1764777600,3085.32,3141.36,3066.68,3128.84,3675.77837231,5686
1764792000,3128.69,3213.0,3118.44,3189.39,9111.16243981,7110
1764806400,3189.14,3239.96,3176.27,3210.68,3288.77676085,5628
1764820800,3210.68,3218.84,3170.0,3190.65,5257.60503982,3445
1764835200,3190.62,3208.63,3178.01,3186.71,2004.18097319,2105
1764849600,3186.8,3225.46,3141.18,3211.01,5704.89715422,4954
1764864000,3211.01,3224.15,3069.6,3120.22,9283.04576936,8013
1764878400,3119.95,3150.98,3107.38,3133.94,3493.35657407,4708
1764892800,3133.95,3192.73,3133.95,3170.12,2353.82710155,3668
1764907200,3170.13,3183.28,3152.87,3173.41,1191.51110705,3253
1764921600,3173.76,3173.82,3110.0,3132.5,2806.47018314,3338
1764936000,3132.5,3159.75,3084.87,3106.39,7544.28227198,6737
1764950400,3106.7,3107.0,2985.0,3038.57,10295.41840552,9157
1764964800,3038.42,3049.75,3008.0,3023.8,1723.88359731,3773
1764979200,3023.8,3045.64,3012.87,3040.66,879.49412339,2454
1764993600,3040.66,3042.2,3025.84,3025.89,538.76033923,1531
1765008000,3026.21,3041.48,3016.42,3039.5,806.10583236,1850
1765022400,3039.51,3069.61,3027.61,3040.91,1840.01869013,2854
1765036800,3040.91,3065.0,3026.77,3030.38,1110.50769651,2816
1765051200,3030.38,3053.86,3029.0,3040.62,753.76621944,2092
1765065600,3040.57,3055.78,3034.3,3055.21,790.8597498299999,1978
1765080000,3055.22,3059.06,3032.78,3037.5,555.62030113,1388
1765094400,3037.5,3043.91,3026.16,3037.82,387.85993934,1008
1765108800,3037.82,3051.97,2914.0,3026.97,6970.33777629,6713
1765123200,3027.94,3149.11,3002.38,3137.32,5303.56710146,6717
1765137600,3137.46,3145.0,3013.71,3060.35,3029.13817205,5208
1765152000,3060.19,3134.04,3042.24,3111.39,3515.23119874,4878
1765166400,3111.03,3139.85,3109.77,3133.42,2039.85981896,2919
1765180800,3133.43,3179.21,3126.13,3141.86,3446.12761042,3440
1765195200,3142.24,3177.2,3090.82,3101.95,6683.85022734,7004
1765209600,3101.95,3133.46,3077.25,3118.89,5433.17454111,6445
1765224000,3118.89,3151.43,3113.9,3124.35,1961.55325817,3985
1765238400,3124.35,3143.11,3091.74,3128.93,1719.09260014,3754
1765252800,3128.94,3130.91,3096.74,3122.65,1296.42654813,2806
1765267200,3122.51,3129.44,3094.28,3119.01,1288.16621843,2411
1765281600,3119.01,3255.0,3099.31,3242.9,6240.03934086,7867
1765296000,3245.44,3396.98,3245.23,3357.11,24413.28839488,12855
1765310400,3357.85,3360.51,3285.11,3318.37,7630.39796711,6570
1765324800,3318.37,3328.59,3289.82,3310.58,2476.76856122,2900
1765339200,3310.01,3333.24,3307.22,3327.93,1999.7370388,2398
1765353600,3327.53,3375.33,3300.0,3318.56,3912.5811148,3978
1765368000,3319.12,3338.69,3304.11,3328.04,4867.9126467,4194
1765382400,3328.04,3434.58,3321.08,3390.19,18316.69525755,12306
1765396800,3390.38,3448.32,3320.83,3324.64,12817.19664972,8702
1765411200,3324.8,3327.67,3168.82,3192.4,7506.34552863,7935
1765425600,3192.12,3216.26,3182.11,3202.02,4083.54222586,3393
1765440000,3201.91,3212.97,3179.64,3194.97,3907.76577857,3084
1765454400,3194.22,3209.95,3146.51,3180.63,7845.46917914,6034
1765468800,3179.66,3235.0,3155.98,3194.85,11621.85038969,5814
1765483200,3194.85,3273.06,3194.32,3236.85,5694.43834793,5166
1765497600,3237.17,3266.0,3187.3,3246.66,2772.44435045,3496
1765512000,3246.67,3264.69,3233.63,3246.82,1626.36033494,2166
1765526400,3247.38,3255.42,3227.59,3242.65,4998.25219277,2559
1765540800,3242.65,3251.33,3056.01,3072.14,7989.42175029,9842
1765555200,3072.1,3100.85,3046.15,3074.01,9398.0386181,10718
1765569600,3074.01,3096.5,3068.27,3085.09,4850.30333939,4214
1765584000,3085.23,3095.07,3078.83,3089.45,1335.66471804,2055
1765598400,3089.46,3095.0,3085.39,3094.33,595.2325158,1396
1765612800,3095.0,3135.0,3093.57,3120.0,1399.07817379,2395
1765627200,3120.01,3127.18,3096.18,3110.81,1153.09730537,2946
1765641600,3110.06,3116.78,3096.63,3109.16,2775.40789342,2576
1765656000,3109.16,3119.8,3080.12,3115.15,1851.26873133,2675
1765670400,3115.0,3129.0,3105.26,3119.12,1205.67784608,2183
1765684800,3119.28,3121.87,3105.7,3115.5,1505.50302982,1695
1765699200,3115.69,3120.06,3051.43,3085.07,5073.8896742,3184
1765713600,3085.26,3107.57,3070.85,3084.12,5412.05190902,3629
1765728000,3084.82,3107.31,3075.28,3094.49,4960.53519542,4156
1765742400,3094.5,3097.78,3026.11,3062.77,4977.32856165,5450
1765756800,3063.51,3149.99,3057.27,3108.56,8765.6126186,8494
1765771200,3108.56,3144.24,3104.39,3129.93,3891.9390625,2982
1765785600,3129.93,3175.7,3126.65,3157.15,2204.35642613,2783
1765800000,3157.16,3158.0,2986.03,3011.06,10747.48372908,10849
1765814400,3011.41,3016.78,2894.06,2940.02,10198.713909439999,11117
1765828800,2940.01,2968.17,2916.91,2964.51,5194.51137098,5790
1765843200,2964.75,2977.69,2922.27,2936.26,4430.27724958,5587
1765857600,2936.47,2950.22,2875.91,2923.36,3419.1483588300002,4864
1765872000,2923.81,2964.06,2920.49,2957.14,1813.87458407,3674
1765886400,2957.65,2980.81,2887.04,2962.44,7507.66841672,8440
1765900800,2962.53,2966.98,2911.93,2945.46,8229.06398711,6567
1765915200,2945.01,2964.87,2936.76,2961.9,1576.22119172,3485
1765929600,2961.9,2972.23,2938.41,2946.67,1595.6341637,3282
1765944000,2946.67,2953.25,2914.4,2946.98,2224.87044521,3064
1765958400,2946.99,2946.99,2904.44,2927.0,2451.30969677,2690
1765972800,2927.0,3028.78,2885.0,2903.1,14640.64571187,11563
1765987200,2903.23,2924.82,2790.66,2819.25,21232.23139593,12303
1766001600,2819.11,2836.01,2804.83,2833.01,3662.07785838,5247
1766016000,2832.46,2846.39,2821.0,2830.84,3592.32552031,3958
1766030400,2830.78,2840.27,2822.07,2834.82,2171.04735793,3047
1766044800,2835.15,2862.29,2834.2,2857.25,2875.88890596,2814
1766059200,2857.74,2993.92,2853.58,2963.7,22618.93602327,10831
1766073600,2963.43,2965.42,2775.0,2781.5,19196.67106833,11272
1766088000,2780.17,2835.27,2778.27,2826.65,5753.27290372,5318
1766102400,2827.19,2933.86,2807.51,2905.78,11830.20387278,7901
1766116800,2906.37,2980.44,2905.62,2949.76,4916.72439123,4636
1766131200,2949.79,2968.97,2936.76,2963.19,3422.39439114,3611
1766145600,2963.74,3016.58,2942.76,2964.25,11107.73753878,7738
1766160000,2963.32,3005.64,2933.58,2983.67,6226.97030183,7445
1766174400,2983.68,3000.0,2973.36,2977.94,3464.5710075,4180
1766188800,2977.94,2992.0,2969.42,2987.52,1769.62918074,2412
1766203200,2987.52,2988.42,2974.05,2980.88,1849.93645109,2300
1766217600,2980.63,2987.67,2973.37,2984.73,2436.4729304,2088
1766232000,2984.73,2991.04,2965.91,2975.6,1889.89979261,2542
1766246400,2975.61,2979.99,2972.62,2976.82,1281.60282252,1924
1766260800,2976.82,2984.02,2971.37,2977.08,891.35946166,1724
1766275200,2977.08,2979.74,2961.36,2971.69,2455.63388952,2023
1766289600,2971.69,2980.93,2971.43,2980.09,1795.79783968,1466
1766304000,2980.1,3011.66,2977.44,2995.61,1891.29569117,2509
1766318400,2995.62,3003.9,2944.28,2974.1,4365.49441625,4321
1766332800,2974.1,2997.54,2967.53,2990.69,10682.758235,3568
1766347200,2990.71,3012.11,2970.82,3001.35,6400.88816444,3334
1766361600,3001.36,3058.61,2970.4,3020.54,6507.46374031,6852
1766376000,3020.55,3041.12,3019.31,3029.44,2462.78888123,3001
1766390400,3028.51,3057.37,3025.16,3048.74,2882.97591046,3448
1766404800,3048.74,3075.51,3021.07,3050.6,7388.89238437,8424
1766419200,3051.23,3057.82,2972.86,2980.45,5004.82210371,5729
1766433600,2979.01,3013.49,2963.26,3007.03,3611.88778491,4284
1766448000,3007.29,3032.8,2971.42,2990.86,2355.79941791,3597
1766462400,2990.27,2997.06,2944.9,2962.67,2845.51458567,3503
1766476800,2962.67,2972.88,2950.34,2971.95,1549.08109039,2116
1766491200,2971.95,2971.95,2900.35,2927.0,5009.24592598,6008
1766505600,2926.97,2964.57,2908.85,2942.33,5535.51891171,5519
1766520000,2942.51,2985.14,2939.44,2963.44,3651.52271633,4000
1766534400,2963.44,2976.12,2920.43,2943.82,1755.87952469,3244
1766548800,2943.82,2956.22,2916.57,2930.37,3047.3194014700002,3030
1766563200,2930.38,2937.28,2913.19,2923.71,1313.7598634400001,2171
1766577600,2923.57,2936.76,2888.0,2923.66,2904.15422488,3686
1766592000,2923.66,2951.44,2920.06,2943.44,4635.62399684,3857
1766606400,2943.57,2960.0,2940.0,2945.49,1770.15905655,1966
1766620800,2945.42,2954.43,2935.09,2945.31,1060.7910227,1798
1766635200,2945.31,2945.35,2936.0,2939.99,447.75874924,1282
1766649600,2940.0,2943.3,2911.16,2923.02,1697.89655806,1845
1766664000,2923.02,2968.66,2918.94,2958.04,1646.26972499,2326
1766678400,2959.32,2964.4,2941.88,2954.37,1099.6356182,2222
1766692800,2954.38,2954.46,2890.0,2902.89,2522.43872397,3343
1766707200,2902.88,2990.83,2893.78,2962.61,4599.11049939,4834
1766721600,2962.61,2989.96,2951.19,2955.13,8731.57506321,3627
1766736000,2954.84,2973.06,2953.81,2962.87,1733.13052958,1877
1766750400,2962.87,2983.67,2893.72,2919.95,3331.62472734,4781
1766764800,2921.63,2931.23,2905.01,2923.32,2965.63143413,3373
1766779200,2923.32,2935.33,2919.15,2925.71,765.5082928,2265
1766793600,2925.72,2931.27,2920.72,2931.27,1026.58828112,1708
1766808000,2931.27,2935.63,2926.04,2930.93,488.72062067,1477
1766822400,2930.94,2937.95,2916.41,2929.24,1063.82685081,1781
1766836800,2929.24,2931.74,2924.36,2925.0,979.6762356,1725
1766851200,2925.01,2928.79,2916.37,2928.79,1721.28221729,2212
1766865600,2928.79,2958.0,2926.57,2947.1,1462.10219196,2415
1766880000,2946.85,2948.78,2939.26,2941.87,759.18639677,1649
1766894400,2941.49,2944.55,2928.55,2935.85,1198.9887078699999,1927
1766908800,2935.85,2944.52,2930.0,2941.35,1285.14436046,1635
1766923200,2941.36,2957.25,2936.0,2947.33,1488.5486193,2306
1766937600,2947.44,2952.18,2923.7,2931.21,2729.97477133,3273
1766952000,2931.08,2952.38,2926.66,2948.59,1334.37482902,2723
1766966400,2948.91,3043.89,2942.7,3040.54,10548.19432412,7134
1766980800,3040.54,3053.42,3003.59,3016.5,4702.74999709,4557
1766995200,3016.51,3021.87,2953.81,2956.69,3086.8224251,3659
1767009600,2956.69,2961.49,2907.38,2932.76,7376.10343835,5919
1767024000,2932.76,2942.37,2910.48,2928.98,9821.409758,5018
1767038400,2929.14,2940.8,2922.53,2934.84,2117.68045002,2644
1767052800,2934.31,2951.79,2915.54,2946.99,2276.27531794,2791
1767067200,2947.0,2953.93,2933.72,2947.49,685.60969235,1895
1767081600,2947.49,2999.07,2946.9,2974.55,7617.03513607,3323
1767096000,2974.55,3004.08,2955.5,2986.22,9899.99010467,4348
1767110400,2986.67,2990.0,2941.96,2968.51,9377.35660737,4600
1767124800,2968.51,2971.59,2951.99,2970.49,3191.97895994,2917
1767139200,2970.31,2980.75,2958.7,2966.87,1196.68039408,2640
1767153600,2967.01,2975.35,2964.69,2972.44,853.72211752,1964
1767168000,2972.44,2999.0,2960.11,2999.0,3016.28948452,2535
1767182400,2998.14,3023.0,2963.64,2980.48,4246.96897142,4748
1767196800,2980.74,2992.72,2955.79,2966.66,4452.44014969,4796
1767211200,2966.6,2979.2,2958.98,2967.13,3112.57338754,3092
