1704067200,38404.6,38829.9,38394.4,38436.0,45.23129588,1726
1704081600,38436.0,38593.4,38342.8,38562.0,13.22005934,1753
1704096000,38562.0,38760.8,38554.4,38717.2,87.20567308,2997
1704110400,38717.1,38830.2,38621.0,38799.1,69.7579904,2889
1704124800,38802.0,39503.6,38728.5,39490.7,133.936287,4123
1704139200,39498.9,40064.0,39366.8,40064.0,127.91135716,4266
1704153600,40064.0,41297.3,40063.9,41227.8,257.03902985,4852
1704168000,41227.9,41379.4,40960.0,41299.9,221.57905585,4734
1704182400,41299.9,41600.8,41174.0,41457.7,314.33525498,9695
1704196800,41462.2,41898.0,40938.2,41331.7,309.21833175,8493
1704211200,41340.6,41471.1,40971.0,41197.7,220.16731407,5407
1704225600,41197.8,41405.0,40805.1,41118.0,125.05564352,4433
1704240000,41118.1,41485.0,41026.3,41318.9,53.50557647,1804
1704254400,41334.0,41436.9,41039.7,41111.0,60.87222851,3168
1704268800,41111.1,41578.0,39866.6,40085.6,347.68262666,9360
1704283200,40072.7,40079.5,37600.0,39517.1,907.55477452,24790
1704297600,39517.3,40000.0,38750.0,39093.3,324.24811952,9048
1704312000,39093.2,39420.5,39014.5,39303.2,127.25501269,5194
1704326400,39303.2,39599.0,39129.9,39532.6,32.56968374,2398
1704340800,39532.6,39643.3,39189.0,39189.1,99.6916992,3753
1704355200,39189.1,39533.2,39011.6,39515.7,196.52768458,7497
1704369600,39515.6,40449.0,39447.1,40264.5,342.66670083,8113
1704384000,40264.0,40649.0,39997.5,40223.1,196.28490858,5167
1704398400,40215.2,40932.5,40200.1,40396.3,181.34676872,4570
1704412800,40397.7,40483.3,38036.0,39795.6,330.37140727,5285
1704427200,39789.3,40225.4,39593.7,40119.0,50.1437227,2894
1704441600,40119.2,40650.0,39928.8,40164.7,259.0876875,6353
1704456000,40175.4,40468.9,39542.7,39677.6,213.15282109,7030
1704470400,39677.6,40067.3,39460.2,39901.7,163.15427794,4421
1704484800,39905.5,40586.3,39903.3,40423.6,99.34071131,3706
1704499200,40423.6,40473.8,40160.0,40235.7,10.47220769,1347
1704513600,40235.7,40251.2,39780.6,39997.9,35.79680555,2339
1704528000,39997.9,40084.6,39896.7,39980.8,60.72106878,2736
1704542400,39980.8,40209.9,39897.5,40183.7,53.22388729,3112
1704556800,40183.8,40400.0,40157.8,40213.3,67.37210392,2917
1704571200,40213.3,40255.0,40011.0,40253.1,28.46827831,2329
1704585600,40255.0,40494.7,40157.8,40239.3,21.32332246,1649
1704600000,40239.3,40354.0,40145.4,40345.4,31.77852367,1661
1704614400,40345.4,40429.9,40200.0,40364.7,66.66149646,2846
1704628800,40364.8,40700.0,40252.0,40346.3,144.70992159,3685
1704643200,40346.3,40489.6,40090.0,40488.8,107.71335735,3351
1704657600,40488.8,40501.8,39929.6,40194.0,133.60658932,3320
1704672000,40193.9,40210.8,39555.0,39853.2,55.26831846,2424
1704686400,39849.0,40530.0,39769.9,40199.6,92.64470444,3870
1704700800,40204.0,40853.9,40203.9,40840.0,96.62605276,2397
1704715200,40840.0,41341.9,40635.3,41033.1,480.7526759,9910
1704729600,41037.6,43190.0,40904.2,42911.0,914.48884612,12776
1704744000,42913.7,43147.1,42635.8,42884.0,282.875045,5735
1704758400,42884.0,43070.0,42142.3,42849.9,238.82083171,3430
1704772800,42850.0,42850.0,42599.8,42789.7,180.7602296,3195
1704787200,42789.7,42865.0,42470.6,42702.4,216.01302705,6357
1704801600,42702.5,43028.7,41051.0,42979.9,436.39759924,10170
1704816000,42979.9,43055.8,42600.0,42942.0,216.44455407,5543
1704830400,42942.0,43910.0,41055.1,42229.1,690.01905767,11959
1704844800,42229.1,42319.6,41800.2,42230.0,34.6910092,1742
1704859200,42239.5,42293.3,41877.8,41911.7,87.93835766,3259
1704873600,41911.5,41976.0,41067.5,41650.7,444.2673306,7932
1704888000,41650.7,41730.9,40502.3,41577.3,429.51775965,9670
1704902400,41570.8,42599.0,41269.0,42433.1,487.21275673,8646
1704916800,42438.8,43500.0,40889.1,42558.1,1123.38370947,15863
1704931200,42569.2,42629.1,42136.8,42378.4,83.39942956,2606
1704945600,42378.5,42378.5,41615.1,42028.0,136.66770837,5209
1704960000,42028.0,42978.0,42010.7,42903.6,307.97495083,8542
1704974400,42903.6,44830.2,42420.0,42691.3,1264.41140548,17539
1704988800,42700.0,42999.1,41690.7,42549.9,324.45975372,8706
1705003200,42549.9,42875.5,42059.0,42239.9,143.99903101,4216
1705017600,42239.9,42378.4,41856.9,41955.8,43.89513557,2119
1705032000,41939.7,42244.9,41777.0,41975.1,108.16133087,3545
1705046400,41975.1,42235.5,41525.0,42001.1,221.73260809,6514
1705060800,42001.1,42139.8,40450.0,40535.5,407.66057628,9352
1705075200,40535.5,40707.6,39354.7,39680.4,686.41917566,13169
1705089600,39680.4,40185.9,38000.0,39180.0,426.00069433,11619
1705104000,39145.2,39308.6,38833.1,38960.5,79.67488264,2374
1705118400,38966.6,39599.9,38950.4,39480.0,68.40797689,3436
1705132800,39480.0,39598.9,38906.5,38963.2,101.45808518,4757
1705147200,38963.2,39569.9,38892.2,39503.8,77.97320427,4227
1705161600,39482.0,39511.1,39127.0,39162.0,71.02033396,3492
1705176000,39161.9,39387.6,39076.3,39194.6,101.10203424,2766
1705190400,39194.6,39221.4,38964.1,39000.3,44.59829975,1577
1705204800,39000.3,39372.1,38913.3,39330.0,30.61139966,1929
1705219200,39330.0,39365.6,39105.1,39129.6,43.29758501,2866
1705233600,39139.9,39262.0,39045.5,39214.3,49.71090357,2995
1705248000,39207.9,39275.6,38933.2,38957.2,74.95619653,3118
1705262400,38957.2,39019.9,38150.1,38150.1,180.13832973,5143
1705276800,38150.1,38869.9,38121.5,38808.2,43.78018226,1363
1705291200,38823.1,39035.7,38807.9,38989.5,71.80338509,3206
1705305600,38989.9,39147.3,38912.1,39033.3,194.30974051,6617
1705320000,39033.4,39232.2,38550.4,38632.2,215.51238583,6503
1705334400,38632.2,39593.8,38600.9,39255.6,223.98235475,4833
1705348800,39255.6,39374.0,38705.0,38869.6,97.37197257,3176
1705363200,38869.6,39299.9,38841.5,39299.9,20.28401646,1312
1705377600,39297.4,39310.3,39047.3,39160.0,65.21432281,2459
1705392000,39162.5,39580.0,39159.1,39378.7,189.0149813,4813
1705406400,39378.7,39779.5,38710.2,39766.3,218.34557013,6712
1705420800,39766.3,39929.5,39443.1,39685.0,93.92537019,3870
1705435200,39685.0,40087.3,39648.2,39685.0,120.22853372,3069
1705449600,39685.1,39699.8,39460.3,39460.3,22.90153191,1011
1705464000,39456.5,39500.0,39222.0,39244.6,29.03807545,2236
1705478400,39244.6,39420.1,39184.8,39226.6,135.51773773,4605
1705492800,39226.6,39548.0,39026.0,39158.2,197.81407484,5031
1705507200,39158.3,39277.6,38900.0,39174.3,93.67591253,3895
1705521600,39174.4,39383.4,39021.6,39276.3,37.25000768,2467
1705536000,39279.0,39285.1,39020.0,39066.0,5.78437452,1008
1705550400,39066.0,39376.7,39064.7,39361.0,24.22862259,2219
1705564800,39361.0,39396.0,38905.1,39049.0,117.83424066,4278
1705579200,39049.0,39376.1,38900.0,39256.2,120.33312033,4119
1705593600,39256.2,39256.2,37612.6,37744.4,510.52596024,10824
1705608000,37744.0,38037.2,37400.0,37974.6,238.41126956,6594
1705622400,37974.6,38011.1,37450.1,37682.8,81.78254327,1892
1705636800,37676.6,38192.5,37668.3,37925.1,63.17776051,2942
1705651200,37925.2,38121.1,37812.8,38091.4,140.47416273,5007
1705665600,38091.5,38091.5,37400.0,37571.1,241.9060441,6001
1705680000,37571.1,38500.0,37022.3,38387.5,327.75257599,7488
1705694400,38387.5,38676.6,38134.7,38238.4,101.90732273,2430
1705708800,38238.4,38258.2,38077.5,38198.0,12.59660863,879
1705723200,38198.1,38320.0,38173.6,38244.1,12.23836588,1247
1705737600,38244.1,38244.1,38075.8,38172.2,35.69168513,1973
1705752000,38172.2,38271.0,38100.2,38165.6,27.71372323,2021
1705766400,38165.6,38165.6,38165.6,38165.6,0.00026834,3
1705780800,38165.5,38421.4,38165.5,38277.8,21.99134527,1275
1705795200,38277.8,38306.6,38235.5,38274.4,7.11116732,720
1705809600,38274.4,38274.4,38162.8,38220.2,11.47087717,1093
1705824000,38220.2,38375.1,38220.0,38275.1,34.88072556,2266
1705838400,38275.1,38445.6,38218.0,38248.4,27.95749894,2266
1705852800,38248.4,38386.4,38168.9,38306.4,54.9573529,2171
1705867200,38306.5,38370.6,38121.0,38171.9,23.66823959,1604
1705881600,38172.0,38228.3,37666.0,37768.4,30.03292569,1782
1705896000,37768.4,37853.2,37333.1,37605.1,72.64294596,3886
1705910400,37605.1,37610.0,37071.7,37460.1,212.89721294,7731
1705924800,37460.1,37828.2,37055.0,37421.0,347.65549491,6430
1705939200,37421.0,37530.1,36175.3,36568.1,412.48568788,9812
1705953600,36567.3,37046.1,36270.8,36315.0,177.24901537,4995
1705968000,36315.0,36819.0,36279.3,36697.2,62.11175791,1658
1705982400,36700.1,36848.0,36367.9,36453.2,124.29584485,3893
1705996800,36453.2,36514.2,35565.9,35723.7,516.7855814,10842
1706011200,35723.7,36440.2,35472.5,36180.2,305.05546369,8431
1706025600,36180.1,36555.3,35908.9,36090.7,227.27691762,5445
1706040000,36090.6,36740.0,35990.0,36739.9,136.78529117,3561
1706054400,36740.0,37065.1,36453.4,36469.0,39.82696349,1768
1706068800,36469.0,36935.0,36445.5,36748.5,65.45542948,3639
1706083200,36748.5,37246.1,36611.0,36922.2,247.66261455,6348
1706097600,36922.2,37005.2,36401.4,36749.0,244.87433618,5925
1706112000,36749.0,36885.8,36369.5,36557.9,140.41543674,3874
1706126400,36557.8,36885.8,36300.1,36828.3,53.27160923,2799
1706140800,36828.4,36941.4,36720.0,36778.8,21.88075798,1254
1706155200,36778.8,36839.9,36590.9,36839.9,27.89391856,2771
1706169600,36843.4,36985.3,36695.5,36878.1,138.36507615,4553
1706184000,36878.1,36956.9,36503.8,36744.4,118.06872378,4553
1706198400,36746.6,36913.2,36472.8,36897.0,106.13032769,3685
1706212800,36897.0,36922.2,36594.1,36851.0,59.51547151,2213
1706227200,36851.0,37074.0,36763.8,36954.1,28.60775944,1153
1706241600,36954.1,37062.3,36890.0,36937.1,52.05559118,2075
1706256000,36937.1,38000.0,36936.3,37966.0,310.77105945,6135
1706270400,37972.1,38280.0,37629.3,38160.0,288.62830499,5633
1706284800,38160.0,38879.4,38155.0,38772.6,261.39720824,5518
1706299200,38772.6,38900.0,38567.4,38571.8,56.32378782,2961
1706313600,38571.8,38655.6,38477.3,38585.3,46.08853566,1526
1706328000,38585.3,38608.5,38363.5,38437.0,70.79027625,1601
1706342400,38437.0,38543.6,38178.7,38522.5,102.14726018,2744
1706356800,38522.6,38620.2,38481.1,38574.0,63.31649462,2250
1706371200,38574.0,38710.0,38527.0,38682.1,68.91878801,2476
1706385600,38682.1,38910.0,38682.0,38854.5,53.75314168,1992
1706400000,38854.6,38946.5,38704.9,38945.8,74.17980451,1219
1706414400,38945.8,39444.0,38930.1,39083.6,98.32851516,2362
1706428800,39083.6,39363.2,39039.7,39186.5,134.70152696,2761
1706443200,39186.5,39200.0,38900.0,38957.8,43.97849854,2245
1706457600,38957.8,39040.5,38484.5,38513.9,58.39722122,2823
1706472000,38513.9,38795.8,38419.4,38775.5,83.00435196,2229
1706486400,38775.6,39188.0,38650.7,39057.4,56.34452914,1341
1706500800,39043.8,39047.2,38759.3,38800.0,41.33026969,2482
1706515200,38802.3,39168.2,38741.6,39016.4,173.84391192,5393
1706529600,39016.4,39460.0,38704.6,39460.0,173.65161248,5321
1706544000,39460.0,40075.0,39361.0,39774.2,258.9525015,5992
1706558400,39774.1,39979.4,39700.0,39979.4,68.48418086,3143
1706572800,39979.4,40400.0,39836.6,40171.0,36.36993656,2224
1706587200,40174.1,40215.7,40005.0,40079.9,158.18872368,2856
1706601600,40079.1,40150.0,40008.3,40150.0,213.73111706,5711
1706616000,40150.0,40469.5,39816.8,40046.2,301.14173655,6728
1706630400,40048.1,40218.0,39914.7,40177.7,80.30430527,4119
1706644800,40177.7,40361.9,39418.5,39628.5,175.49605962,4207
1706659200,39628.5,39756.3,39451.6,39686.0,71.00573256,2065
1706673600,39686.1,39816.0,39661.6,39793.0,41.60541872,2799
1706688000,39793.1,39816.0,39134.4,39360.0,164.5880932,6350
1706702400,39360.0,40000.0,39200.0,39932.4,167.2040462,5190
1706716800,39932.5,40299.0,39726.2,39943.7,172.71663726,4175
1706731200,39959.4,39989.3,39101.1,39405.7,146.08404853,3706
1706745600,39405.7,39464.3,38748.1,38836.7,60.14276261,2235
1706760000,38836.7,39170.0,38763.9,39062.4,58.71523745,2938
1706774400,39062.4,39174.0,38888.0,38904.2,135.21296427,5932
1706788800,38904.1,39656.6,38800.0,39302.8,263.54515484,6044
1706803200,39302.8,39788.9,39052.4,39752.5,135.18845023,4433
1706817600,39752.5,39787.7,39450.8,39617.4,58.21869368,2711
1706832000,39617.4,39899.0,39578.6,39578.7,75.43456535,1724
1706846400,39578.7,39744.5,39502.0,39603.8,50.56242918,2563
1706860800,39603.9,39676.9,39421.1,39642.0,141.11866271,5048
1706875200,39642.0,39949.0,39320.0,39949.0,126.48009763,5257
1706889600,39949.0,40197.4,39661.8,39862.5,106.09308193,3812
1706904000,39862.6,40000.0,39720.0,39994.9,28.58469848,2080
1706918400,39994.9,40140.0,39953.2,39981.6,34.81452342,1136
1706932800,39981.6,40005.3,39862.9,39874.8,35.17691961,1359
1706947200,39874.8,39942.5,39808.0,39824.9,29.68049053,2123
1706961600,39825.0,39998.0,39750.0,39963.0,36.42363851,2141
1706976000,39963.0,40067.4,39828.5,39859.2,63.94099547,2264
1706990400,39870.3,39908.8,39787.1,39833.4,14.97340401,1609
1707004800,39838.1,39880.9,39756.0,39849.9,4.94054994,950
1707019200,39849.9,39849.9,39600.0,39691.9,42.49970318,1408
1707033600,39691.9,39901.9,39605.3,39875.9,92.39641098,2475
1707048000,39875.9,39930.7,39690.0,39758.0,23.2895779,2469
1707062400,39758.0,39774.2,39480.2,39511.0,58.72805243,2731
1707076800,39511.0,39824.8,39149.5,39492.0,45.79081427,2582
1707091200,39492.0,39569.9,39216.3,39569.9,38.75792765,1254
1707105600,39569.9,39985.0,39543.2,39910.1,64.96326107,2529
1707120000,39910.1,40160.0,39858.0,40111.9,190.5753025,6313
1707134400,40111.9,40449.0,39700.0,39723.9,240.44739404,5415
1707148800,39718.5,39859.1,39600.0,39776.5,61.1473761,3450
1707163200,39776.5,39807.0,39385.3,39726.7,60.25531235,2959
1707177600,39726.7,39940.5,39599.0,39873.8,34.39625689,1525
1707192000,39873.8,39894.5,39650.0,39855.4,75.33641875,2800
1707206400,39855.4,40100.0,39768.5,39851.0,142.96193617,5453
1707220800,39851.0,40200.0,39725.0,40200.0,163.16487177,4791
1707235200,40200.0,40338.9,40035.1,40244.5,98.06381216,3624
1707249600,40244.6,40265.4,40035.2,40052.2,37.74430282,1931
1707264000,40055.3,40120.0,39774.1,39774.2,17.74059623,1258
1707278400,39774.2,39966.0,39762.1,39825.1,30.57841467,2275
1707292800,39825.1,40081.9,39800.0,39843.3,145.57408918,4340
1707307200,39843.2,40187.1,39830.0,39999.0,129.19422811,4411
1707321600,39999.0,40540.0,39960.9,40457.1,245.42598563,4268
1707336000,40457.2,41176.6,40457.1,41124.9,233.89340984,4793
1707350400,41125.0,41486.0,41124.9,41300.0,75.12399776,2284
1707364800,41300.1,41340.0,41181.4,41256.1,63.80251337,3087
1707379200,41256.1,41651.0,41256.0,41500.1,267.4460861,5446
1707393600,41503.3,42230.7,41496.3,42220.5,367.35128712,6834
1707408000,42220.6,42242.0,41696.2,42060.4,226.85264519,5155
1707422400,42060.4,42300.0,42000.0,42036.1,68.56683988,3181
1707436800,42036.1,42983.7,42002.3,42723.1,123.67082784,2718
1707451200,42723.1,43000.0,42545.8,42842.1,145.82032155,3780
1707465600,42842.1,43886.0,42833.7,43785.0,330.26916905,8021
1707480000,43785.0,44251.6,42413.6,43694.3,723.66838244,10619
1707494400,43694.3,44613.1,43686.5,44052.5,236.5822931,6502
1707508800,44057.1,44218.7,43611.3,43660.2,92.65019986,3492
1707523200,43660.2,43950.0,43576.3,43868.3,20.01186012,1517
1707537600,43896.1,43919.2,43700.0,43700.1,20.23404851,2239
1707552000,43700.1,43792.2,43384.0,43657.7,106.98503979,4012
1707566400,43660.5,43780.0,43564.4,43756.4,68.9089237,3284
1707580800,43756.5,44030.0,43620.4,43951.7,54.23578218,3498
1707595200,43951.7,44498.5,43873.2,44138.8,113.72377361,3839
1707609600,44138.8,44800.0,44001.0,44800.0,49.67603698,2571
1707624000,44800.0,44800.0,44427.2,44520.5,68.90840666,2622
1707638400,44525.2,44684.8,44262.0,44669.8,86.89919406,3885
1707652800,44669.8,44747.8,44300.0,44440.0,75.92718432,3465
1707667200,44440.0,44624.2,44301.2,44555.3,58.46197641,3099
1707681600,44555.3,44606.9,44308.0,44568.9,39.56762356,2967
1707696000,44569.0,44943.0,44449.0,44572.3,78.62065463,3578
1707710400,44572.4,44741.8,44155.0,44591.1,74.13549467,4063
1707724800,44591.1,44783.8,44262.9,44444.2,130.18123299,7183
1707739200,44444.3,46390.0,44436.2,46381.7,504.76974715,11059
1707753600,46381.8,46751.9,45794.5,45962.1,375.47726078,9793
1707768000,45962.1,46661.7,45962.1,46344.2,340.61380459,5670
1707782400,46344.2,46726.6,46245.6,46273.3,113.58412078,2063
1707796800,46273.4,46500.0,46273.3,46393.2,88.94380031,2969
1707811200,46392.3,46661.0,46084.6,46374.1,224.07548034,7442
1707825600,46385.6,46499.5,45136.0,45491.8,332.76887233,9918
1707840000,45491.8,46000.0,45100.0,45830.4,216.56786188,5949
1707854400,45830.4,46464.5,45810.8,46436.7,147.75066703,3757
1707868800,46436.8,46443.8,46075.5,46224.6,24.96346812,1671
1707883200,46224.6,46544.2,46000.0,46544.2,37.44922245,3618
1707897600,46544.2,48295.3,46480.0,48131.1,564.58447644,12968
1707912000,48131.1,48546.1,47925.0,48135.0,315.73676508,9774
1707926400,48149.5,48276.6,47800.0,48195.7,141.50533353,6348
1707940800,48195.9,48350.0,48012.0,48268.0,106.23244819,4100
1707955200,48282.0,48941.0,48271.4,48841.6,129.48045416,3761
1707969600,48843.0,48869.4,48180.7,48305.8,80.71863844,4398
1707984000,48305.8,48895.5,48180.6,48799.8,195.10646747,7420
1707998400,48792.7,49066.1,48015.0,48285.0,290.46107528,8462
1708012800,48285.1,48688.1,48100.0,48347.1,132.98628302,4923
1708027200,48349.4,48349.4,47672.1,48213.3,113.22880496,4703
1708041600,48213.4,48657.9,48181.8,48617.5,42.42942828,2135
1708056000,48617.5,48680.0,48108.0,48111.4,33.86713672,3414
1708070400,48111.4,48645.0,47952.9,48502.3,134.62091748,6123
1708084800,48502.3,48900.0,47971.0,48160.0,328.18819955,6644
1708099200,48160.0,48516.7,47977.0,48035.2,94.71429999,4121
1708113600,48035.3,48453.7,48000.0,48425.0,59.04797552,2798
1708128000,48425.1,48430.3,48183.8,48249.9,10.78495677,1726
1708142400,48249.9,48310.3,48111.1,48196.0,23.41663964,2375
1708156800,48196.0,48196.0,47845.3,48000.1,87.50596131,3673
1708171200,48000.1,48008.8,46960.4,47296.8,259.91714481,6501
1708185600,47294.4,47735.0,47076.4,47701.0,62.06844773,3460
1708200000,47701.0,48237.7,47625.9,47944.3,48.31736709,2795
1708214400,47944.3,48065.2,47538.7,47777.8,15.13168461,2017
1708228800,47777.9,48017.6,47756.9,47957.3,44.61286421,2400
1708243200,47957.3,48319.2,47934.8,48108.8,64.09447778,3236
1708257600,48108.8,48206.5,47851.7,48074.3,37.23536913,2873
1708272000,48074.4,48247.1,47962.2,48089.0,64.09112804,3219
1708286400,48089.1,48575.0,47930.2,48356.8,92.41327725,3387
1708300800,48356.9,48574.9,48147.7,48291.8,22.90181521,2082
1708315200,48291.8,48634.7,48228.4,48583.2,88.25771047,3799
1708329600,48583.3,48652.0,48334.6,48597.0,149.38321435,6917
1708344000,48597.0,48688.8,48350.2,48406.6,167.5331794,5788
1708358400,48406.6,48493.8,48000.0,48089.9,124.34154859,4825
1708372800,48089.8,48332.4,48001.0,48053.5,74.43189424,3420
1708387200,48051.6,48097.6,47677.5,47904.7,78.07592125,2195
1708401600,47904.7,48285.0,47855.3,48145.5,117.74395029,3264
1708416000,48145.6,48500.0,47815.0,48437.3,147.19076019,6211
1708430400,48431.8,48988.8,47500.0,47806.1,373.42452058,8473
1708444800,47806.1,48220.9,47000.0,48220.2,236.96840234,7394
1708459200,48220.2,48550.0,48058.6,48349.3,159.94301626,4365
1708473600,48349.4,48400.0,48104.4,48104.4,39.0527904,1794
1708488000,48104.5,48155.9,47660.1,47709.6,43.35752787,3590
1708502400,47709.6,47908.8,47100.1,47222.2,172.6849071,7188
1708516800,47222.2,47623.9,46886.6,47344.4,192.89932351,6960
1708531200,47344.5,47559.1,46851.5,47200.0,136.80233032,5290
1708545600,47200.0,48007.5,47050.0,47930.3,101.03571817,3899
1708560000,47934.0,47943.7,47292.1,47652.0,11.56071516,1982
1708574400,47652.0,47837.8,47462.1,47769.8,42.90396259,3275
1708588800,47769.8,47920.0,47487.3,47570.1,162.63627625,5330
1708603200,47570.1,47721.5,47051.0,47721.5,182.67445245,5096
1708617600,47721.5,47818.7,47536.6,47586.0,111.225162,3596
1708632000,47586.1,48070.0,47328.0,47370.0,91.74078102,3612
1708646400,47364.1,47575.7,47122.1,47172.2,24.31447646,2208
1708660800,47180.4,47381.6,47000.0,47009.6,59.35198241,3771
1708675200,47009.6,47326.8,46933.7,47281.9,153.74114945,5734
1708689600,47281.9,47357.4,46933.8,47041.8,138.11578382,5286
1708704000,47041.8,47297.1,46826.1,47210.2,115.39317876,3914
1708718400,47210.2,47252.4,46610.5,46873.7,62.3989611,3126
1708732800,46873.7,47010.5,46731.0,46964.7,13.43658307,1978
1708747200,46965.6,47172.9,46961.2,47172.7,17.76539128,2392
1708761600,47172.7,47255.7,47079.6,47198.9,26.82873752,2534
1708776000,47199.0,47199.0,47143.5,47198.0,54.24211274,2785
1708790400,47198.0,47710.0,47197.9,47604.1,83.78539978,3896
1708804800,47602.0,47700.0,47500.1,47622.0,36.69696395,2416
1708819200,47622.0,47849.9,47503.6,47632.5,65.8620203,2327
1708833600,47632.5,47799.0,47565.3,47741.2,9.88089147,2621
1708848000,47740.5,47798.9,47605.0,47699.9,32.04346844,2810
1708862400,47700.0,47777.0,47501.2,47568.1,41.88260013,2629
1708876800,47568.9,47699.9,47404.9,47689.8,64.81129701,2629
1708891200,47689.8,47925.0,47650.0,47786.2,74.49399386,2671
1708905600,47793.5,47837.4,47537.1,47600.1,10.67035599,1418
1708920000,47602.4,47655.0,47350.0,47350.0,30.997544,3259
1708934400,47350.1,47432.2,47000.0,47075.4,120.34818584,6780
1708948800,47075.4,48686.3,46950.1,48686.3,278.67191968,6983
1708963200,48690.0,50148.3,48627.9,50061.6,510.26540435,12074
1708977600,50080.3,50450.0,49762.9,49926.9,259.47475269,8031
1708992000,49927.0,51775.0,49926.9,51000.0,279.5490293,8133
1709006400,51000.0,51900.0,50999.9,51636.7,225.58776543,7461
1709020800,51636.7,52345.0,51616.2,52050.0,437.36905649,9874
1709035200,52050.0,52850.0,52041.3,52336.5,313.65949281,9518
1709049600,52336.5,53085.0,51850.0,52827.0,315.1418241,7445
1709064000,52827.0,52862.0,52200.0,52621.9,207.55366916,4646
1709078400,52622.0,52622.0,52317.3,52555.0,18.90915456,2241
1709092800,52555.0,53913.2,52545.8,53785.9,240.32442431,5343
1709107200,53786.0,55000.0,53786.0,54546.4,684.83810866,13362
1709121600,54546.4,56595.5,54492.5,56289.2,874.25318422,15456
1709136000,56291.6,58999.0,52500.0,56100.6,1390.4207260101,32476
1709150400,56100.7,57799.5,55000.0,57615.4,420.01832846,11313
1709164800,57615.5,57615.5,56300.0,56704.0,63.97026054,3673
1709179200,56704.0,58559.7,56559.5,57812.3,271.91265531,10650
1709193600,57812.3,58389.1,57259.0,58054.8,443.06519348,12312
1709208000,58054.9,58630.2,57350.2,58004.0,470.62408339,10354
1709222400,58004.1,58121.2,55778.4,56996.1,382.25858127,12096
1709236800,56999.6,57591.0,56101.5,56565.9,149.8185236,6102
1709251200,56566.0,57110.6,56160.0,56500.1,25.85437835,2488
1709265600,56500.1,57062.6,56415.2,56804.3,69.67590738,4473
1709280000,56804.3,57600.0,56718.0,57191.9,185.60683453,8491
1709294400,57192.0,57980.0,56450.0,56541.2,268.19969014,8444
1709308800,56541.3,57650.3,56528.1,57399.5,147.08725401,5781
1709323200,57428.4,58248.0,57428.4,57565.4,210.12843695,5191
1709337600,57568.0,57608.4,57200.0,57507.3,27.21295212,2464
1709352000,57507.3,57507.3,57050.0,57289.3,81.10030886,3533
1709366400,57289.4,57337.8,56962.7,57102.8,93.97139947,4391
1709380800,57102.9,57357.7,56900.0,57032.6,66.95579289,4269
1709395200,57032.7,57300.0,56925.0,57300.0,72.62029428,4078
1709409600,57300.0,57385.0,57001.0,57223.2,59.65895201,3322
1709424000,57223.2,57223.2,56950.0,57157.6,29.41111649,2792
1709438400,57158.3,57269.0,56650.0,56900.0,47.76511596,3419
1709452800,56900.0,57094.0,56681.0,56995.9,65.34047865,4150
1709467200,56995.9,57730.4,56995.9,57376.4,133.63674233,5516
1709481600,57373.0,58050.0,57349.9,57844.0,159.00188993,5457
1709496000,57844.0,58300.0,57727.9,58230.1,193.12476436,4919
1709510400,58230.2,59175.0,57461.2,58499.9,301.48292423,5719
1709524800,58500.0,59275.0,58336.5,59067.1,440.93617266,6095
1709539200,59067.1,60400.0,59054.0,60050.0,696.65055116,16406
1709553600,60050.0,61345.0,59521.0,61229.9,549.74486275,12628
1709568000,61230.0,62164.8,60819.0,62117.3,776.16468084,13077
1709582400,62117.3,63112.0,61600.0,62877.2,625.21081822,10655
1709596800,62901.5,63269.3,62280.3,62819.6,299.54932151,5998
1709611200,62819.7,62999.9,59780.0,60988.1,309.21102165,11285
1709625600,60988.1,61848.6,60345.5,61466.2,267.81604722,10698
1709640000,61466.2,63586.0,61215.4,61481.4,524.94035096,14236
1709654400,61481.4,61625.9,54000.0,56170.8,1639.3289627001,36024
1709668800,55986.6,59347.6,55050.0,58788.1,905.35418456,21037
1709683200,58788.1,59150.9,57887.1,58375.3,89.56420633,2792
1709697600,58350.1,61459.6,58350.1,61439.4,330.04888709,7828
1709712000,61439.4,62227.0,60759.5,61850.0,343.25536825,9983
1709726400,61850.0,62000.0,59450.4,61000.0,595.69299431,10427
1709740800,61000.0,61944.4,60863.8,61307.0,224.9589329,7680
1709755200,61313.9,61932.9,60370.6,60642.5,180.75452296,5635
1709769600,60642.5,60972.5,60201.0,60450.2,37.07660708,2685
1709784000,60450.3,60987.8,60224.4,60951.8,56.38851244,3968
1709798400,60955.4,61734.6,60918.2,61429.5,210.49672601,6738
1709812800,61429.6,62364.9,61179.3,61696.1,476.02641138,8539
1709827200,61662.4,62200.0,61450.0,61746.5,228.4955688,5679
1709841600,61753.7,62110.0,61123.0,61130.1,117.43975977,4170
1709856000,61130.1,61485.5,61059.2,61395.9,26.77074691,1665
1709870400,61412.7,61891.0,61117.6,61590.2,113.32191809,3744
1709884800,61590.2,62000.0,61431.3,62000.0,148.36280251,6959
1709899200,62000.0,64000.0,61280.2,61787.1,674.23907967,14886
1709913600,61784.1,63048.4,60478.8,63048.4,433.95581453,9811
1709928000,63048.4,63496.3,62188.4,62415.5,216.8371613,6198
1709942400,62418.4,62581.1,62124.5,62560.9,65.33185373,2059
1709956800,62551.0,62783.8,62445.5,62613.9,38.89972129,3045
1709971200,62600.1,62697.1,62277.5,62564.4,69.96401411,3832
1709985600,62564.4,62755.5,62400.0,62545.0,78.06987558,3782
1710000000,62545.1,62623.6,62350.0,62496.3,71.17309174,3673
1710014400,62496.4,62660.0,62496.4,62613.1,42.61951171,2502
1710028800,62613.1,63350.0,62545.0,63290.1,168.73946787,2473
1710043200,63290.2,63683.2,63185.5,63469.2,89.33745409,3371
1710057600,63469.3,63930.6,63343.9,63696.4,180.30637741,6277
1710072000,63696.4,63900.0,62892.4,63378.9,103.68699038,5134
1710086400,63378.9,63862.1,63317.8,63578.6,76.34206765,4676
1710100800,63578.7,63581.0,62400.0,63074.3,104.20715267,4407
1710115200,63074.3,63074.3,61390.0,62730.0,80.51636286,3448
1710129600,62730.1,65100.0,62624.4,64855.2,371.15317003,9789
1710144000,64855.2,65950.0,64855.1,65352.3,506.53070985,14036
1710158400,65352.4,66500.0,65263.5,65910.8,454.28437277,12070
1710172800,65910.8,66600.0,65695.4,65825.7,276.06200516,8899
1710187200,65845.2,66488.0,65733.8,65860.0,188.76860072,6009
1710201600,65860.0,66135.3,65222.0,65377.9,52.17410833,3192
1710216000,65396.5,66105.0,65200.0,65932.3,107.06301768,4884
1710230400,65932.3,66131.2,65350.0,65921.8,370.27637717,8559
1710244800,65921.8,66999.0,65000.0,65679.8,470.57777244,10376
1710259200,65679.8,65818.1,62886.1,65402.2,663.38844849,14317
1710273600,65399.6,65442.1,64701.0,65428.9,156.7922632,4579
1710288000,65420.0,66034.0,65303.5,65930.8,88.07565363,3046
1710302400,65930.8,66936.3,65837.0,66718.5,174.1750756,5643
1710316800,66718.5,67399.0,66717.1,66835.3,369.23672985,9662
1710331200,66835.3,66929.5,65549.7,66465.2,312.86478633,8285
1710345600,66465.3,67100.4,66222.1,67100.4,188.84835841,5925
1710360000,67100.4,67110.9,66590.0,66765.6,131.75238518,4512
1710374400,66765.6,66989.4,66311.0,66980.3,62.54913837,2328
1710388800,66980.4,67427.0,66500.0,66967.5,159.45545076,5541
1710403200,66967.6,67200.0,66417.5,66657.8,178.47126237,7684
1710417600,66657.8,66760.5,64842.8,65100.1,585.35571716,12183
1710432000,65100.1,65588.8,63012.0,63704.6,518.46731568,13255
1710446400,63686.7,65930.6,63607.5,65666.4,240.09725291,6205
1710460800,65666.5,66555.0,61301.8,62695.7,246.6540654,6918
1710475200,62752.3,63222.0,61555.5,62913.1,387.9573825,9864
1710489600,62913.1,63026.0,60111.0,62128.0,516.09402258,16598
1710504000,62146.9,63147.3,61926.9,62650.8,260.28102264,8507
1710518400,62650.9,64835.5,62055.7,63382.6,327.76334944,7267
1710532800,63378.5,64065.2,61975.1,63800.0,132.58650073,4310
1710547200,63806.5,64299.0,63333.1,63591.9,78.5285486,1805
1710561600,63591.9,63831.4,63043.0,63829.0,43.46276341,3267
1710576000,63829.0,63829.0,62272.7,62753.6,93.57098,4625
1710590400,62753.7,62968.5,62100.0,62871.5,130.89697315,4270
1710604800,62884.3,62884.3,61250.0,61511.0,148.64211043,5939
1710619200,61511.0,62000.0,59403.8,59885.2,298.97180813,8400
1710633600,59898.3,61084.5,59742.0,61070.6,108.56873943,2654
1710648000,61073.8,61085.2,59200.0,60159.1,142.27979974,5051
1710662400,60164.3,61974.9,59846.6,61463.3,160.26298883,5621
1710676800,61463.3,62500.0,60999.9,62396.7,131.31262911,4256
1710691200,62415.1,63051.0,62250.6,63020.5,139.56816472,4074
1710705600,63002.2,63235.5,62450.0,62820.0,79.29121119,3365
1710720000,62807.7,62827.9,61378.0,62402.1,40.13573325,2724
1710734400,62414.8,63286.6,62169.2,62622.0,75.49455416,4614
1710748800,62614.9,62753.0,61801.8,62584.6,163.57520344,6695
1710763200,62579.3,62960.4,61215.0,61989.3,215.32875882,7859
1710777600,61989.3,62540.8,61249.0,61573.9,133.56873736,5631
1710792000,61583.4,62500.0,61583.4,62162.9,93.42356735,3350
1710806400,62163.0,62600.0,59657.6,60595.3,123.74554033,4587
1710820800,60588.9,60642.9,58501.0,59529.3,405.96236072,10786
1710835200,59529.3,59529.3,57512.9,58037.4,743.81260085,16329
1710849600,58037.5,59000.0,57300.0,58934.3,402.27708016,11030
1710864000,58934.3,60500.0,58854.5,59280.9,378.81821064,8023
1710878400,59274.2,59370.8,56596.4,56998.5,250.77455668,7806
1710892800,56991.4,58341.1,56747.9,56890.8,58.15854147,2741
1710907200,56887.9,58160.4,55950.0,57954.0,291.96481118,8657
1710921600,57954.0,58950.0,57785.1,58433.0,247.78420603,7688
1710936000,58433.0,59333.7,58218.4,58646.8,185.6299306,6952
1710950400,58646.8,60444.0,57200.6,60267.4,345.31284709,7685
1710964800,60289.5,62402.8,60175.5,62092.7,470.26794519,7385
1710979200,62092.8,62416.3,60750.0,61011.3,67.3007372,2148
1710993600,60973.6,61602.3,60408.4,61346.5,190.06076702,4587
1711008000,61346.5,62045.2,61132.6,61500.1,168.54066054,5643
1711022400,61500.1,62151.2,60851.0,61283.3,227.901315,6232
1711036800,61287.7,61676.5,59727.6,60152.6,223.81711307,5728
1711051200,60150.0,60700.0,59491.9,60300.6,77.78497998,3768
1711065600,60300.7,61015.9,60074.7,60883.8,45.29088395,2031
1711080000,60883.8,61488.4,60736.2,61150.7,78.80188438,3966
1711094400,61150.7,61344.2,59300.0,59418.9,225.93917412,6823
1711108800,59418.9,59762.4,57935.0,59098.5,300.47363927,9213
1711123200,59105.8,59391.2,58153.9,59167.2,119.27113465,4693
1711137600,59170.7,59235.6,57750.0,59094.9,135.72509463,4127
1711152000,59100.0,59596.1,58383.2,58885.7,34.86369188,1706
1711166400,58885.7,60052.8,58833.7,59827.0,50.93609248,2736
1711180800,59827.4,60052.8,59476.0,59869.1,38.21384042,3034
1711195200,59869.1,60582.7,59572.6,60310.0,83.77618433,3816
1711209600,60312.7,61139.4,60007.7,60068.9,86.10052466,3425
1711224000,60068.9,60339.6,59200.0,59274.1,54.31466313,2871
1711238400,59274.1,59894.7,59227.9,59285.9,20.4779817,1328
1711252800,59277.9,59857.3,59099.8,59840.6,25.94852656,2266
1711267200,59839.3,60515.9,59731.7,60500.0,66.06599033,3011
1711281600,60500.0,61000.0,60412.1,60796.1,73.01194928,3160
1711296000,60791.5,61127.1,59857.1,60934.2,84.98862937,3551
1711310400,60930.0,62518.0,60850.1,62214.8,151.54353689,4401
1711324800,62205.5,62277.8,61416.5,62247.7,49.38038602,1865
1711339200,62248.1,62635.9,61728.3,61801.6,90.05559827,4441
1711353600,61804.8,62284.0,61697.8,61737.6,151.64728379,6578
1711368000,61735.3,64602.3,61719.6,64430.9,518.22920965,10819
1711382400,64430.9,65500.0,64121.3,65462.4,385.06224643,7669
1711396800,65500.0,65600.0,64144.5,64486.1,185.87324395,5249
1711411200,64486.1,65089.1,64312.1,64980.7,27.69360869,1580
1711425600,64960.2,65936.4,64801.0,65010.6,157.67481731,4783
1711440000,65026.8,65642.8,64866.0,65101.4,185.24902026,5809
1711454400,65111.2,65500.0,63785.0,64888.0,302.63446483,7613
1711468800,64887.8,65081.2,64035.4,64090.9,141.03299016,5434
1711483200,64091.0,64849.4,64086.7,64605.0,59.78671257,3908
1711497600,64605.0,65222.0,64465.0,64993.2,54.65120994,2703
1711512000,64993.3,65088.0,64288.7,64367.5,54.79360463,3569
1711526400,64377.3,64916.7,64100.0,64850.0,206.52624629,6115
1711540800,64850.1,66200.0,63376.6,63646.5,562.63249577,11580
1711555200,63646.5,64100.7,63204.1,63377.7,150.84052917,5513
1711569600,63377.7,64336.0,63347.1,64213.9,80.50538023,3567
1711584000,64213.8,64675.8,63673.4,64002.2,29.21913033,1742
1711598400,64001.3,65180.4,63994.6,65175.6,82.91597965,3675
1711612800,65175.8,65735.8,65149.3,65511.9,211.73893181,6439
1711627200,65511.9,66238.0,65077.0,66025.5,331.59448249,7060
1711641600,66025.6,66056.2,65265.3,65666.0,112.64072827,4598
1711656000,65666.0,65877.3,65461.2,65583.1,47.9478234,2799
1711670400,65590.3,65774.6,65281.4,65402.8,13.99247241,1121
1711684800,65402.8,65458.5,64785.1,64820.9,84.67126128,2634
1711699200,64820.9,65184.4,64584.0,65057.4,89.40559047,3825
1711713600,65057.4,65400.0,64000.0,64130.0,96.46653084,4270
1711728000,64129.9,64586.0,64100.1,64586.0,64.66710112,3276
1711742400,64586.0,64815.0,64302.6,64784.0,38.9795791,2372
1711756800,64784.0,65014.8,64683.7,64686.1,7.98729305,1064
1711771200,64709.7,65150.0,64690.4,64751.5,18.26597582,2144
1711785600,64751.5,65071.7,64699.5,65071.7,46.99011701,2631
1711800000,65072.4,65147.3,64869.8,64920.8,41.85163172,2337
1711814400,64920.9,65150.0,64634.3,64844.9,29.18683903,2450
1711828800,64839.9,64856.8,64580.0,64602.4,14.65338003,1850
1711843200,64602.4,65020.0,64589.6,64840.6,4.58316801,897
1711857600,64840.6,65299.7,64804.8,65179.6,23.10822056,2075
1711872000,65179.7,65299.7,65089.8,65255.6,54.95743509,2456
1711886400,65255.7,65560.0,65250.0,65267.5,93.51378785,2900
1711900800,65267.6,66000.0,65250.0,65857.1,64.03569107,3070
1711915200,65857.1,66130.0,65524.6,66129.9,90.52019013,2569
1711929600,66130.0,66130.0,65464.8,65483.7,32.33772571,1304
1711944000,65483.7,65518.1,64000.7,64600.1,98.12992476,5068
1711958400,64600.1,64715.0,64200.0,64452.4,78.78249591,4367
1711972800,64452.1,65035.8,63502.0,63607.0,142.91661815,6110
1711987200,63607.0,64989.0,63461.9,64880.3,100.08444327,4457
1712001600,64880.4,65075.6,64600.0,64902.9,76.5569326,2409
1712016000,64902.8,64909.3,61500.0,62246.9,206.57956202,4972
1712030400,62246.9,62660.0,61705.0,61982.7,175.97425589,7931
1712044800,61982.7,62194.3,60600.0,61036.0,373.43048928,10863
1712059200,61036.0,61567.0,60045.2,60317.7,312.4557474,11441
1712073600,60317.7,61580.3,60105.7,61396.8,139.18852359,6113
1712088000,61396.8,61491.5,60680.6,60831.6,78.77772489,3347
1712102400,60848.2,61579.6,60027.4,61504.3,62.00084864,2073
1712116800,61525.1,61839.0,61285.0,61500.1,139.70295257,4632
1712131200,61500.1,61932.5,60930.1,61336.4,169.37181233,5912
1712145600,61336.3,61942.0,60700.2,60864.9,125.47504164,5641
1712160000,60864.9,61494.1,60550.0,60852.0,90.04431245,4462
1712174400,60852.1,61200.0,60530.4,60960.1,64.34279759,2925
1712188800,60960.1,61238.9,60517.3,60573.9,18.07977013,1296
1712203200,60574.0,61093.7,60086.1,60887.4,73.54088719,4377
1712217600,60896.5,61253.3,60838.1,61165.2,93.51751779,4548
1712232000,61165.2,62544.4,61150.0,62319.1,298.61196918,6268
1712246400,62319.1,63856.1,62226.2,63230.0,208.2548353,5384
1712260800,63282.5,63350.4,62220.0,63250.0,90.98081854,2952
1712275200,63250.0,63420.0,62400.1,62728.2,19.05607284,1068
1712289600,62728.2,62901.7,61404.9,61769.5,121.19462744,4518
1712304000,61773.5,62432.1,61215.6,61366.7,176.01681778,5255
1712318400,61374.4,63387.9,61080.0,62990.5,180.42660207,5961
1712332800,62990.5,63109.6,62215.1,62272.7,55.46948936,3041
1712347200,62272.7,62725.0,62200.1,62617.2,33.79279058,2020
1712361600,62617.2,62825.3,62287.1,62598.8,6.59334362,860
1712376000,62598.8,63006.7,62454.7,62817.9,48.70731424,1971
1712390400,62817.9,62927.5,62519.8,62561.3,37.08337431,2397
1712404800,62561.3,63050.9,62450.2,62939.3,29.54631622,2066
1712419200,62939.3,63231.4,62784.9,63096.0,49.98322769,2126
1712433600,63096.0,64272.0,63020.0,63600.0,104.67090585,2586
1712448000,63611.3,64363.7,63600.0,64075.7,17.93405576,1104
1712462400,64075.8,64150.0,63800.0,64060.0,28.71008879,2186
1712476800,64060.0,64201.1,63912.5,64063.3,41.70741987,2587
1712491200,64063.3,64446.0,63889.4,64220.3,101.68287312,2860
1712505600,64220.3,64813.3,63544.9,63719.4,126.29514407,3933
1712520000,63719.4,64130.0,63623.8,64047.5,35.14186663,2128
1712534400,64047.5,64457.2,63820.7,64125.2,49.45747167,1426
1712548800,64124.0,65350.0,64005.2,65257.2,125.03433621,5527
1712563200,65257.2,67000.0,65230.3,66805.2,552.03339146,10936
1712577600,66805.2,67132.3,65670.0,66105.7,291.46024161,8462
1712592000,66105.8,66339.2,65651.2,66023.6,162.34476303,4745
1712606400,66023.7,66225.0,65800.1,65918.3,54.37494831,2968
1712620800,65918.3,66024.6,65257.0,65647.6,106.93446251,1960
1712635200,65647.6,65680.1,64799.9,64855.2,164.55041732,5240
1712649600,64855.3,65241.8,64182.0,65188.9,171.97823969,5937
1712664000,65188.9,65267.0,63194.4,63807.5,259.17732719,7173
1712678400,63807.5,63833.3,62857.7,63626.7,123.03394052,5357
1712692800,63575.6,63943.0,63500.1,63699.1,36.60172272,2340
1712707200,63699.1,64088.0,63142.0,63737.3,49.4267645,1600
1712721600,63722.5,64050.0,63606.2,63894.1,64.23248139,4126
1712736000,63894.1,63894.1,63231.2,63615.6,127.632599,4702
1712750400,63615.5,64122.3,62685.4,63944.3,298.16737816,7314
1712764800,63936.4,65197.7,63888.7,65197.7,209.89863021,4848
1712779200,65197.7,66176.0,64750.0,65703.8,125.40473008,3410
1712793600,65703.9,66083.5,65437.8,65916.9,22.55493578,1184
1712808000,65917.0,66300.0,65504.8,65842.7,89.4639063,3906
1712822400,65842.8,66302.6,65149.5,65200.0,127.91100043,4653
1712836800,65200.0,66151.6,64900.1,65268.2,157.61834716,4773
1712851200,65268.2,65700.0,64909.6,65660.1,62.98960209,3310
1712865600,65660.1,65900.0,65116.0,65293.8,57.25630937,2091
1712880000,65293.8,66191.0,65263.3,66191.0,36.00921129,1045
1712894400,66191.0,66456.9,66059.6,66181.5,87.66925678,3749
1712908800,66181.5,66526.6,66125.3,66524.9,137.01696017,4386
1712923200,66525.0,66544.0,65116.4,65150.0,168.23846254,5192
1712937600,65150.0,65316.4,61309.6,62931.8,607.63288459,17089
1712952000,62931.8,63498.1,62825.4,63412.1,124.0984432,4634
1712966400,63403.0,63403.0,62010.0,63299.9,77.9213754,2654
1712980800,63300.0,63980.6,63210.4,63670.3,66.29498131,3278
1712995200,63670.3,63919.7,63331.1,63509.2,82.91648838,3039
1713009600,63509.2,64000.0,63350.6,63829.8,56.13222665,2494
1713024000,63829.8,63850.2,60400.0,61068.3,315.47888756,7499
1713038400,61160.5,62500.0,56735.3,61100.5,984.2346508,29221
1713052800,61091.5,61436.9,59907.7,59983.5,141.20541312,2658
1713081600,60010.0,61777.4,60010.0,61250.0,136.8536405,4358
1713096000,61249.9,62500.0,60536.7,61195.1,268.18827102,5639
1713110400,61217.2,61735.4,59753.3,61020.7,175.99717563,6460
1713124800,61020.7,61962.7,59860.3,61864.3,140.56829145,4527
1713139200,61864.3,61980.0,61167.6,61328.1,42.60735231,1338
1713153600,61328.1,62585.2,60950.2,62352.2,198.99446985,6599
1713168000,62352.2,62800.0,61997.0,61997.1,143.33965085,6543
1713182400,61997.0,62543.3,60200.0,60747.0,258.53878739,7598
1713196800,60747.0,61000.2,58745.6,59690.1,248.92008995,7935
1713211200,59690.1,59967.0,59028.2,59743.0,71.87950755,3578
1713225600,59743.0,60260.4,59200.0,59386.0,28.4394754,1351
1713240000,59392.0,60168.0,58255.0,59911.3,181.58470567,7506
1713254400,59911.3,60028.2,58068.1,59340.8,323.46637946,8332
1713268800,59337.0,59613.4,58175.1,58194.8,166.63806264,6838
1713283200,58194.8,59596.2,58114.2,59117.9,123.35270204,4973
1713297600,59117.9,60649.5,58966.7,60110.0,118.32044261,3286
1713312000,60110.0,60521.8,59957.3,60123.3,9.4710453,970
1713326400,60123.4,60728.9,59600.0,59601.3,89.16036755,4460
1713340800,59625.2,59874.6,58900.2,58932.0,120.92789182,5142
1713355200,58932.0,59213.1,56300.4,56700.1,470.02136495,14548
1713369600,56700.1,58105.7,56177.1,57200.0,333.94213448,8648
1713384000,57220.0,57893.2,57045.6,57500.1,64.12176152,3102
1713398400,57500.1,58300.0,57212.6,58068.2,37.73188342,1264
1713412800,58068.3,58155.8,56950.0,57322.0,138.15012427,5769
1713427200,57322.0,59147.7,57080.1,58711.5,337.52162813,7106
1713441600,58681.8,60200.0,57842.9,59633.8,561.1849009,8366
1713456000,59649.5,59998.8,58633.6,59733.0,113.56278094,4488
1713470400,59733.0,59984.9,59447.0,59707.6,68.712152,2691
1713484800,59712.5,59712.6,56236.1,58126.3,183.15441178,3974
1713499200,58129.5,61200.0,58112.9,60637.3,223.50798207,6542
1713513600,60642.4,61473.4,60314.8,60991.3,180.98485554,5906
1713528000,60991.3,61445.0,59892.8,60533.0,189.3021734,6224
1713542400,60537.8,60846.2,59772.7,60429.1,102.44159019,3941
1713556800,60429.1,60607.6,59223.6,59974.4,88.99895864,3300
1713571200,59974.4,60330.0,59375.2,60131.5,26.92564659,1133
1713585600,60128.9,60423.3,60006.6,60197.9,34.4449656,2018
1713600000,60197.9,60197.9,59534.2,59883.0,82.42161432,2722
1713614400,59883.0,60999.0,59767.0,60906.5,58.9138861,2458
1713628800,60906.5,61494.9,60582.9,60999.1,125.69593896,3624
1713643200,60999.1,61126.1,60750.0,61070.0,36.38034408,1531
1713657600,61070.0,61669.1,60795.1,61249.9,29.80337168,1097
1713672000,61249.9,61273.7,60940.1,61240.5,39.53297882,1594
1713686400,61240.5,61500.0,60935.5,61367.8,69.2030887,2511
1713700800,61367.8,61447.5,60943.9,61135.2,34.97329855,2160
1713715200,61135.3,61175.2,60374.2,60639.9,44.65398569,2527
1713729600,60639.9,61198.0,60502.7,60985.4,31.60065962,1643
1713744000,60985.4,61975.6,60566.2,61658.1,40.53903121,1481
1713758400,61658.1,62399.9,61532.7,62000.1,106.82428542,4304
1713772800,62000.1,62183.1,61795.8,61984.1,142.7572801,6137
1713787200,61984.1,62466.0,61795.8,62040.8,155.52942661,4888
1713801600,62040.9,62734.9,61969.9,62479.2,107.44311195,3869
1713816000,62479.1,63078.4,62317.8,62744.5,74.70686833,2537
1713830400,62736.2,63017.2,62443.2,62443.2,17.85582859,922
1713844800,62443.2,62633.9,61866.8,61921.2,94.75205338,3858
1713859200,61921.2,62261.7,61822.4,61927.6,191.49428366,3802
1713873600,61935.6,62700.0,61787.4,62148.9,94.46784468,3948
1713888000,62154.0,62456.4,62100.0,62100.1,60.34130939,2504
1713902400,62112.3,62143.6,61648.6,62069.7,51.54887188,1842
1713916800,62069.7,62445.0,62048.8,62205.1,14.43025287,916
1713931200,62223.9,62662.1,62206.7,62350.6,66.15789073,3042
1713945600,62354.4,62472.7,61996.4,62291.8,80.09280592,3377
1713960000,62291.8,62414.6,60420.0,60447.0,172.55995591,5925
1713974400,60443.2,60876.5,59638.5,59758.9,150.09756476,4768
1713988800,59758.9,60193.4,59440.4,60078.4,80.46008921,2908
1714003200,60072.6,60456.4,59700.1,60058.1,9.19378256,1000
1714017600,60048.5,60136.9,59600.5,59728.6,57.12711592,3376
1714032000,59728.6,59847.9,59097.6,59561.1,115.09640967,5061
1714046400,59561.2,59918.4,58804.9,59795.0,179.48911432,5243
1714060800,59795.0,60500.0,59714.1,60266.2,107.38545289,3252
1714075200,60285.6,60838.2,60110.0,60120.1,33.77218331,1860
1714089600,60121.3,60255.1,59616.0,60033.9,14.59034361,897
1714104000,60033.9,60200.0,59742.5,59909.5,41.27850751,2194
1714118400,59909.6,60136.6,59690.1,59904.4,119.43540079,3496
1714132800,59904.5,60500.0,59338.7,59418.5,230.18574598,4833
1714147200,59424.0,59909.9,59290.0,59600.2,49.83653951,2453
1714161600,59600.2,59907.2,59600.2,59643.9,19.28055611,1482
1714176000,59643.9,59779.3,58445.6,59038.9,46.258246,2496
1714190400,59045.1,59095.0,58813.0,58950.1,17.07562985,2248
1714204800,58950.1,58980.1,58678.4,58811.9,37.77105304,2756
1714219200,58811.9,59310.0,58776.0,58850.0,33.02379022,2090
1714233600,58850.0,59500.0,58722.2,59238.1,29.9436007,2150
1714248000,59238.2,59392.7,59064.8,59350.0,18.82617788,1292
1714262400,59350.1,60093.9,59350.1,59857.4,18.02877742,1118
1714276800,59843.2,59887.9,59644.8,59749.6,12.3428585,1541
1714291200,59749.6,59804.3,59180.6,59303.7,31.60481426,2094
1714305600,59303.7,59599.5,59250.1,59400.0,24.20076553,1803
1714320000,59400.0,59751.5,59354.0,59595.0,21.72342151,1984
1714334400,59595.0,59595.0,58701.7,58948.0,27.19511527,2009
1714348800,58948.0,59109.3,58100.0,58143.9,41.39855227,1890
1714363200,58143.9,58382.6,57800.2,58203.6,103.56303209,5747
1714377600,58203.6,58462.6,58048.3,58090.5,118.11838305,5461
1714392000,58090.5,58838.3,57810.0,58806.0,241.3540875,5754
1714406400,58806.1,58901.4,58332.9,58701.6,77.35967127,3054
1714420800,58703.2,59794.1,58600.0,59541.1,50.8389193,2565
1714435200,59541.1,60298.9,58945.6,59430.1,29.44438698,1669
1714449600,59430.1,59463.0,58931.1,59005.1,76.49300329,2781
1714464000,59005.1,59068.7,56920.9,57090.6,271.92385389,9862
1714478400,57089.5,57424.7,56533.0,56830.1,528.73840023,9560
1714492800,56830.1,56930.0,55370.0,55448.5,238.23013789,9310
1714507200,55407.1,57132.2,55407.1,56833.5,123.31644829,4199
1714521600,56838.9,56982.4,55878.0,56502.3,39.24320197,1723
1714536000,56502.3,56568.2,53500.0,53859.3,363.79461304,10745
1714550400,53859.3,54184.5,52936.6,54180.5,380.61494593,11924
1714564800,54177.9,54510.8,53043.4,53150.0,215.19388695,6600
1714579200,53150.0,55360.3,53000.0,53200.9,256.19268384,6937
1714593600,53192.8,54536.0,53000.0,54336.5,85.30033211,3488
1714608000,54336.5,54568.4,53163.7,53531.1,35.245886,1376
1714622400,53531.1,53984.8,53350.0,53774.2,85.04636164,5125
1714636800,53774.2,54750.0,53743.6,54688.9,204.86511413,7643
1714651200,54692.0,55533.7,54535.6,55380.3,201.28856954,7536
1714665600,55380.3,55554.8,55043.6,55369.1,91.20571404,3468
1714680000,55374.8,55554.9,54748.0,55122.6,43.94440744,2462
1714694400,55100.1,55879.0,54872.2,55651.6,16.91813442,1107
1714708800,55651.7,55757.0,55052.0,55148.0,65.85516817,4273
1714723200,55148.0,55467.1,54808.2,55183.0,110.41363768,4445
1714737600,55195.6,57630.0,54925.1,57286.5,319.30170513,7111
1714752000,57306.2,57743.8,57210.4,57700.0,101.49127528,3091
1714766400,57691.5,58846.1,57609.2,58479.6,161.75731251,3531
1714780800,58487.6,59055.3,58174.4,58299.1,43.60953688,1061
1714795200,58293.6,58973.0,58282.7,58557.4,39.90759028,2155
1714809600,58557.4,59918.4,58517.3,59374.8,130.0893758,3569
1714824000,59376.3,59635.2,58981.7,59107.2,81.02769745,2406
1714838400,59105.4,59480.1,58904.7,59415.8,44.38016609,2017
1714852800,59415.8,59658.5,59118.3,59385.2,40.99143174,1630
1714867200,59389.3,59626.4,58500.0,58750.0,29.37659377,1113
1714881600,58750.0,59416.8,58703.3,59270.7,16.42339684,1598
1714896000,59270.7,59400.0,59106.0,59345.7,34.31835239,1776
1714910400,59345.7,59950.0,59155.4,59828.7,48.9447497,2275
1714924800,59828.7,59950.0,59330.4,59345.1,68.2188894,2028
1714939200,59345.1,59647.3,59100.0,59500.1,40.27444231,1544
1714953600,59500.1,59838.0,59250.0,59345.6,13.30710234,902
1714968000,59345.6,59947.9,59281.9,59947.8,38.80179935,3693
1714982400,59947.9,60800.0,59274.1,59622.3,275.1552244,6448
1714996800,59622.2,59699.4,58404.2,59062.8,148.08909965,5366
1715011200,59062.7,59155.9,58259.0,58690.0,114.78670335,3040
1715025600,58690.0,59069.8,58562.5,58674.8,36.17342087,1559
1715040000,58674.7,59375.8,58401.2,58735.3,10.18096982,956
1715054400,58735.3,59360.6,58624.3,59180.8,126.74577761,3312
1715068800,59180.8,59807.8,58888.7,58953.2,82.83907198,4111
1715083200,58963.1,59680.5,58571.5,59191.7,215.51283942,4344
1715097600,59191.6,59285.0,58412.3,58633.9,96.08923787,2862
1715112000,58633.9,58731.7,57927.4,57982.4,50.01594414,2521
1715126400,57982.3,58592.4,57830.0,58522.2,14.81068203,1079
1715140800,58547.8,58662.1,57800.0,57910.8,50.06134961,2737
1715155200,57910.7,58111.0,57750.0,57880.3,100.4395238,3533
1715169600,57884.6,58385.0,57436.5,57914.6,108.39851092,3915
1715184000,57914.7,58392.5,57700.1,57865.5,53.46286096,2372
1715198400,57865.4,57903.3,56672.9,56937.6,90.62068154,3339
1715212800,56931.2,57487.7,56893.1,57393.9,37.54076661,987
1715227200,57364.5,57463.7,56960.0,56997.0,34.44844369,2893
1715241600,56996.9,57222.4,56500.0,56920.3,58.24376928,3795
1715256000,56920.2,57771.6,56555.0,57690.2,112.82355939,3663
1715270400,57690.2,58127.3,57331.6,57913.2,54.01489758,2521
1715284800,57912.9,58777.8,57861.0,58507.5,69.53038319,2018
1715299200,58507.5,58519.3,58157.3,58362.9,16.78069445,771
1715313600,58362.9,58770.0,58157.3,58500.1,45.76248852,3028
1715328000,58500.1,58700.0,58272.5,58699.9,98.76614087,3176
1715342400,58700.0,58861.9,56430.0,56586.3,277.28458373,6914
1715356800,56593.4,56902.4,55840.1,56352.1,141.55215152,4568
1715371200,56351.1,56711.3,56190.6,56514.9,27.41927536,2067
1715385600,56514.8,56753.9,56400.0,56404.0,12.42097996,872
1715400000,56413.8,56756.1,56405.2,56704.6,27.85853705,1782
1715414400,56704.6,56755.0,56240.9,56380.9,34.69590882,2310
1715428800,56381.9,57140.7,56377.6,56858.7,49.381473,1933
1715443200,56859.1,57080.0,56700.4,56837.4,82.09975533,1738
1715457600,56831.6,56840.8,56469.0,56506.1,13.97924152,1363
1715472000,56502.5,56755.6,56488.2,56590.1,4.73382708,597
1715486400,56590.0,56763.1,56303.9,56468.9,11.01625994,1366
1715500800,56482.7,56954.7,56471.0,56790.0,22.39011711,1799
1715515200,56789.9,57144.3,56743.4,56995.8,30.58828175,1667
1715529600,56995.9,57426.6,56833.6,57005.8,41.34189355,1949
1715544000,57005.8,57122.8,56632.0,57067.1,13.53948079,1330
1715558400,57067.2,57333.0,56450.0,56756.0,16.94935827,961
1715572800,56778.4,57943.8,56450.1,57823.6,65.24612642,4043
1715587200,57825.5,58630.0,57824.0,58136.0,154.80194013,4873
1715601600,58136.0,58525.0,57799.9,58373.0,141.43765384,4416
1715616000,58369.0,58730.0,57999.0,58499.9,63.33508085,2689
1715630400,58500.0,58500.0,58112.1,58289.9,29.44005237,1497
1715644800,58289.9,58435.8,57768.3,57856.6,168.26180496,2789
1715659200,57847.6,58112.1,56926.7,57462.1,175.74817742,3584
1715673600,57462.1,57462.1,56969.1,57211.0,103.01251394,3289
1715688000,57210.7,57518.2,56542.5,57070.4,114.51447345,4154
1715702400,57070.4,57092.9,56510.1,56900.4,62.08748092,2814
1715716800,56900.0,57048.0,56806.7,56907.9,60.23214182,1858
1715731200,56907.9,57230.5,56735.1,57201.1,11.99245107,872
1715745600,57201.2,57469.0,57103.1,57434.7,60.6236556,3296
1715760000,57434.7,58155.1,57205.6,57672.4,98.52384935,3626
1715774400,57672.4,59836.4,57633.7,59547.8,326.45228623,6538
1715788800,59555.2,61000.0,59548.2,60683.9,254.10877676,5081
1715803200,60667.6,60950.0,60369.8,60785.2,81.15498535,2495
1715817600,60787.5,61121.0,60400.0,60568.0,49.31770184,1284
1715832000,60583.1,60881.3,60277.4,60774.4,102.65769893,3928
1715846400,60773.0,61200.0,60699.9,61178.2,161.22282583,4054
1715860800,61166.8,61300.0,60171.2,60540.1,145.10162274,4307
1715875200,60540.1,60554.9,59462.9,59983.6,223.62612341,3410
1715889600,59978.4,60267.6,59869.9,60000.1,30.47762335,1453
1715904000,60000.0,60599.9,60000.0,60422.0,14.76716451,807
1715918400,60422.1,61139.1,60216.0,61093.4,189.04482363,3537
1715932800,61093.4,61300.0,60910.2,61015.5,92.08707972,3580
1715947200,61015.5,62000.0,60700.0,61821.1,175.37786513,4823
1715961600,61821.0,61921.2,60953.2,61657.0,108.5332197,2871
1715976000,61656.9,61688.7,61375.1,61677.6,31.74597977,1522
1715990400,61679.1,61688.9,61438.6,61601.6,6.57027735,726
1716004800,61603.8,61800.0,61419.5,61527.4,15.60485694,1665
1716019200,61527.3,61965.2,61527.3,61856.6,46.50220621,2229
1716033600,61856.6,61861.8,61300.0,61511.6,42.60144659,2029
1716048000,61490.1,61628.0,61434.5,61541.6,19.37619051,1534
1716062400,61541.5,61660.9,61465.2,61574.7,14.5442321,1267
1716076800,61574.8,61850.0,61502.5,61791.9,7.04329864,693
1716091200,61785.8,61900.0,61585.9,61862.9,25.92834445,1533
1716105600,61862.8,62221.9,61579.2,61940.7,75.03633536,2566
1716120000,61940.7,61940.7,61400.0,61466.8,41.10662024,1892
1716134400,61466.7,61608.4,60591.2,60707.8,45.99013428,2262
1716148800,60707.8,61078.7,60707.8,60944.0,21.05946054,1434
1716163200,60943.9,61350.6,60770.8,61275.7,25.24971145,866
1716177600,61275.6,61775.0,60883.3,61396.2,62.33735262,3622
1716192000,61396.1,61879.9,61331.4,61608.6,80.25463617,4050
1716206400,61608.7,62000.0,61421.1,62000.0,54.41033471,3465
1716220800,62000.0,64412.0,61999.9,64412.0,293.29069062,7387
1716235200,64411.9,65600.0,63504.0,65485.6,339.38857852,9811
1716249600,65485.5,65833.0,64891.4,65346.1,94.2104238,3413
1716264000,65346.0,65494.6,64761.0,64778.4,198.07982847,7323
1716278400,64778.3,65631.6,64778.3,65338.4,239.41375051,7681
1716292800,65338.4,65656.5,64097.4,64232.4,330.83530315,8280
1716307200,64232.3,64577.8,63622.7,63666.5,110.52547455,5383
1716321600,63666.4,64600.0,63666.4,64437.9,49.71465367,2564
1716336000,64441.2,64681.4,64286.4,64341.1,12.83546331,972
1716350400,64345.2,64459.2,63728.9,64129.3,38.91081871,3546
1716364800,64129.3,64750.0,64019.0,64370.3,127.35382103,4245
1716379200,64370.3,64999.0,64082.8,64947.7,98.67280876,4290
1716393600,64947.6,65092.0,64000.0,64276.2,55.38502741,3132
1716408000,64268.6,64553.0,63750.0,63808.6,55.23333447,2434
1716422400,63809.8,64152.1,63808.6,63972.6,9.029241,934
1716436800,63972.6,64395.3,63965.7,64327.1,30.23115289,2521
1716451200,64313.5,64533.8,64121.8,64503.2,99.27378528,3665
1716465600,64503.1,64521.8,62430.0,62832.0,257.37361858,6560
1716480000,62831.9,62927.1,61557.6,62091.7,400.920348,6523
1716494400,62091.7,63100.0,61289.8,62821.9,111.88696414,3402
1716508800,62822.0,62822.0,62540.9,62773.1,8.35539292,990
1716523200,62786.5,62797.2,61812.0,62022.8,83.0324726,3572
1716537600,62022.8,62235.7,61590.2,62105.8,106.90739379,3834
1716552000,62105.8,63050.2,61700.0,62986.7,124.76144443,3971
1716566400,62974.8,63840.5,62609.3,63743.8,116.36309459,2888
1716580800,63743.8,63802.4,63261.7,63261.8,110.18700795,1910
1716595200,63261.7,63500.0,63230.2,63403.1,3.58603791,755
1716609600,63404.0,63460.4,63309.3,63414.1,7.55595767,1449
1716624000,63414.1,64330.2,63414.0,63759.3,108.59587717,2504
1716638400,63759.4,63943.3,63518.8,63595.2,16.17523312,1705
1716652800,63595.2,63878.4,63543.5,63794.7,17.36115854,1568
1716667200,63794.7,63917.7,63688.8,63864.1,10.31516772,1246
1716681600,63864.1,63923.8,63544.8,63686.6,13.48663679,741
1716696000,63686.7,64000.0,63556.9,63914.3,16.4756928,1497
1716710400,63923.0,64060.9,63613.2,63729.5,27.07348448,1814
1716724800,63729.5,63892.1,62460.7,63443.8,178.1734036,3069
1716739200,63443.8,63539.2,63328.3,63482.4,16.14805683,1700
1716753600,63482.4,63482.4,62679.5,63131.6,20.12353921,1547
1716768000,63121.1,63776.7,63092.2,63435.9,10.68794517,923
1716782400,63435.8,63450.2,62953.0,63239.3,47.16810346,3643
1716796800,63239.2,63434.5,62800.0,62967.0,76.63474478,3935
1716811200,62967.1,64800.0,62967.0,64703.6,164.41303798,4840
1716825600,64703.7,64958.7,63550.2,63685.1,96.10390236,3624
1716840000,63685.1,64247.8,63668.0,63878.7,36.17585078,1731
1716854400,63867.0,63964.0,62317.8,62526.9,26.27359659,1644
1716868800,62526.8,62592.0,62002.9,62177.0,77.497116,4192
1716883200,62176.8,63253.7,62114.0,62800.1,111.68613778,3559
1716897600,62800.0,62975.9,62150.0,62814.8,183.56105445,4250
1716912000,62814.9,63127.0,61968.0,62947.5,109.14836015,3598
1716926400,62939.5,63170.3,62698.9,62946.3,19.90537656,1883
1716940800,62948.7,63413.2,62872.7,63373.6,14.66980023,1078
1716955200,63373.5,63460.7,62566.9,62566.9,38.66995309,3316
1716969600,62566.9,62659.8,62350.0,62388.2,102.23021413,3974
1716984000,62388.1,62873.3,62250.2,62280.3,235.35024689,4296
1716998400,62282.3,62597.0,62122.0,62243.6,59.79948102,2905
1717012800,62243.5,62666.0,62150.0,62555.7,19.86036009,1601
1717027200,62555.7,63025.3,62459.4,62995.9,12.21034423,928
1717041600,62996.2,63234.6,62451.6,62489.5,58.73722353,2800
1717056000,62483.6,62894.2,62076.0,62640.1,92.54559335,3335
1717070400,62640.1,63450.0,62608.8,63220.1,190.42858339,3797
1717084800,63220.1,64040.0,63077.9,63353.7,235.92585122,3417
1717099200,63353.6,63353.7,62825.4,63124.6,104.93401854,1735
1717113600,63094.2,63418.5,63080.0,63315.2,7.78228823,778
1717128000,63315.2,63425.1,62882.2,62948.1,25.81971524,2828
1717142400,62951.3,63066.4,62606.0,62966.4,73.34618996,3284
1717156800,62966.4,63522.7,61942.3,61950.1,122.54715551,4739
1717171200,61950.0,62601.0,61458.5,62289.9,100.63567647,3789
1717185600,62309.8,62430.2,61950.1,62241.7,28.0525742,1572
1717200000,62241.7,62414.6,62149.2,62391.2,6.64821482,942
1717214400,62388.6,62433.4,62293.6,62326.9,10.73761515,1807
1717228800,62326.9,62450.3,62302.0,62365.0,20.08825481,2024
1717243200,62368.3,62517.0,62362.2,62430.0,20.84687757,1736
1717257600,62430.1,62492.2,62300.5,62450.1,20.56845073,1856
1717272000,62450.1,62500.0,62384.6,62406.9,9.20483298,1207
1717286400,62406.8,62518.0,62382.1,62459.3,2.77199925,666
1717300800,62459.3,62515.4,62382.1,62447.5,8.08716534,1381
1717315200,62447.5,62883.1,62086.1,62863.3,34.91017093,2200
1717329600,62863.4,62988.0,62515.6,62740.0,28.95016527,1938
1717344000,62740.0,62821.2,62069.6,62407.8,32.77205804,2006
1717358400,62407.8,62600.0,62256.5,62452.2,12.5254628,1349
1717372800,62452.2,63300.0,62327.2,63000.2,19.83237591,1233
1717387200,62998.9,63700.0,62894.2,63491.3,133.64993459,4733
1717401600,63491.3,63966.7,63491.2,63673.9,143.36279443,5141
1717416000,63674.0,64630.0,63074.4,63887.9,203.31428934,6084
1717430400,63887.9,63957.2,63250.0,63474.6,51.77936982,3619
1717444800,63474.9,63734.1,63020.1,63067.0,66.34451428,2129
1717459200,63065.9,63512.3,62964.0,63382.9,18.84052763,1336
1717473600,63383.0,63457.7,63087.6,63336.7,26.13158906,3582
1717488000,63336.7,63477.7,63020.3,63450.6,96.77742452,4171
1717502400,63450.7,64769.9,63341.3,64735.8,153.724131,5090
1717516800,64735.9,65223.0,64385.3,64684.9,237.91758725,4718
1717531200,64685.0,64978.8,64478.3,64796.5,49.64422921,2012
1717545600,64783.4,65400.0,64692.1,65184.0,63.1587007,1444
1717560000,65162.3,65500.0,65074.4,65443.0,76.49099173,3609
1717574400,65443.8,65480.0,65051.0,65246.7,160.24537005,3768
1717588800,65246.7,65940.4,64809.1,65868.1,263.0134995,5259
1717603200,65869.4,66000.0,65156.6,65499.9,133.65385925,3975
1717617600,65500.0,65600.8,65077.0,65347.2,51.26520633,2421
1717632000,65347.2,65421.6,65150.8,65220.5,4.97952578,854
1717646400,65220.5,65283.5,65037.1,65244.0,48.97453661,2734
1717660800,65244.0,65463.1,65120.2,65460.7,84.67010285,3494
1717675200,65460.7,65750.0,65250.1,65509.2,268.84872269,4330
1717689600,65509.2,65538.0,64709.9,64715.5,91.52914357,3043
1717704000,64715.5,65114.2,64385.1,64983.4,51.98119694,2200
1717718400,64981.9,65129.6,64874.1,65129.6,4.47106215,745
1717732800,65129.6,65530.0,65129.5,65245.1,47.90771798,3026
1717747200,65245.1,65719.4,65187.6,65719.4,168.10701435,3582
1717761600,65719.3,66091.1,65173.7,65724.9,281.98690159,4845
1717776000,65724.9,65813.7,63244.0,64237.9,289.67414389,6019
1717790400,64150.1,64384.0,63888.4,64270.9,32.41313676,2075
1717804800,64270.9,64374.7,64229.7,64314.1,13.16645432,776
1717819200,64314.0,64457.1,64154.7,64449.2,20.91991971,1753
1717833600,64449.2,64449.2,64232.0,64303.7,22.5767464,2016
1717848000,64275.5,64386.2,64122.9,64359.6,19.39987634,1822
1717862400,64359.6,64410.0,64277.8,64409.9,16.01189195,1566
1717876800,64410.0,64410.0,64238.1,64257.0,10.19227648,1206
1717891200,64256.9,64263.3,64115.2,64191.6,3.15130373,676
1717905600,64191.5,64345.4,64175.8,64273.5,8.60497678,1464
1717920000,64273.6,64324.1,64265.7,64304.2,20.98780991,1805
1717934400,64304.2,64585.5,64173.4,64400.1,44.10724807,2330
1717948800,64400.1,64697.8,64366.0,64566.8,64.1486126,2337
1717963200,64566.8,64750.5,64561.6,64651.3,31.75815637,2295
1717977600,64651.3,64749.0,64460.0,64676.1,37.38368695,1533
1717992000,64676.0,64749.0,64371.1,64371.2,56.0513079,3533
1718006400,64371.2,64658.5,64350.0,64563.8,59.64824355,4387
1718020800,64564.0,65290.7,64441.4,65153.2,112.74249025,4842
1718035200,65160.6,65185.8,64500.0,64541.6,54.18529662,2745
1718049600,64550.4,64731.6,64400.0,64546.7,158.16537983,1801
1718064000,64546.8,64587.2,63073.8,63530.6,55.41249409,2098
1718078400,63539.1,63539.1,62524.0,62753.5,102.41241146,5336
1718092800,62753.5,62917.1,62057.1,62300.1,174.51837449,6046
1718107200,62300.1,62708.6,61600.0,61685.2,165.69268073,6608
1718121600,61699.9,62959.9,61644.7,62773.8,143.34712226,4463
1718136000,62773.8,62967.8,62610.2,62739.3,118.36412065,2014
1718150400,62739.3,62918.2,62350.0,62765.9,18.00237597,875
1718164800,62764.5,62961.8,62559.7,62782.7,52.74589153,3710
1718179200,62782.7,63267.6,62673.8,62976.2,89.97376182,3817
1718193600,62976.3,64532.8,62934.8,64356.3,239.23735059,5346
1718208000,64353.5,64443.9,62273.9,62557.7,416.8897745,4107
1718222400,62510.1,63533.2,62434.0,63141.0,66.50056721,1697
1718236800,63141.1,63261.3,62008.4,62443.9,23.40601195,1154
1718251200,62444.0,62663.4,62316.0,62637.6,54.94735121,3333
1718265600,62637.7,62998.4,62242.1,62807.2,103.58177957,3442
1718280000,62812.4,63342.9,61690.5,61789.1,148.88070369,4819
1718294400,61789.6,62434.2,61670.2,62011.8,64.50922341,3209
1718308800,62011.7,62360.9,61941.2,62196.7,26.61395025,1563
1718323200,62196.8,62355.5,61933.2,62126.1,9.69089073,1010
1718337600,62126.1,62599.8,62107.3,62461.1,73.87903513,3280
1718352000,62461.1,62822.4,62427.2,62632.6,67.85909078,3365
1718366400,62632.5,63050.0,62034.3,62034.4,83.88800645,3367
1718380800,62034.4,62168.3,60790.0,61191.0,160.63299475,5945
1718395200,61205.4,62219.0,61175.1,61733.7,72.40637931,1848
1718409600,61746.8,61967.9,61735.3,61917.0,24.63050139,674
1718424000,61938.4,62068.9,61755.1,61760.4,18.09508704,1337
1718438400,61760.4,62000.0,61760.3,61942.1,30.10125097,1795
1718452800,61942.1,62110.8,61861.5,61967.5,20.18762457,1626
1718467200,61972.0,62018.3,61695.0,61754.9,24.98256972,1651
1718481600,61754.8,61880.7,61500.0,61827.5,15.51187839,1200
1718496000,61827.5,61884.5,61743.9,61775.1,8.03384463,611
1718510400,61776.0,61973.2,61694.2,61875.7,8.05168471,1140
1718524800,61885.6,62351.7,61821.8,62122.9,19.17038232,1857
1718539200,62113.0,62366.9,62111.9,62322.1,15.03485868,1547
1718553600,62315.9,62329.0,62106.8,62137.2,16.26406263,1648
1718568000,62137.2,62486.9,62046.2,62247.8,19.96198358,1414
1718582400,62247.8,62463.9,61818.1,61858.1,15.44639368,880
1718596800,61858.1,62142.6,61613.7,61784.9,79.37233118,3039
1718611200,61785.0,61873.2,61215.0,61403.1,83.08803753,4081
1718625600,61393.0,61406.0,60745.0,60932.1,134.05660511,5403
1718640000,60941.7,62637.1,60800.2,62015.1,111.42549088,3480
1718654400,62092.6,62128.0,61628.0,61899.4,108.59143412,1626
1718668800,61899.4,61982.5,60225.9,61063.1,48.05303771,2652
1718683200,61077.4,61407.5,60939.4,61235.1,66.94470324,3241
1718697600,61238.1,61320.0,60820.0,60999.9,138.28968547,4007
1718712000,61000.0,61044.0,59906.0,60233.0,277.92235661,6420
1718726400,60233.1,60423.8,59683.4,59965.9,119.88226003,4134
1718740800,59953.6,60781.3,59789.2,60670.0,38.83193922,1864
1718755200,60679.0,61029.5,60390.3,60943.3,10.82129474,852
1718769600,60907.1,61192.6,60762.9,60820.2,44.68032472,2444
1718784000,60820.2,60913.4,60498.2,60599.9,69.80488741,3182
1718798400,60600.0,60720.0,60259.9,60355.4,86.35354435,3278
1718812800,60355.5,60683.4,60291.8,60380.9,59.97461646,2348
1718827200,60380.8,60500.0,60239.9,60448.9,60.86958963,1540
1718841600,60448.9,60803.4,60327.7,60680.7,14.85766114,880
1718856000,60682.8,61408.4,60580.6,61391.6,104.40300988,2578
1718870400,61391.6,61899.0,61155.6,61701.8,113.03146964,3381
1718884800,61701.7,61800.0,60280.1,60510.4,135.2165055,3804
1718899200,60509.1,60798.0,60280.1,60703.0,33.79996493,2212
1718913600,60719.8,60849.0,60547.5,60568.3,22.55108916,1324
1718928000,60562.4,60664.6,60070.1,60180.7,20.52228967,1075
1718942400,60172.4,60551.7,60050.0,60115.1,33.07673012,2338
1718956800,60115.1,60215.9,59400.0,59627.8,128.16324602,5057
1718971200,59627.7,60177.0,59334.0,59546.7,130.85048414,4660
1718985600,59571.7,60000.0,59370.0,60000.0,34.92046269,2525
1719000000,60016.1,60208.0,59684.6,59977.6,24.6373576,1518
1719014400,59977.5,60143.8,59834.0,60124.5,5.93404639,714
1719028800,60134.2,60310.5,60074.2,60291.4,16.26599644,1410
1719043200,60300.6,60305.0,60024.5,60073.3,26.51536261,1668
1719057600,60073.3,60141.0,60053.3,60070.1,64.25663057,1703
1719072000,60070.1,60100.0,60050.0,60050.1,12.84339564,1142
1719086400,60050.1,60062.0,59956.2,59974.7,9.6303289,1023
1719100800,59974.7,60208.2,59974.6,60130.6,6.11685891,696
1719115200,60123.4,60132.3,60061.0,60099.0,8.77278024,971
1719129600,60099.0,60136.7,59969.0,60044.0,22.9380381,1634
1719144000,60044.0,60133.8,59834.2,59853.0,21.59790806,1764
1719158400,59853.0,59952.9,59659.6,59893.3,29.64190186,1825
1719172800,59893.3,59932.1,59062.0,59085.9,32.8572624,2164
1719187200,59096.9,59230.7,58670.9,58739.8,36.21657431,1898
1719201600,58739.8,58814.6,58000.0,58264.8,188.33550429,6955
1719216000,58264.8,58698.1,56503.1,57069.1,264.09368741,9798
1719230400,57069.1,57390.8,56564.0,56687.4,202.86970116,6888
1719244800,56693.0,56865.7,55000.0,55231.3,261.91248999,8713
1719259200,55235.1,56272.6,54418.4,56156.9,165.85359434,5337
1719273600,56154.6,57361.1,56118.3,57074.6,94.50495297,1484
1719288000,57070.3,57169.2,56479.6,56536.4,90.15845303,3848
1719302400,56540.0,57300.0,56513.6,57139.8,159.06204824,4484
1719316800,57139.8,58081.2,56913.4,57777.1,193.84124807,5019
1719331200,57777.1,58185.0,57099.0,57868.5,216.38548566,3460
1719345600,57833.6,57999.9,57600.0,57728.1,36.94133901,1761
1719360000,57728.1,58255.1,57600.0,57816.8,24.95245161,933
1719374400,57816.8,57866.5,57505.7,57720.3,42.80233933,2465
1719388800,57720.4,57734.0,57227.6,57441.4,106.30652758,3434
1719403200,57441.3,57977.1,57282.5,57500.9,116.7180448,3680
1719417600,57500.9,57567.9,56850.0,57038.2,111.02721332,3052
1719432000,57038.8,57142.5,56850.0,56910.8,29.17057782,1762
1719446400,56919.0,57188.3,56850.1,57020.7,16.66607347,1015
1719460800,57020.7,57155.7,56645.1,56809.2,57.19296068,2606
1719475200,56809.2,57336.1,56733.8,57161.1,78.11093607,3107
1719489600,57161.0,58155.0,57038.2,57450.4,228.77752628,4215
1719504000,57455.2,57864.6,57314.2,57339.6,50.28172115,2205
1719518400,57339.5,57559.5,57273.0,57535.2,18.20498528,1358
1719532800,57550.5,58120.0,57415.8,57782.0,13.01032947,872
1719547200,57772.1,57772.1,57184.0,57296.1,46.40466383,2506
1719561600,57296.1,57658.1,57185.3,57591.3,134.96753412,3537
1719576000,57602.9,57706.7,56658.8,56924.0,121.48421985,4184
1719590400,56924.0,56974.2,56035.7,56035.7,62.25675449,3234
1719604800,56035.7,56316.9,56011.0,56310.0,43.94581295,1797
1719619200,56310.0,56844.1,56309.9,56634.6,17.62544821,955
1719633600,56643.6,57000.0,56601.9,56938.2,21.35111816,1485
1719648000,56938.2,57103.4,56788.9,56988.8,52.82547747,2022
1719662400,56988.7,57056.2,56866.0,57007.9,16.14909395,1801
1719676800,57007.9,57008.5,56844.4,56958.8,11.24410749,1610
1719691200,56958.8,56977.2,56823.3,56875.0,10.97003225,1296
1719705600,56875.0,56938.4,56716.0,56787.4,9.25369269,890
1719720000,56790.9,57581.9,56652.1,57349.1,36.57563355,2082
1719734400,57349.0,57483.8,57211.2,57351.1,33.75234752,2167
1719748800,57351.1,57600.0,57188.4,57508.6,21.47874701,1976
1719763200,57518.2,57849.8,57408.2,57787.0,46.56342996,2124
1719777600,57787.0,58579.0,57529.5,58393.0,51.52212807,2348
1719792000,58393.0,59254.7,58230.0,58936.0,27.97887507,1381
1719806400,58936.0,58960.8,58702.6,58782.2,51.33850727,4796
1719820800,58782.2,58816.6,58181.9,58200.5,162.71879912,5548
1719835200,58200.4,58757.8,58106.9,58757.8,190.66786418,5219
1719849600,58757.9,59443.1,58635.1,58830.1,179.6437008,3544
1719864000,58818.2,58982.5,58470.5,58543.7,36.52989613,1660
1719878400,58523.5,58864.1,58450.1,58762.9,6.8805757,809
1719892800,58762.9,58857.9,58328.5,58347.8,42.21945001,3956
1719907200,58347.9,58537.4,58176.5,58502.3,115.82785506,3994
1719921600,58502.2,58698.1,57549.0,57636.9,207.16419475,4999
1719936000,57638.9,57987.1,57510.0,57534.1,110.51403676,2991
1719950400,57539.9,57769.6,57501.4,57720.8,39.60751574,1905
1719964800,57730.5,57859.4,56400.0,56696.6,47.49844579,1914
1719979200,56696.5,56904.4,56520.0,56530.8,57.89877051,4432
1719993600,56530.7,56604.3,55303.5,56040.8,229.70886178,6644
1720008000,56040.8,56161.6,55380.5,55666.9,133.7079716,5718
1720022400,55667.0,56124.2,55310.2,55310.3,83.20732848,3983
1720036800,55310.2,55910.8,55075.0,55750.1,64.43865645,3269
1720051200,55750.1,55971.2,53654.7,54780.8,235.83791449,4991
1720065600,54780.8,55624.9,53300.0,53864.7,932.51923252,8447
1720080000,53864.6,54139.1,52762.1,53450.9,419.1779377,9041
1720094400,53451.0,53942.5,52557.6,53754.2,386.14200334,8633
1720108800,53761.5,54227.4,53400.1,53888.2,109.1418766,4190
1720123200,53888.1,54335.6,52673.1,52772.7,102.82962262,2882
1720137600,52772.5,53140.0,50499.9,51000.0,255.75862631,6115
1720152000,51013.8,51151.4,49505.0,50242.5,687.05246036,14835
1720166400,50242.4,51431.2,49794.3,51295.9,367.44340719,9214
1720180800,51296.0,52346.0,50722.6,52346.0,280.69685112,7056
1720195200,52346.0,52682.0,51600.0,52111.9,116.51432634,4100
1720209600,52111.9,52466.7,51972.8,52257.4,45.00791209,2165
1720224000,52256.6,52540.0,51857.6,52053.1,13.92495679,988
1720238400,52052.2,52347.4,51750.0,52307.5,41.70102975,2131
1720252800,52305.4,52539.9,52159.0,52441.7,50.82331757,2583
1720267200,52451.8,52923.6,52250.0,52832.7,125.37711585,2661
1720281600,52848.6,53518.7,52730.2,53308.7,118.34578918,2325
1720296000,53308.7,53832.0,53283.7,53702.8,48.15842721,1830
1720310400,53702.9,53794.7,53319.3,53440.6,21.64291466,943
1720324800,53451.9,53455.0,52657.6,52887.3,44.67161885,1783
1720339200,52887.0,53397.0,52880.1,52980.0,50.84203625,2041
1720353600,52974.8,53108.4,52135.0,52376.6,84.51079139,2585
1720368000,52376.6,52888.6,52325.1,52755.5,46.69326081,2106
1720382400,52762.7,52966.9,51507.6,51590.4,68.04724441,2439
1720396800,51591.4,51730.5,50190.0,50943.2,42.68867067,2604
1720411200,50943.2,51625.0,50760.7,51549.0,112.15881432,4136
1720425600,51549.0,53677.8,51451.1,52739.3,312.90867292,7590
1720440000,52739.2,53070.6,50715.0,51443.4,341.8096592,6257
1720454400,51440.8,52214.5,51187.7,52186.4,110.14070235,3080
1720468800,52186.3,52500.0,51927.5,52314.7,93.22671333,2129
1720483200,52309.3,52831.2,51964.5,52738.2,23.49254529,1928
1720497600,52734.2,53225.0,52690.3,52744.4,91.11179809,4146
1720512000,52752.5,53396.6,52692.7,53091.1,295.59186044,4944
1720526400,53091.0,53688.9,52640.1,53154.4,227.80032344,3979
1720540800,53155.3,53897.5,53103.6,53501.7,223.73585358,3011
1720555200,53493.0,53799.9,53348.0,53623.4,159.7932503,1947
1720569600,53623.5,53749.1,53058.4,53749.1,52.00663775,1280
1720584000,53749.1,54878.7,53746.1,54504.9,252.56095466,4683
1720598400,54505.0,54576.4,53900.1,54000.2,280.66794776,3892
1720612800,54000.2,54070.2,53140.6,53311.8,178.78825016,4260
1720627200,53311.4,53577.6,53005.0,53032.9,40.327207,2997
1720641600,53032.9,53397.2,52817.1,53320.6,32.66645499,3462
1720656000,53285.2,53837.5,52710.0,53105.4,21.30631718,1783
1720670400,53107.2,53765.9,53033.8,53668.7,205.7900568,3681
1720684800,53672.4,54100.0,53525.5,54100.0,455.75070645,3582
1720699200,54099.9,54538.1,52700.0,52755.0,316.58096918,4714
1720713600,52755.0,53368.2,52623.4,52806.6,47.79714519,2443
1720728000,52811.2,52995.0,52625.0,52735.3,50.64203244,2013
1720742400,52735.3,52956.8,52080.0,52365.3,164.86191442,2589
1720756800,52358.9,52827.4,52189.1,52515.0,121.6888688,3930
1720771200,52515.0,52622.6,52110.1,52480.0,555.1946613,4804
1720785600,52479.9,53400.0,52479.9,53391.6,92.9386644,3435
1720800000,53391.7,53627.8,52786.8,52786.8,147.96194708,2428
1720814400,52802.5,53088.1,52391.7,53088.1,21.39873619,1408
1720828800,53088.1,53167.6,53000.1,53020.1,3.30237088,587
1720843200,53029.9,53381.4,53000.0,53366.4,16.35253137,1986
1720857600,53368.9,53941.0,53147.5,53672.9,59.26785072,2353
1720872000,53672.9,53959.8,53595.2,53930.8,33.4958172,1819
1720886400,53930.8,53999.0,53708.0,53796.4,32.18078755,1624
1720900800,53796.4,54839.0,53500.0,54290.7,65.2962604,2055
1720915200,54268.5,54849.8,54260.4,54571.3,14.44641595,765
1720929600,54580.7,55349.1,54547.8,55160.9,74.1185885,2605
1720944000,55160.9,55725.9,55077.0,55251.0,253.50857488,2775
1720958400,55251.1,55292.9,54669.1,55204.7,34.39154453,2054
1720972800,55204.7,55260.2,55052.5,55052.6,32.18105186,1714
1720987200,55052.6,56399.9,55047.4,55871.7,82.86664566,2536
1721001600,55878.2,57617.1,55790.9,57512.1,57.33619966,1777
1721016000,57535.6,57900.0,57353.4,57707.3,100.16368704,5072
1721030400,57707.4,57966.9,57122.2,57313.1,117.53664608,4842
1721044800,57313.0,57995.0,57298.0,57811.1,178.81765934,5206
1721059200,57811.1,58585.0,57707.3,58200.0,136.67738092,3735
1721073600,58199.9,59543.6,58143.0,59441.1,165.10819394,2727
1721088000,59417.6,59589.9,59190.2,59478.0,20.4314714,1072
1721102400,59477.2,59666.2,57581.3,57720.3,105.86423698,4491
1721116800,57724.3,58551.0,57300.0,58503.1,128.44928535,4323
1721131200,58515.3,59666.0,58034.0,59666.0,148.72622349,4481
1721145600,59666.0,59900.0,58931.5,59800.0,95.60543839,3390
1721160000,59799.9,59950.0,58890.9,59740.4,79.21120946,2249
1721174400,59740.4,60632.4,59640.2,60276.9,90.11333956,1722
1721188800,60270.1,60511.8,59825.8,59878.6,58.45830111,3395
1721203200,59878.6,59986.2,59059.9,59180.0,83.59530007,3866
1721217600,59212.1,59853.6,59077.0,59264.1,78.89262077,3651
1721232000,59264.0,59283.3,58505.0,59073.9,129.08863418,3149
1721246400,59084.5,59129.5,58600.2,58604.0,50.22097814,1804
1721260800,58604.0,59519.7,58500.1,59331.5,46.04079581,1047
1721275200,59331.5,59492.3,58938.2,59220.1,46.55459335,2485
1721289600,59220.0,59421.1,58982.1,59264.0,62.21039535,2837
1721304000,59264.0,59617.0,58138.0,58250.6,230.43632589,4032
1721318400,58250.7,58614.2,58040.8,58311.0,47.06273814,2389
1721332800,58314.1,58838.5,58230.1,58710.0,31.64193394,1500
1721347200,58710.0,59076.9,58186.7,59059.0,20.77338858,995
1721361600,59062.1,59210.4,58470.5,58514.9,36.91994091,2719
1721376000,58515.0,58923.4,58262.7,58840.5,59.95850666,2989
1721390400,58843.9,60483.1,58798.9,60479.6,260.56490223,4644
1721404800,60479.6,61965.0,60479.6,61824.7,145.25085679,4199
1721419200,61798.6,61910.0,61252.5,61333.1,57.26640911,1852
1721433600,61333.1,61436.2,60925.8,61265.0,76.66720502,1108
1721448000,61265.1,61357.6,61089.7,61189.4,19.5674603,1590
1721462400,61189.3,61296.1,61109.1,61119.4,22.71436616,1914
1721476800,61119.3,61380.0,60963.7,61357.9,17.57139153,1729
1721491200,61357.9,62063.5,61310.3,61685.6,71.62299458,2320
1721505600,61685.5,61911.3,61400.0,61636.5,11.26864053,1234
1721520000,61636.5,61850.0,61511.8,61675.6,1.965276,690
1721534400,61675.6,61705.9,61200.0,61237.7,17.22529454,1471
1721548800,61237.7,61510.0,61237.6,61392.4,45.48716894,1715
1721563200,61392.3,61911.0,61200.0,61622.6,26.91055182,1940
1721577600,61622.6,62119.8,60450.0,61885.6,100.88970297,3141
1721592000,61891.4,62665.8,61790.0,62505.6,94.42548809,2578
1721606400,62505.6,62772.9,62228.2,62310.0,14.78604916,996
1721620800,62310.0,62400.0,61714.0,61781.1,42.8870096,3781
1721635200,61781.0,62056.0,61542.0,62008.0,102.20074214,4667
1721649600,62008.0,62460.0,61122.3,61621.0,213.66319956,5146
1721664000,61621.1,62650.0,61363.0,62648.6,96.9601719,3928
1721678400,62648.6,62650.1,61786.3,62019.4,64.12382986,2364
1721692800,62019.4,62169.8,61735.2,61913.9,85.52784917,1851
1721707200,61914.0,61955.4,60861.5,61180.1,91.77014874,4581
1721721600,61180.0,61785.7,61144.9,61418.7,126.21112121,3766
1721736000,61418.6,62007.0,60801.8,61376.1,165.21877957,4127
1721750400,61369.0,61527.7,60177.8,60281.1,719.74908414,7724
1721764800,60326.1,60733.3,60234.7,60671.4,185.40431242,5217
1721779200,60671.3,60834.7,60277.1,60820.3,48.27306393,1535
1721793600,60820.3,60949.9,60442.0,60949.8,91.13742574,3294
1721808000,60949.8,61396.1,60914.8,61150.0,118.84864146,3931
1721822400,61149.9,61737.5,60972.4,61046.3,151.89045092,4065
1721836800,61046.4,61465.1,60555.0,60555.0,75.42057548,2815
1721851200,60560.4,60961.9,60069.8,60322.4,37.31603131,2330
1721865600,60322.4,60514.2,58970.5,59156.4,40.54542004,2594
1721880000,59156.4,59406.3,58900.0,59121.4,65.15314297,3631
1721894400,59121.3,59360.1,58888.0,59077.1,140.57563063,4102
1721908800,59077.0,59845.3,58553.4,59639.3,135.49800251,4715
1721923200,59667.3,60000.0,59347.7,59700.0,47.67581985,2702
1721937600,59630.5,60932.0,59398.5,60642.9,82.73693489,2110
1721952000,60643.9,62041.8,60609.0,61770.0,181.58672934,2063
1721966400,61753.0,61920.0,61564.2,61701.9,55.69044146,3525
1721980800,61702.0,62156.2,61701.9,61979.0,112.05898535,3880
1721995200,61984.8,62550.0,61675.9,62200.0,173.86877081,4504
1722009600,62200.0,62736.7,61998.0,62653.3,87.94670522,2528
1722024000,62653.2,62768.0,62172.0,62554.2,76.22238339,1928
1722038400,62555.9,62672.3,62325.6,62433.1,76.69776075,905
1722052800,62433.2,62850.0,62433.1,62690.1,27.90752083,1815
1722067200,62690.1,62853.0,62543.7,62810.9,31.01640104,2084
1722081600,62810.9,63820.0,62810.9,63344.0,112.93435128,3761
1722096000,63344.1,63500.0,62416.7,62863.8,115.45734077,3298
1722110400,62886.2,63600.0,61381.1,62429.0,189.36728376,4142
1722124800,62509.7,62808.9,61987.5,62554.6,13.66654115,937
1722139200,62558.7,62639.3,61804.1,62208.0,25.64782155,1692
1722153600,62208.0,62607.9,61946.1,62513.5,54.54904789,1814
1722168000,62492.7,62718.1,62250.8,62266.7,25.78330821,1742
1722182400,62266.7,62858.3,62257.1,62707.7,33.71991863,1850
1722196800,62708.6,62831.0,62458.0,62831.0,26.44875553,1350
1722211200,62831.0,64149.9,62830.9,63797.2,101.56584473,2038
1722225600,63797.2,64276.7,63738.6,64059.8,87.63613547,4673
1722240000,64059.8,64400.0,64018.8,64308.8,87.35029912,4386
1722254400,64308.8,64699.9,62531.5,62917.5,300.80731152,6726
1722268800,62917.5,62917.5,61435.9,62157.4,162.12527032,5650
1722283200,62157.4,62307.0,61581.4,61765.8,106.61698687,2393
1722297600,61765.7,61790.2,60883.8,61552.3,40.36966801,1936
1722312000,61541.0,61860.2,61323.9,61847.0,53.13920718,3210
1722326400,61847.0,61847.0,61286.5,61509.9,90.33870545,3708
1722340800,61502.8,61847.0,60688.4,61251.0,97.58890687,4383
1722355200,61250.9,61529.3,60686.0,60944.0,79.49136489,2914
1722369600,60976.3,61332.4,60451.2,61188.0,34.336688,2071
1722384000,61187.9,61359.4,60960.6,61007.0,10.70439239,1057
1722398400,61034.4,61462.5,60531.5,61198.8,42.91015856,3330
1722412800,61198.8,61340.5,60874.4,61024.5,69.30816715,3403
1722427200,61020.2,61623.3,60904.8,61321.3,96.11925886,3781
1722441600,61319.7,61750.0,60000.0,60281.3,85.02689501,3663
1722456000,60281.3,60430.8,59602.4,59725.1,132.05454016,3869
1722470400,59725.1,59874.7,58905.6,59034.6,51.31238674,2521
1722484800,59020.9,59664.6,58760.3,59561.5,80.30000167,4926
1722499200,59561.5,59994.3,59561.4,59916.8,102.87577303,4183
1722513600,59917.8,60139.6,58102.0,58300.1,202.33962571,6802
1722528000,58300.1,58778.0,57548.1,58778.0,255.58824901,7130
1722542400,58735.8,60770.4,58696.3,60554.6,91.67082121,2945
1722556800,60550.0,60767.5,59032.2,59823.8,65.03959111,1346
1722571200,59823.8,59848.6,59054.1,59370.6,60.57098088,3661
1722585600,59346.0,59937.6,59242.6,59680.6,111.01367048,3756
1722600000,59666.4,60110.7,57210.0,58113.2,255.64875629,7520
1722614400,58113.2,58303.4,57300.0,57372.1,95.50273238,3468
1722628800,57372.1,57860.2,56106.0,56325.5,202.27442301,5445
1722643200,56325.5,56800.0,55500.0,56755.8,137.60254823,3147
1722657600,56755.8,56800.0,56295.1,56612.4,66.25504875,2879
1722672000,56612.5,56902.0,56402.4,56834.5,49.61868987,3317
1722686400,56834.5,57053.9,55874.9,55896.0,60.38136581,2751
1722700800,55896.0,56211.7,55020.0,55302.1,180.19790709,4773
1722715200,55302.1,55906.4,55000.0,55706.5,105.29902083,2786
1722729600,55698.5,56061.0,55367.3,55693.6,16.4731624,1090
1722744000,55693.7,55862.0,55300.1,55384.8,25.02290416,1840
1722758400,55386.7,55999.9,55187.5,55935.0,39.6538309,2513
1722772800,55934.9,56111.2,54122.8,54218.8,106.29485217,4790
1722787200,54218.8,54868.1,52560.0,54733.4,340.79866313,9101
1722801600,54733.4,54881.0,53217.0,53328.7,127.8093899,3340
1722816000,53328.7,53445.6,48300.0,49302.0,589.75264798,14434
1722830400,49346.0,49942.6,45020.0,48205.0,908.42666783,25303
1722844800,48180.5,48676.2,46307.9,46883.9,754.43697611,20819
1722859200,46883.8,50279.6,45164.5,49750.3,1291.10999109,25241
1722873600,49757.0,50924.2,48053.6,48819.5,476.36115278,13417
1722888000,48860.3,50494.3,48860.1,49385.6,141.76607952,5072
1722902400,49385.5,51400.0,49359.8,50920.4,122.03482537,2990
1722916800,50898.0,51556.6,50582.4,51411.9,235.8841318,8326
1722931200,51411.9,51527.6,50055.2,50691.4,315.87680244,10632
1722945600,50682.8,51868.7,49862.6,51703.4,269.31735558,8503
1722960000,51703.4,52279.5,51560.3,52038.0,168.28171775,4979
1722974400,52027.6,52158.6,51191.2,51386.0,167.17502125,3186
1722988800,51346.1,52484.0,50982.0,52175.2,56.77813754,1665
1723003200,52160.3,52533.2,51900.1,52211.4,113.55942866,5176
1723017600,52211.4,52879.1,52118.8,52200.1,172.77843659,6418
1723032000,52200.1,52668.4,51000.0,51376.1,192.83634725,6259
1723046400,51372.6,51600.0,50106.2,50150.1,136.76171927,4564
1723060800,50146.5,50914.2,50001.2,50449.9,118.90359597,3114
1723075200,50449.9,52720.2,50139.4,52271.1,106.9030046,2054
1723089600,52253.1,52565.6,51929.5,52307.3,81.5969408,3318
1723104000,52309.9,52796.7,52168.1,52482.4,89.11776421,4155
1723118400,52478.4,54555.0,52149.9,54490.9,283.2825921,7183
1723132800,54491.0,54884.7,54351.1,54487.4,106.39528038,4699
1723147200,54488.8,57446.2,54406.8,56538.6,151.12593822,4963
1723161600,56538.7,56577.8,55766.0,56185.5,132.99835606,1934
1723176000,56185.5,56203.4,55523.1,55755.1,153.34420138,4809
1723190400,55755.0,56104.6,55151.6,55609.0,147.80147254,4788
1723204800,55609.0,56007.7,54538.3,54797.5,170.51279685,5067
1723219200,54792.8,55643.5,54751.0,55619.2,43.98710952,2553
1723233600,55621.9,55911.3,54962.0,55787.8,70.71872221,2310
1723248000,55783.9,56320.0,55303.4,55409.0,19.01096334,1131
1723262400,55409.0,55832.4,55260.2,55832.4,32.82862813,1782
1723276800,55832.3,56032.4,55672.4,55864.7,36.43721508,2028
1723291200,55864.6,55920.1,55450.1,55514.5,20.76620003,1894
1723305600,55514.5,56117.4,55456.4,55972.6,21.36374116,1961
1723320000,55985.6,56122.7,55780.0,55868.5,14.81199513,1685
1723334400,55868.5,56233.0,55857.5,56011.0,10.20096281,1034
1723348800,56011.0,56177.7,55810.4,56168.3,7.10453507,1687
1723363200,56168.3,56700.0,55422.2,55645.0,38.07537519,2607
1723377600,55632.3,55714.9,55000.0,55131.2,38.41630332,2506
1723392000,55131.1,55359.9,54610.0,54690.6,88.25414676,2653
1723406400,54690.6,54723.6,53400.7,53850.0,131.07078323,3698
1723420800,53850.1,54100.0,53319.1,53644.6,25.69181249,1473
1723435200,53635.8,53999.9,52791.6,53745.3,116.28763246,4934
1723449600,53745.3,54925.2,53250.0,54821.2,116.40934098,4785
1723464000,54821.2,55505.0,52942.0,55123.0,163.13483778,5733
1723478400,55123.0,55300.0,53539.0,54017.5,67.12400844,2695
1723492800,54037.6,54653.9,53650.0,54297.3,108.09585777,2011
1723507200,54297.3,54800.0,53852.4,54021.1,36.42222508,1109
1723521600,54009.9,54451.5,53842.9,54224.6,82.49978345,3376
1723536000,54224.7,54307.8,53560.0,53832.3,110.61142642,3627
1723550400,53832.2,54598.5,53764.8,54348.9,103.42472292,3741
1723564800,54328.4,56093.1,54282.1,55346.7,152.75632863,3837
1723579200,55346.7,55615.7,54963.5,55150.0,79.12049085,1611
1723593600,55150.1,55800.0,54992.3,55495.1,33.2639187,1016
1723608000,55495.0,55633.9,55203.9,55370.0,39.63291679,2932
1723622400,55370.0,55757.1,55107.6,55637.5,116.6567249,3849
1723636800,55640.4,56211.4,53400.0,53974.4,259.77460479,6228
1723651200,53974.4,53987.5,53306.0,53506.9,104.68835416,3189
1723665600,53500.1,53755.6,53100.0,53320.6,36.35371703,1927
1723680000,53320.6,53632.1,52702.8,53111.1,25.29207667,1619
1723694400,53111.1,53249.0,52423.3,52749.0,136.40368858,4693
1723708800,52748.9,53450.0,52677.5,53360.0,75.17119132,3783
1723723200,53360.0,54400.0,53301.0,54351.5,135.10903747,4112
1723737600,54348.5,54484.8,51736.6,52027.8,327.9917303,5035
1723752000,52020.2,52764.1,51200.0,52479.8,233.92468771,3589
1723766400,52479.8,53318.9,52069.3,52769.0,35.05175451,1251
1723780800,52769.0,53422.0,52703.2,53250.3,56.44947017,3186
1723795200,53250.3,53399.0,53054.6,53168.8,67.40815882,3025
1723809600,53138.2,53550.0,52414.4,52840.0,225.0694577,4541
1723824000,52840.0,54317.3,52767.6,54162.9,97.10451923,3059
1723838400,54202.4,54202.5,53374.0,53465.7,74.23258646,1672
1723852800,53469.6,53920.1,53404.0,53713.9,30.57376919,1029
1723867200,53717.7,53818.5,53624.4,53770.0,7.74832057,1674
1723881600,53770.0,53990.0,53650.2,53692.3,26.63799773,1973
1723896000,53692.2,54156.0,53672.7,53926.1,26.74719393,1841
1723910400,53926.1,54191.0,53847.4,53988.7,27.64037223,1757
1723924800,53988.7,53999.9,53717.6,53999.9,9.57515603,1372
1723939200,53999.9,54631.6,53858.5,53859.6,50.81230858,1149
1723953600,53864.2,54173.7,53820.4,54079.8,28.00861448,1466
1723968000,54079.6,54594.8,53983.5,54419.9,57.43731344,2223
1723982400,54429.9,54613.2,54140.8,54309.6,29.63823301,2183
1723996800,54307.7,54345.2,53892.7,54145.0,50.60502094,2007
1724011200,54158.5,54270.2,53058.4,53073.1,24.13196367,1906
1724025600,53056.0,53296.2,52848.0,53252.8,74.4097087,1291
1724040000,53247.8,53264.2,52900.1,53021.1,43.69547508,4128
1724054400,53021.1,53155.7,52450.1,52882.1,159.50156403,4786
1724068800,52883.2,53465.0,52631.7,52933.3,88.73139831,5577
1724083200,52933.3,53539.0,52800.1,53205.6,52.73075898,2739
1724097600,53230.0,53772.9,53185.8,53674.2,47.76562346,1716
1724112000,53641.4,54994.5,53590.3,54725.4,60.87516424,1562
1724126400,54761.6,55419.6,54726.3,54938.0,92.89492673,4075
1724140800,54938.0,55029.9,54596.5,54651.9,85.68296333,3605
1724155200,54648.7,54939.1,52864.4,52990.6,179.91050627,5098
1724169600,52990.5,53590.0,52753.9,53489.7,121.64218576,3435
1724184000,53509.9,53648.2,52966.9,53053.7,15.39578414,1800
1724198400,53053.7,53503.2,52882.4,53327.7,9.26918768,939
1724212800,53357.0,53753.0,53260.6,53747.7,75.65969081,2829
1724227200,53747.6,53900.0,53146.1,53429.9,220.00084687,4017
1724241600,53430.0,54203.0,52980.1,53438.1,119.64219415,4187
1724256000,53428.4,55251.5,53317.8,55190.0,114.41741542,3724
1724270400,55199.9,55426.9,54623.9,54845.5,89.74598561,2645
1724284800,54845.5,54886.3,53655.3,54371.8,34.02917661,1426
1724299200,54371.8,54850.0,54277.6,54785.1,55.94932904,3036
1724313600,54785.1,55100.0,54617.4,55080.0,200.92193493,3642
1724328000,55075.4,55111.0,54148.3,54379.8,103.44242825,3885
1724342400,54379.8,54540.0,54174.2,54271.7,38.41057318,2355
1724356800,54290.2,54622.0,54290.2,54333.7,45.40589319,1497
1724371200,54333.7,54789.1,54316.7,54485.8,14.10556871,909
1724385600,54485.8,55100.0,54477.1,54921.3,113.99741587,3056
1724400000,54921.3,55135.0,54590.6,54632.3,128.64943721,3531
1724414400,54629.0,55820.0,54455.2,55072.4,184.59906237,4878
1724428800,55073.4,57040.8,54921.8,56892.2,210.90246257,4821
1724443200,56875.5,57999.0,56775.2,57293.5,182.55270595,3616
1724457600,57293.5,57443.6,56916.3,57061.1,37.44545774,1185
1724472000,57061.0,57482.0,57050.0,57475.5,41.06986121,1928
1724486400,57475.5,57653.2,57133.2,57145.8,52.74515963,2295
1724500800,57145.8,57400.0,57114.0,57177.5,36.52839525,2040
1724515200,57177.5,57510.0,57110.1,57332.6,68.00757139,1833
1724529600,57332.6,57434.5,56800.0,57247.4,31.59833582,1780
1724544000,57247.4,57600.0,57133.2,57228.7,35.41725015,1167
1724558400,57227.8,57305.9,56927.7,57000.2,16.67855016,1556
1724572800,57000.2,57092.0,56913.7,57000.1,58.32396131,1944
1724587200,57000.1,57404.9,56910.6,57297.9,22.29385731,1888
1724601600,57297.9,57361.9,57188.4,57342.2,29.96441429,1778
1724616000,57337.0,58125.3,57281.8,57407.0,57.46636983,2123
1724630400,57402.0,57602.7,57038.7,57347.9,7.15717538,1124
1724644800,57343.3,57423.1,56900.0,56918.7,75.20919374,4183
1724659200,56918.7,57302.7,56528.5,57181.1,119.43256794,4182
1724673600,57181.1,57281.7,56451.1,56959.9,113.84317057,4045
1724688000,56960.0,57160.0,56601.2,56733.2,56.01371568,2732
1724702400,56733.2,56965.1,56301.0,56301.0,53.34892396,1958
1724716800,56301.1,56583.2,56176.0,56407.8,9.01767004,950
1724731200,56407.8,56585.1,56205.0,56333.1,97.82993911,3455
1724745600,56336.2,56419.5,55760.1,55925.4,114.56848414,3960
1724760000,55925.4,56018.6,55100.0,55261.2,110.77259279,4287
1724774400,55275.0,55581.0,55101.1,55510.1,81.06132147,2554
1724788800,55517.9,55518.0,51876.6,53235.9,262.30525556,7281
1724803200,53232.0,53454.5,52780.1,53453.0,28.56478979,1358
1724817600,53439.5,53440.9,52480.1,52570.3,123.398559,5007
1724832000,52570.2,54103.9,52500.8,53952.6,121.62218975,4703
1724846400,53952.7,54186.7,52561.1,53050.1,150.61011315,4663
1724860800,53046.4,53838.0,52100.0,52969.0,152.05657218,4113
1724875200,52999.2,53600.0,52824.8,53073.0,75.09495624,1922
1724889600,53089.6,53268.5,52960.1,53147.7,8.589331,915
1724904000,53139.1,53708.5,53081.3,53575.2,59.44772202,2731
1724918400,53575.1,54465.3,53575.1,54155.0,95.34789784,3772
1724932800,54154.5,55214.1,54062.6,54860.5,279.17814366,5282
1724947200,54860.1,55000.0,53211.5,53509.8,90.79114618,3151
1724961600,53509.8,53834.0,53050.0,53603.1,40.19379648,1766
1724976000,53585.8,53675.3,53214.3,53316.1,10.35173523,902
1724990400,53316.1,53769.8,53002.9,53477.1,89.41032409,3146
1725004800,53477.1,53863.6,53477.0,53620.1,103.41037325,3249
1725019200,53620.1,54043.2,52468.9,52547.0,174.24497797,4864
1725033600,52547.0,53723.0,52200.0,53152.4,82.01748259,3028
1725048000,53151.9,53672.2,53140.2,53545.8,14.96298849,1309
1725062400,53554.9,53800.1,53512.9,53643.5,10.16905637,805
1725076800,53643.5,53745.3,53496.0,53537.7,14.50970376,1576
1725091200,53537.8,53555.8,53274.4,53513.5,41.94856013,2380
1725105600,53513.5,53626.2,53344.7,53425.1,22.00762023,1990
1725120000,53427.9,53538.6,53191.4,53291.9,27.80513835,1724
1725134400,53295.2,53539.7,53246.7,53380.0,18.78751973,1183
1725148800,53380.0,53465.8,52770.6,53001.1,28.0625523,1111
1725163200,53001.1,53062.0,52351.7,52965.9,40.87364337,2550
1725177600,52965.9,52996.2,52394.6,52669.0,47.64939076,2707
1725192000,52669.0,52832.9,51800.0,52723.0,92.58099863,3419
1725206400,52722.9,53225.6,52470.0,52993.9,46.4804864,2167
1725220800,52998.8,53107.9,51850.0,51920.0,62.10305165,2089
1725235200,51910.8,52273.3,51722.7,52273.3,16.79086922,1191
1725249600,52272.5,52418.6,51891.8,52008.5,43.12025393,3792
1725264000,52006.6,53025.9,52000.1,52841.2,92.83033496,5071
1725278400,52841.2,53163.0,52515.0,52900.1,79.56156332,4663
1725292800,52900.1,53000.0,52714.0,52807.1,152.67718936,2565
1725307200,52805.0,53679.3,52764.5,53424.9,169.5899509,2019
1725321600,53429.5,54000.0,53360.0,53458.0,186.49441087,1135
1725336000,53457.9,53598.6,53258.1,53450.0,104.83341966,3306
1725350400,53450.0,53622.2,53129.4,53534.2,156.36777892,3736
1725364800,53534.1,53730.6,52123.6,52269.3,116.57901969,4788
1725379200,52269.3,52741.8,52250.0,52555.0,90.06570468,2918
1725393600,52555.0,52741.8,52011.0,52035.1,147.63609114,1787
1725408000,52031.5,52429.1,50391.8,51261.0,138.80795977,4181
1725422400,51261.0,51399.9,50833.4,51313.7,178.79227404,4787
1725436800,51313.2,51433.3,51077.1,51192.8,116.23520929,4123
1725451200,51190.3,52480.6,50750.1,52479.9,148.97732694,4763
1725465600,52478.2,52798.4,52064.8,52424.9,91.54303537,2716
1725480000,52401.2,52678.7,52200.3,52301.5,37.34127161,1699
1725494400,52301.6,52628.0,51413.4,51580.2,27.01812407,1163
1725508800,51585.0,51721.2,51050.1,51568.7,45.57816055,3282
1725523200,51568.7,51638.4,51071.0,51110.4,72.97001761,3811
1725537600,51110.4,51600.0,50400.0,50462.0,183.14924219,5635
1725552000,50462.1,51058.8,50232.3,50472.8,62.92866442,3818
1725566400,50472.8,50619.4,50100.0,50550.1,81.17049736,2659
1725580800,50550.1,51145.0,50369.4,50910.3,26.32649807,1023
1725595200,50901.5,51030.1,49744.8,50187.3,113.93015761,5126
1725609600,50187.3,50640.1,50050.3,50419.8,81.31944271,3844
1725624000,50420.6,51367.2,48500.0,48775.7,424.53382011,10528
1725638400,48775.7,49091.3,48078.4,48300.1,222.78230356,7319
1725652800,48300.1,48750.0,47450.0,48750.0,149.51036428,5547
1725667200,48750.0,48835.6,48550.0,48608.1,13.12151529,984
1725681600,48600.5,49140.9,48600.5,49040.0,59.19592588,2730
1725696000,49040.0,49214.3,48975.2,49086.5,46.37491564,2464
1725710400,49086.5,49540.3,49086.5,49514.5,56.5463428,2395
1725724800,49514.5,49535.9,48810.0,49189.6,28.64584761,2285
1725739200,49189.6,49189.6,48600.2,48912.3,27.52053717,1585
1725753600,48912.3,49200.0,48769.9,49066.0,33.2431413,798
1725768000,49102.8,49218.2,49009.4,49141.3,14.87359554,1535
1725782400,49141.3,49371.1,49087.1,49255.1,32.94113377,2033
1725796800,49255.2,49255.2,48478.9,48478.9,44.12068862,2636
1725811200,48478.9,49224.1,48438.1,49060.4,44.31506183,2076
1725825600,49060.4,49880.0,48929.9,49515.8,69.90864902,1974
1725840000,49515.8,49927.2,49375.4,49773.0,15.04235553,1058
1725854400,49763.0,49793.1,49312.1,49721.3,39.29443699,4311
1725868800,49721.3,50257.0,49721.2,50022.2,90.14021759,4798
1725883200,50022.2,50480.1,49697.2,50162.7,133.18764021,4880
1725897600,50160.7,51792.5,50150.1,51745.9,192.82990667,4275
1725912000,51745.9,52582.8,51500.0,51720.1,85.89646914,2677
1725926400,51720.1,51735.5,51228.1,51228.1,54.26616506,1276
1725940800,51228.1,51890.8,51133.1,51850.6,77.19195891,3471
1725955200,51850.6,51978.0,51557.7,51891.3,106.28242242,4059
1725969600,51882.7,52089.8,51334.1,51356.7,97.43627548,3686
1725984000,51350.8,52611.0,51334.1,52550.7,80.36628435,2910
1725998400,52562.1,52562.1,52140.1,52283.0,15.97422304,1532
1726012800,52283.0,52401.3,51400.0,51470.5,43.23668014,1159
1726027200,51470.5,51470.5,50771.9,51368.1,80.70614216,3443
1726041600,51368.1,51489.3,51041.1,51418.6,74.72124305,3211
1726056000,51418.6,51909.6,50484.5,51520.5,167.7135952,4784
1726070400,51514.5,52600.0,51491.2,52356.9,110.0172327,3112
1726084800,52310.9,52368.2,51975.0,52098.4,36.0139846,1754
1726099200,52096.4,53119.9,52096.0,52895.3,36.75230092,1537
1726113600,52890.3,53010.0,52552.0,52789.9,61.47430789,3086
1726128000,52790.0,52956.7,52551.8,52720.1,107.00823376,4289
1726142400,52720.1,53040.0,51964.8,52085.2,110.98727728,4152
1726156800,52085.2,52864.1,52085.1,52745.2,39.79426132,2630
1726171200,52756.9,52757.2,52200.0,52489.2,36.76920205,1976
1726185600,52485.3,52557.7,52207.8,52207.8,11.46194072,880
1726200000,52207.9,52406.1,52161.9,52406.1,27.9460886,2658
1726214400,52406.1,52602.6,52220.0,52220.1,78.760547,3195
1726228800,52220.1,53840.0,52008.5,53835.1,165.54161487,4673
1726243200,53839.8,54128.0,53605.7,53952.4,127.30370494,3709
1726257600,53952.4,54739.0,53855.0,54654.7,56.01788087,2840
1726272000,54654.7,54745.4,54442.7,54484.2,20.57792775,1038
1726286400,54479.5,54483.1,54088.3,54313.7,18.19528614,1775
1726300800,54313.7,54314.0,53813.5,53891.9,144.50837188,2224
1726315200,53887.8,54156.3,53816.8,54037.4,24.34711797,1940
1726329600,54033.6,54100.0,53730.0,53999.9,61.57795642,1988
1726344000,53999.9,54249.8,53949.5,54139.5,30.40039311,1603
1726358400,54143.4,54330.0,54142.6,54280.1,9.07217375,800
1726372800,54280.1,54330.0,54238.7,54325.3,13.84842978,1482
1726387200,54325.3,54326.0,54023.9,54125.0,27.7561715,1972
1726401600,54125.0,54400.0,54050.2,54400.0,35.88128003,2065
1726416000,54400.0,54408.1,53925.1,54024.7,45.17748405,2448
1726430400,54024.8,54086.9,53000.0,53345.2,58.52830045,2268
1726444800,53333.8,53390.7,52436.6,52758.6,22.67532553,1454
1726459200,52758.6,53028.1,52563.6,53000.0,69.05681224,3569
1726473600,53000.1,53198.7,52614.8,52723.6,56.31182807,4662
1726488000,52723.6,52821.7,51757.3,52085.1,134.28298397,6787
1726502400,52085.1,52355.8,51621.0,52001.3,87.32757984,3345
1726516800,52026.6,52450.0,51781.0,52290.1,24.80011064,1968
1726531200,52290.1,52425.7,51836.8,52189.5,32.36034232,1019
1726545600,52189.5,52815.0,52160.9,52718.4,39.33462152,3327
1726560000,52715.1,53250.0,52710.0,53104.6,82.14583328,3449
1726574400,53086.2,55124.7,53000.0,54999.0,277.08830458,5814
1726588800,54995.1,55090.3,53670.1,53963.5,115.42686465,3653
1726603200,53958.1,54350.0,53749.9,54227.7,34.23504358,1752
1726617600,54227.8,54598.4,53882.3,54400.2,6.90382576,943
1726632000,54400.2,54559.9,54129.5,54305.3,25.57084469,2942
1726646400,54305.3,54305.3,53362.8,53832.9,161.77332665,3981
1726660800,53821.1,54051.0,53300.0,53478.2,74.23293739,3788
1726675200,53478.2,54878.0,53276.8,54099.9,150.96828953,4203
1726689600,54094.5,55555.0,53539.9,55541.4,84.61203831,2665
1726704000,55555.0,56400.0,55550.9,55863.1,72.97848717,2246
1726718400,55863.1,55898.8,55560.4,55711.0,53.24307416,3235
1726732800,55715.6,56200.0,55432.7,56158.3,173.11563924,3877
1726747200,56158.3,57046.1,56121.4,56651.6,302.85238601,5392
1726761600,56651.8,57220.0,56470.6,56688.9,189.25135896,3929
1726776000,56672.1,56672.1,56115.8,56388.3,104.04112387,2113
1726790400,56397.7,57042.9,56115.7,57042.9,39.24670036,1160
1726804800,57043.0,57360.9,56725.4,56887.5,87.82134218,3872
1726819200,56887.5,57040.5,56510.3,56837.6,181.34398918,3482
1726833600,56833.4,56935.1,56153.4,56630.0,142.71860905,4111
1726848000,56630.1,56661.1,55881.6,56301.3,54.30185289,2468
1726862400,56301.4,56700.0,56196.8,56635.4,16.78759819,1549
1726876800,56635.4,56700.0,56276.3,56332.9,36.26399921,1017
1726891200,56332.9,56560.8,56242.3,56531.6,8.6244142,1790
1726905600,56531.6,56578.7,56414.9,56515.0,13.22793979,1727
1726920000,56515.1,56705.0,56515.0,56632.3,44.43777014,1944
1726934400,56632.3,56813.1,56569.9,56650.1,21.8146282,1870
1726948800,56650.1,56937.6,56519.0,56760.8,13.61600143,1469
1726963200,56765.3,56854.2,56335.8,56549.8,8.79696375,1092
1726977600,56548.5,56619.0,56310.0,56402.7,14.81978987,1501
1726992000,56402.8,56489.4,56079.9,56275.4,32.33501318,2023
1727006400,56275.4,56360.0,56001.0,56165.4,20.11918036,1924
1727020800,56165.4,56600.0,56001.0,56579.9,25.86655361,2018
1727035200,56580.0,57300.0,55911.1,56972.6,50.87789377,2235
1727049600,56975.0,57949.9,56144.4,57652.3,63.57771182,2102
1727064000,57652.3,57741.9,56962.5,57222.0,41.45055363,4129
1727078400,57222.0,57340.2,56985.6,57018.3,88.37930243,4211
1727092800,57022.0,57300.0,56675.9,57168.4,109.254712,4510
1727107200,57168.4,57330.0,56750.0,56959.4,86.66751743,2712
1727121600,56959.4,57074.9,56800.0,56994.6,24.13528729,1665
1727136000,56994.6,57021.3,56505.0,56800.1,23.11384878,1086
1727150400,56800.1,57119.9,56625.0,57113.5,43.48165929,3070
1727164800,57113.6,57368.0,57000.0,57028.0,93.73664743,3161
1727179200,57028.0,57283.3,56300.0,56650.1,129.84318707,3861
1727193600,56650.1,57550.0,56551.1,57549.9,90.94410852,2796
1727208000,57550.0,57766.0,57225.8,57418.0,92.49414739,2527
1727222400,57432.6,57880.0,57200.1,57535.0,31.70463474,1241
1727236800,57535.0,57545.0,56900.2,57043.4,45.37963403,3443
1727251200,57043.4,57128.8,56720.0,57019.7,75.71325354,3478
1727265600,57019.7,57300.0,56544.5,56994.8,133.22206448,3677
1727280000,56988.3,57167.4,56626.5,56794.0,44.96193431,2540
1727294400,56794.0,57067.7,56555.0,56734.7,45.95097368,1777
1727308800,56734.7,57010.0,56309.8,57000.0,11.89593955,1106
1727323200,57002.0,57332.9,56841.3,57332.8,48.17786109,2737
1727337600,57337.4,57780.1,57059.6,57725.2,208.83591441,3914
1727352000,57727.0,58555.0,57568.5,58342.0,263.66465789,5327
1727366400,58341.1,58872.4,57910.0,57930.0,111.32546586,3797
1727380800,57930.0,58389.4,57880.1,58300.0,54.1520663,3155
1727395200,58300.0,58530.0,58050.0,58530.0,42.98167766,1171
1727409600,58530.0,58899.1,58335.3,58842.3,71.96191699,3337
1727424000,58828.7,59200.0,58561.0,58649.1,188.64294258,4661
1727438400,58649.1,59462.0,58471.7,59195.1,159.48233062,5016
1727452800,59195.1,59490.0,58750.0,58864.2,98.52968276,3132
1727467200,58856.0,59090.0,58850.0,58942.3,19.14590552,1624
1727481600,58941.2,59302.5,58906.7,59180.2,16.75514603,1005
1727496000,59202.7,59221.8,58925.1,59019.8,16.59588136,1766
1727510400,59019.8,59019.8,58700.0,58899.9,25.90519604,2330
1727524800,58900.0,58973.5,58633.9,58794.5,21.89173261,2325
1727539200,58791.9,58950.0,58694.4,58872.0,18.06618992,1854
1727553600,58872.7,59076.9,58600.2,58985.9,13.64111815,1556
1727568000,58981.1,59095.1,58836.1,58943.4,4.56407391,882
1727582400,58943.4,58943.4,58659.5,58670.1,13.20015244,1952
1727596800,58669.1,58845.0,58636.4,58832.6,31.93083902,2096
1727611200,58832.7,58970.0,58750.0,58874.4,29.7703989,2204
1727625600,58874.5,59015.3,58793.0,59000.0,27.18221323,2071
1727640000,59000.0,59095.4,58700.0,58746.8,53.62417853,1631
1727654400,58735.1,58750.0,57580.4,57813.0,44.53041657,2905
1727668800,57813.0,57982.7,57630.0,57809.5,59.69441282,4856
1727683200,57809.5,57809.5,56565.0,57010.4,234.36865134,7031
1727697600,57010.4,57399.9,56939.6,57017.5,173.49627737,5597
1727712000,57025.4,57154.1,56693.6,57000.1,77.51127559,3662
1727726400,57000.1,57324.0,56450.1,56874.6,39.76724455,2292
1727740800,56874.6,57185.0,56590.0,57157.9,12.17889678,1092
1727755200,57158.0,57677.8,57111.3,57625.4,44.17497386,4108
1727769600,57625.4,57701.9,57432.5,57504.3,112.63514494,4546
1727784000,57504.4,57596.0,55900.0,56584.3,246.60994829,7185
1727798400,56577.7,56708.0,55277.7,55761.1,247.2492778,5664
1727812800,55761.1,55768.0,54396.9,54961.9,128.70005085,5096
1727827200,54961.9,55877.0,54868.3,55800.1,28.24471137,1537
1727841600,55800.1,55947.0,55484.0,55795.7,61.12839433,4123
1727856000,55795.7,55845.7,55001.0,55219.3,139.87021792,4568
1727870400,55219.3,56050.0,54789.4,56010.0,138.27302982,4624
1727884800,56004.7,56403.9,54320.0,54489.4,85.20648137,3927
1727899200,54477.3,55200.0,54425.1,54901.5,36.23679281,2095
1727913600,54901.5,55687.3,54790.0,55683.6,20.59280804,1154
1727928000,55684.9,55687.3,55180.5,55227.0,34.53339804,2905
1727942400,55227.0,55296.1,54468.2,55034.8,96.49819047,4085
1727956800,55034.8,55179.9,54279.4,55040.9,105.6798315,4132
1727971200,55042.7,55300.0,54360.1,55300.0,42.90494207,3055
1727985600,55310.2,55381.3,54985.0,55044.6,20.63868662,1718
1728000000,55045.1,55550.0,54805.1,55250.0,11.11111423,1030
1728014400,55250.0,55751.9,55250.0,55714.7,29.3614495,2676
1728028800,55714.7,55922.7,55492.2,55671.4,94.63210211,3501
1728043200,55671.4,56505.8,55440.0,56412.6,187.1934261,4668
1728057600,56412.7,56913.4,56266.9,56860.7,57.39784914,2753
1728072000,56829.5,56923.0,56462.1,56542.4,22.06430949,1734
1728086400,56555.2,56650.0,56256.1,56385.1,9.04101794,997
1728100800,56385.1,56743.8,56364.0,56595.2,15.82717753,1685
1728115200,56595.2,56795.1,56583.7,56677.0,15.47740206,1803
1728129600,56677.0,56798.9,56555.0,56607.9,14.49818686,1881
1728144000,56609.3,56628.4,56229.3,56296.7,32.10269602,1981
1728158400,56296.8,56500.0,56177.5,56484.4,21.48661616,1593
1728172800,56484.4,56572.9,56349.9,56349.9,4.09168407,836
1728187200,56350.0,56455.4,56298.9,56425.1,6.64470933,1474
1728201600,56425.1,56599.1,56420.0,56543.7,13.00153882,1803
1728216000,56540.5,57120.0,56515.0,57080.8,48.29957722,2548
1728230400,57080.8,57293.2,56945.0,57021.9,102.82856136,2042
1728244800,57023.4,57300.0,56800.0,57228.1,33.34765719,1535
1728259200,57231.9,58250.0,57086.6,57864.1,70.96271649,1888
1728273600,57864.3,58075.0,57740.2,57912.9,55.79896721,3371
1728288000,57912.9,58000.0,57158.2,57489.9,205.86862344,3883
1728302400,57490.0,58694.0,57224.3,57983.2,185.49015011,4832
1728316800,57982.1,58150.0,57190.0,57733.4,50.33565247,3767
1728331200,57743.4,57786.7,56591.4,56710.0,59.37083281,2110
1728345600,56690.2,57175.5,56658.9,57015.2,26.93963802,1010
1728360000,57018.6,57134.9,56451.5,56665.0,89.61113102,3540
1728374400,56665.0,57040.0,56569.4,56979.9,60.74823346,3808
1728388800,56979.9,57521.7,56428.8,56765.7,193.1301129,4900
1728403200,56765.8,56985.9,56364.8,56700.1,48.42677263,3104
1728417600,56700.1,56928.4,56500.0,56607.9,15.80369597,1466
1728432000,56608.0,56900.0,56500.1,56864.8,9.19432896,932
1728446400,56864.9,56990.0,56745.5,56790.3,32.82045651,3061
1728460800,56790.3,56790.3,56527.9,56723.2,68.43816432,3166
1728475200,56723.3,56938.7,56293.4,56869.2,134.60827403,4325
1728489600,56872.3,56896.6,55586.7,55764.6,68.79467369,3565
1728504000,55750.1,55826.8,55125.7,55380.5,39.38697369,2697
1728518400,55380.0,55645.0,55167.1,55576.1,20.85737611,1140
1728532800,55576.1,55847.4,55556.7,55663.4,31.82509802,3017
1728547200,55663.4,56000.0,55414.5,55987.6,66.87815988,3525
1728561600,55987.6,56032.3,55278.1,55578.6,110.33211546,3967
1728576000,55589.3,55788.7,53950.0,54570.4,129.1662921,6216
1728590400,54575.8,55143.4,54450.0,55143.3,40.67498944,2007
1728604800,55143.0,55488.4,54962.4,55397.9,17.26032448,1237
1728619200,55397.9,55683.5,55375.0,55402.6,38.24509592,3438
1728633600,55402.6,55967.0,55370.7,55947.0,114.02433055,3558
1728648000,55947.0,57034.6,55896.9,56913.0,160.64161603,4207
1728662400,56913.1,57923.9,56760.0,57671.1,122.85566931,3468
1728676800,57700.0,57730.0,57004.3,57100.0,54.46329196,2040
1728691200,57165.5,57658.1,57128.6,57196.6,10.08994278,1049
1728705600,57196.6,57410.2,57196.6,57367.5,10.04413545,1845
1728720000,57368.0,57769.9,57265.0,57522.3,44.63819355,1961
1728734400,57522.3,57981.1,57450.1,57700.0,71.16433788,2382
1728748800,57700.0,57920.0,57500.0,57540.1,39.22189764,2599
1728763200,57528.6,57866.2,57528.6,57715.2,13.43161193,1652
1728777600,57715.2,57785.1,57227.5,57283.5,46.08870949,1171
1728792000,57283.4,57524.3,57283.3,57405.2,10.14120612,1458
1728806400,57408.4,57485.7,57119.3,57126.6,16.92769764,2010
1728820800,57126.6,57330.4,56690.2,56826.3,31.39589943,2452
1728835200,56826.3,57395.1,56794.8,57287.9,46.04709786,2275
1728849600,57288.0,57658.1,57170.9,57508.4,21.8055865,1831
1728864000,57507.8,58780.0,57144.8,58725.7,82.53568089,2890
1728878400,58750.0,59049.0,58278.1,59018.0,124.75134047,5756
1728892800,59018.0,59489.3,58767.5,59334.0,178.3523197,7496
1728907200,59334.0,60475.0,59199.0,60200.0,433.69458276,14687
1728921600,60200.1,60454.9,59875.7,60336.7,204.27439211,8471
1728936000,60339.3,60788.1,60100.0,60452.0,88.71165733,4285
1728950400,60452.0,60696.0,59831.0,59886.7,26.53203565,1798
1728964800,59886.7,60383.5,59749.5,60200.0,81.41476352,4955
1728979200,60200.9,60291.9,59877.1,59900.0,100.49924476,4678
1728993600,59965.0,62145.5,59400.0,60527.0,373.65463495,10508
1729008000,60527.0,61861.3,60505.0,61432.1,147.37740396,5896
1729022400,61444.1,61569.7,60628.5,61519.9,51.65881299,3091
1729036800,61520.0,61919.2,61282.7,61569.6,42.57432963,1787
1729051200,61569.6,61802.7,61355.4,61480.9,59.60780981,4542
1729065600,61496.2,62699.0,61482.0,62290.6,271.92567578,7438
1729080000,62273.9,62691.9,61624.3,62274.1,144.63139509,5669
1729094400,62274.1,62622.0,62070.5,62376.2,83.91829657,3720
1729108800,62359.7,62511.9,62110.0,62260.1,30.64743083,2120
1729123200,62260.0,62501.7,62079.1,62275.7,23.15368177,1268
1729137600,62275.8,62275.8,61793.8,61962.3,121.83585142,3435
1729152000,61962.3,62155.0,61428.0,61495.9,141.95879914,4013
1729166400,61511.9,62349.4,61451.9,62300.3,279.9738057,5606
1729180800,62300.4,62336.9,61581.9,61662.1,58.09927794,3246
1729195200,61674.0,62207.6,61671.5,62184.0,20.91063008,2138
1729209600,62187.9,62862.5,61968.8,62343.9,51.48984206,2298
1729224000,62262.0,62937.0,62262.0,62664.1,76.57774863,4370
1729238400,62664.2,62709.4,62350.0,62359.7,166.9339531,4122
1729252800,62359.6,63413.0,62278.1,63323.0,211.06625931,5787
1729267200,63323.1,63422.4,63000.0,63137.7,98.11285396,3908
1729281600,63137.7,63189.9,62754.0,62958.7,26.67981163,1870
1729296000,62958.7,63170.6,62842.6,62952.2,9.25350312,1054
1729310400,62956.9,63061.0,62874.6,62885.1,17.01257639,1852
1729324800,62885.1,62972.6,62634.1,62640.0,25.8787039,2744
1729339200,62640.1,62800.0,62640.0,62731.8,28.62178805,2588
1729353600,62731.8,62751.2,62600.0,62718.2,23.14322541,2325
1729368000,62718.2,62871.3,62700.0,62838.3,9.37556486,1519
1729382400,62843.5,62877.0,62611.0,62650.2,4.90025972,1274
1729396800,62650.2,62876.8,62638.9,62827.3,12.88845029,1747
1729411200,62827.4,62877.0,62778.7,62850.1,21.50443234,2155
1729425600,62838.3,63082.0,62643.4,62986.2,54.64181112,3122
1729440000,62990.2,63000.0,62841.8,62898.0,23.89006021,2264
1729454400,62886.5,63696.9,62861.8,63405.9,72.73517934,3687
1729468800,63405.9,63823.0,63080.1,63354.2,18.63108851,1473
1729483200,63354.2,63627.1,63100.0,63101.2,44.57738661,4848
1729497600,63102.1,63200.0,62722.0,62801.6,128.41787068,5502
1729512000,62795.8,62886.0,61707.0,62153.0,241.69040565,6943
1729526400,62153.8,62700.0,61803.0,62556.5,74.55250714,5290
1729540800,62556.5,62725.1,62232.2,62232.2,24.95842223,2132
1729555200,62232.1,62477.2,61555.0,62238.3,12.65347238,1473
1729569600,62237.5,62581.7,62132.7,62147.8,50.45411076,3730
1729584000,62147.7,62256.0,61613.7,62142.0,119.56573653,4782
1729598400,62142.0,62591.1,61685.0,62216.6,150.63649679,4847
1729612800,62214.1,63150.0,61860.0,62464.6,142.27382638,3523
1729627200,62464.7,62758.8,62251.7,62397.2,26.38874311,2522
1729641600,62397.1,62414.9,61915.8,62000.0,10.7369121,1222
1729656000,62000.0,62284.7,61900.0,61947.1,41.49337932,3361
1729670400,61944.2,62070.1,61332.2,61654.6,136.39395651,5047
1729684800,61654.5,61954.5,61124.7,61366.7,275.23321849,5189
1729699200,61366.8,61596.4,60525.0,61503.0,199.87443392,5154
1729713600,61503.0,61871.0,61410.6,61800.1,52.11794421,1885
1729728000,61800.1,62599.7,61626.7,62250.1,18.34479017,1424
1729742400,62250.1,62465.0,62054.5,62117.9,41.76575564,2941
1729756800,62115.8,62280.0,61705.4,62225.2,186.83837375,3637
1729771200,62250.0,62888.8,62248.5,62612.6,103.27020379,4148
1729785600,62612.7,63005.0,62302.4,63005.0,101.45193412,3157
1729800000,63004.9,63490.0,62751.8,62957.9,95.94201692,2599
1729814400,62958.0,62986.4,62666.0,62813.1,14.77939353,1260
1729828800,62813.1,62838.9,62141.1,62324.9,53.71999875,3459
1729843200,62330.0,62920.1,62139.6,62890.1,159.23638815,4145
1729857600,62890.0,63433.2,62377.1,62562.1,112.37085234,4347
1729872000,62562.1,62755.2,61001.2,61866.0,147.35354433,4323
1729886400,61824.0,62305.9,60813.6,61785.3,104.56892935,3084
1729900800,61725.1,62057.0,61536.0,61975.1,17.69322238,947
1729915200,61975.1,62270.0,61913.8,62060.9,8.85049797,2594
1729929600,62056.5,62257.0,62040.0,62170.7,25.7356597,1871
1729944000,62174.2,62212.3,61812.6,61947.6,31.70610846,2050
1729958400,61947.6,62184.7,61853.2,62166.6,39.53994329,2178
1729972800,62166.5,62390.9,62129.0,62129.0,17.34892523,1515
1729987200,62129.1,62284.0,62000.0,62284.0,3.68190485,783
1730001600,62284.0,62305.6,62133.6,62208.0,5.8892792,1817
1730016000,62208.0,62271.4,62069.4,62145.3,14.25300149,1875
1730030400,62143.5,62725.9,62136.7,62680.0,61.34435834,3009
1730044800,62680.0,62810.9,62465.1,62731.9,116.32615702,2463
1730059200,62732.0,63152.2,62634.1,62915.9,58.78173561,2066
1730073600,62914.2,62965.0,62666.6,62733.2,3.67190735,812
1730088000,62730.1,63450.0,62646.3,63250.1,41.62203664,3110
1730102400,63250.0,63500.0,63001.4,63470.8,123.32158401,5019
1730116800,63470.8,63930.0,63255.2,63267.3,186.36225592,5707
1730131200,63267.3,64520.0,63234.7,64318.3,314.12682096,6101
1730145600,64318.4,64849.9,64094.7,64551.5,114.28813964,4295
1730160000,64551.5,65983.0,64410.0,65500.2,136.12802879,5264
1730174400,65500.2,65801.0,65492.5,65520.9,126.71987979,4958
1730188800,65520.9,66100.0,65520.8,66041.0,363.69839441,15170
1730203200,66041.1,67000.0,65708.7,66995.9,632.06817144,10329
1730217600,66995.9,67999.0,66915.7,66954.9,526.6119688,11071
1730232000,66969.8,67326.5,66322.9,67124.2,227.32261062,6390
1730246400,67124.2,67148.6,66459.6,66699.1,33.21299454,1764
1730260800,66699.1,67000.0,66617.9,66712.3,59.13887658,2975
1730275200,66712.4,66940.3,66353.3,66435.0,121.24254348,5125
1730289600,66435.2,66743.5,65934.0,66324.1,302.10018424,5562
1730304000,66324.0,66444.0,65916.7,66127.4,91.79267425,3594
1730318400,66116.6,67129.5,66000.0,66600.3,63.33517132,3059
1730332800,66600.2,66831.0,66348.4,66653.0,12.9531344,1138
1730347200,66662.7,66737.4,66449.5,66680.1,142.43293613,3411
1730361600,66680.1,66831.0,66430.9,66451.9,88.19303963,4089
1730376000,66452.0,66503.4,64903.8,65011.7,213.25686842,6093
1730390400,65023.8,65243.2,64350.0,64350.0,120.92265345,4840
1730404800,64350.0,64830.0,64017.4,64531.9,63.90329854,3506
1730419200,64537.4,64690.5,63250.0,63753.2,45.14848709,2459
1730433600,63753.2,64060.9,63520.0,63696.4,41.42637658,3952
1730448000,63696.5,64626.0,63669.0,64402.0,70.25130275,5571
1730462400,64402.0,65888.0,63670.1,63954.7,159.98929239,6664
1730476800,63962.8,64942.0,63501.0,63955.5,76.4539731,3829
1730491200,63898.6,64218.0,63553.4,64170.5,22.03944394,2456
1730505600,64170.5,64509.1,64157.3,64278.9,5.04459564,991
1730520000,64278.9,64471.0,64146.9,64466.4,32.3893576,1930
1730534400,64466.4,64484.3,64131.8,64287.4,18.29895574,2263
1730548800,64287.1,64350.0,63802.0,64135.5,20.50277949,2322
1730563200,64135.4,64289.0,64000.0,64242.7,21.32732679,2417
1730577600,64242.6,64285.0,63912.4,64040.0,16.25390079,1579
1730592000,64040.0,64089.6,62763.8,63192.1,87.24865282,2655
1730606400,63192.1,63663.4,63135.6,63210.6,52.76882812,1794
1730620800,63210.6,63380.0,63075.0,63176.4,26.93749121,2186
1730635200,63176.4,63354.0,62301.0,62894.1,153.40021774,4029
1730649600,62890.1,63408.1,62593.1,63396.7,53.04119819,2705
1730664000,63396.6,63890.4,63157.3,63309.9,281.68128879,4336
1730678400,63309.9,63748.7,62825.5,63318.2,16.94405853,1538
1730692800,63318.2,63657.6,63000.0,63000.1,18.98253826,2554
1730707200,63000.1,63245.0,62840.0,62990.1,60.95232487,5709
1730721600,62990.1,63485.7,62593.1,63005.2,97.03068097,5325
1730736000,63005.1,63114.1,61750.0,62380.1,133.66515254,5078
1730750400,62380.0,62562.8,61431.3,62364.0,88.02206553,3711
1730764800,62363.3,62675.1,62062.1,62675.1,21.51329962,1223
1730779200,62675.1,63322.3,62675.0,63282.1,48.31685581,3922
1730793600,63282.2,63400.0,62982.1,63124.6,76.51521996,5361
1730808000,63124.6,64470.6,63030.0,63873.1,213.69961345,5935
1730822400,63873.0,64587.3,62840.9,63201.3,166.00518388,5942
1730836800,63157.3,64000.0,63043.5,63482.7,98.05387587,3480
1730851200,63483.2,69706.0,63401.4,69163.0,472.26468797,9291
1730865600,69161.9,70217.5,68152.3,68342.7,693.91200763,13588
1730880000,68342.8,69464.4,67573.8,69348.0,364.47959797,11311
1730894400,69342.0,69828.1,68594.6,69240.8,291.32302306,8537
1730908800,69240.1,70664.3,69136.4,70648.5,342.89804565,9699
1730923200,70648.5,71106.7,70381.0,70390.0,238.24469411,7781
1730937600,70390.0,70800.0,69825.0,69825.9,69.65936464,2982
1730952000,69825.9,69825.9,69233.9,69564.1,88.64229987,4514
1730966400,69564.1,69800.0,69420.6,69437.5,146.09175009,5624
1730980800,69437.5,70396.4,69000.0,70394.2,182.88078165,6262
1730995200,70400.0,71043.4,70104.0,70999.4,231.81606951,7176
1731009600,70999.4,71141.8,69903.2,70301.1,171.92966044,4789
1731024000,70316.2,70800.0,70148.0,70446.7,27.31924145,1772
1731038400,70446.6,70800.0,70229.3,70730.5,69.48365291,3409
1731052800,70730.5,70873.5,70342.2,70550.1,116.94379432,5083
1731067200,70550.1,71300.0,70424.0,71185.1,167.05992741,5761
1731081600,71185.1,72100.0,70840.0,71925.2,258.39091174,5950
1731096000,71923.0,72072.0,71285.4,71456.5,80.68085207,3066
1731110400,71448.8,71579.9,71160.2,71302.3,17.17725282,1339
1731124800,71302.3,71688.1,71285.0,71484.7,17.97502846,1765
1731139200,71484.7,71600.0,71388.1,71445.5,58.67040888,2924
1731153600,71445.6,71474.0,71251.2,71272.4,35.62393267,2654
1731168000,71272.5,71550.0,70685.1,71130.8,164.79003543,3507
1731182400,71132.9,71782.0,71109.6,71565.6,48.16664494,2277
1731196800,71562.0,72258.8,71430.8,72010.6,104.93333065,2122
1731211200,72010.6,74187.3,72010.5,73391.5,417.00158606,7287
1731225600,73391.5,74567.9,73391.4,74480.0,221.55331291,5954
1731240000,74480.1,74624.4,73777.0,74197.8,216.83565181,5595
1731254400,74197.7,75373.5,73937.5,74214.5,440.04752893,8302
1731268800,74214.4,75700.0,72552.6,74864.8,478.95272587,10170
1731283200,74851.0,76272.5,74673.3,76130.8,118.50731426,3492
1731297600,76121.7,76219.0,75022.5,75767.3,96.29827505,4497
1731312000,75767.2,77000.0,75719.2,76989.3,364.92060731,10760
1731326400,76989.3,78932.9,76362.7,78777.0,701.83126838,17602
1731340800,78776.9,80589.0,78324.1,80497.9,1022.44315222,25686
1731355200,80497.8,82188.0,78500.0,82187.9,1068.03183653,26268
1731369600,82188.0,82850.0,80572.0,81846.6,223.60716123,7699
1731384000,81846.7,83844.0,81572.1,83295.7,356.15125643,13397
1731398400,83295.7,83430.7,78235.7,81760.0,838.2923409,25287
1731412800,81736.0,82366.3,79859.3,81494.6,443.7431918,14995
1731427200,81525.4,84300.0,80721.7,83349.9,421.30112494,14173
1731441600,83349.9,84182.1,81976.4,82488.0,198.821138,8804
1731456000,82456.0,83026.9,81634.5,81844.5,39.50855541,2720
1731470400,81844.4,82388.2,80751.0,82376.2,198.8291737,8766
1731484800,82353.6,82900.1,82033.8,82517.3,227.81241677,9356
1731499200,82517.2,87300.0,82393.1,87296.1,862.0493253,20817
1731513600,87294.7,87900.0,84800.0,85117.8,650.50202225,16899
1731528000,85117.7,85991.3,83074.0,85446.0,449.49795605,10084
1731542400,85446.0,85600.0,84678.8,85132.9,48.44801215,2294
1731556800,85129.1,86000.0,84521.0,85990.1,98.96598133,5817
1731571200,85990.1,87000.0,85685.8,86905.1,219.10777184,9024
1731585600,86903.9,86980.6,83107.7,83190.5,325.92869344,10444
1731600000,83190.5,84988.9,82952.2,84838.5,487.83345887,9418
1731614400,84837.3,84837.3,82300.3,82884.8,225.13047407,6926
1731628800,82907.0,83975.1,82858.8,83737.1,30.35835236,2058
1731643200,83737.1,83741.7,82677.0,83014.0,102.21918698,5502
1731657600,83014.0,84800.0,82811.0,84799.9,215.33762386,6851
1731672000,84800.0,85729.0,83384.0,83950.9,236.69642784,8031
1731686400,83962.0,86150.0,83920.1,85751.2,230.5661886,5601
1731700800,85758.3,87040.0,85717.0,86291.4,263.45852741,6866
1731715200,86272.0,86869.0,86153.3,86448.1,164.53907939,2204
1731729600,86448.3,86868.8,86272.9,86357.8,44.73936766,2837
1731744000,86357.7,86700.0,86200.0,86303.0,96.30912445,4665
1731758400,86303.1,86416.5,85278.0,85653.4,108.51940793,5297
1731772800,85653.5,86476.8,85400.0,86216.0,68.50105789,4316
1731787200,86216.0,86279.4,85522.1,85643.2,60.48058373,2866
1731801600,85710.1,85978.2,84649.7,85344.1,30.63580991,1961
1731816000,85344.1,85907.2,85273.5,85578.9,18.03682668,2480
1731830400,85578.9,86400.0,85535.7,85772.6,63.13041056,3806
1731844800,85772.6,86186.0,85100.0,85408.1,72.67358457,3787
1731859200,85408.2,85726.3,84854.5,85191.3,59.28397433,4359
1731873600,85191.3,85360.1,84095.0,85101.0,88.37724977,4263
1731888000,85101.0,85999.9,84922.2,85922.1,50.78147782,2089
1731902400,85926.0,87322.1,85700.0,86851.3,123.56802419,6263
1731916800,86851.4,87231.9,85416.6,85595.1,181.88030438,8333
1731931200,85573.7,87456.0,84611.3,87297.5,301.56963732,8757
1731945600,87297.5,87489.0,84688.5,85579.9,136.4699446,6170
1731960000,85579.9,86800.0,85250.0,85430.9,200.33186796,4670
1731974400,85431.0,86342.9,85328.0,86282.6,12.96844643,1420
1731988800,86296.1,86900.0,86148.5,86631.8,71.81611968,3762
1732003200,86631.8,87000.0,86448.4,86800.0,113.38917706,4684
1732017600,86800.1,87670.7,86101.5,87331.7,282.29381964,6969
1732032000,87331.6,88650.0,87144.1,88000.0,479.81704456,10485
1732046400,87999.9,88328.0,86465.0,87063.1,193.09080865,6109
1732060800,87063.1,87246.4,86500.0,86993.4,20.48080591,1783
1732075200,86999.0,87825.7,86854.9,87811.1,67.3362251,3779
1732089600,87816.3,88664.6,87792.0,88568.1,209.87880217,6945
1732104000,88568.1,90000.0,88449.7,89999.9,464.78117112,11203
1732118400,90000.0,90046.3,88403.3,89188.6,353.35130233,10102
1732132800,89188.6,89700.0,88837.0,89111.6,249.07972965,6850
1732147200,89119.7,90730.9,89104.4,90626.7,193.31331066,5256
1732161600,90626.8,92220.4,90626.7,91735.3,468.3449243,14206
1732176000,91735.3,93250.0,91688.2,92999.9,530.97749255,15533
1732190400,93000.0,93193.7,90800.1,91907.1,409.67899055,12327
1732204800,91907.2,94246.6,91633.1,93101.9,507.80299383,12854
1732219200,93101.9,93900.0,92915.6,93654.6,246.81127683,8575
1732233600,93645.1,94400.0,93165.7,94130.0,101.02090807,3769
1732248000,94130.0,94586.3,93897.5,94315.8,170.04825586,8937
1732262400,94315.8,94780.4,93956.3,94697.0,371.01753256,13018
1732276800,94697.0,94905.0,93300.0,94778.9,299.93850848,10864
1732291200,94770.0,95497.1,94362.1,95036.0,401.23441917,10202
1732305600,95036.1,95399.9,94520.0,94812.3,100.63784604,5361
1732320000,94819.5,94824.0,94077.0,94389.7,80.65119978,3375
1732334400,94389.7,94544.6,94030.0,94208.0,42.56397636,3626
1732348800,94208.0,94266.0,94030.0,94176.5,150.41772747,5140
1732363200,94176.4,94579.1,94163.6,94170.7,71.92541129,5029
1732377600,94170.8,94170.8,93027.1,93160.9,181.70185539,7304
1732392000,93160.9,93633.0,92815.4,93311.2,85.7172825,4695
1732406400,93311.3,94074.0,93243.3,93771.1,26.000204,2121
1732420800,93771.1,94074.0,93599.8,94074.0,16.01296459,2165
1732435200,94073.9,94074.0,93006.6,93022.1,56.17720383,4794
1732449600,93022.1,93300.0,91532.1,91532.2,232.005289,9531
1732464000,91532.2,92200.0,91333.0,92056.1,218.68475468,7572
1732478400,92056.0,93736.2,91922.6,93396.0,143.26867529,5588
1732492800,93396.0,93499.9,92487.5,93316.5,27.45717209,2004
1732507200,93316.5,93861.5,93104.3,93800.0,78.92451004,4606
1732521600,93800.0,94289.0,93600.0,93699.9,292.79875389,9212
1732536000,93699.9,93789.0,90014.3,91500.0,450.73046779,13552
1732550400,91500.1,91937.9,89845.2,90096.8,210.3097567,8792
1732564800,90096.8,90755.9,88111.1,88997.3,460.3326401,10729
1732579200,88997.2,90728.0,88675.4,90165.3,68.02632897,2536
1732593600,90165.3,90657.3,89252.4,89510.9,61.24630843,4369
1732608000,89510.9,89510.9,86800.0,87702.5,469.64309662,14611
1732622400,87702.5,89062.6,87079.6,88560.2,244.47762449,10270
1732636800,88560.2,90271.4,87418.2,87526.0,183.1073741,8811
1732651200,87536.1,88000.0,86628.5,87586.8,137.02666938,6349
1732665600,87593.2,88612.1,87430.1,88273.1,28.97409245,1888
1732680000,88273.1,89199.9,88087.2,89189.4,155.19987969,4607
1732694400,89189.4,89225.2,88599.0,88709.5,148.07152282,6913
1732708800,88709.5,90701.0,88205.1,90504.7,236.55159145,7703
1732723200,90504.1,91607.4,90147.8,91607.4,359.26826131,7611
1732737600,91607.3,92139.1,90702.1,90828.1,237.02206699,5602
1732752000,90828.1,91533.7,89950.0,90547.9,46.06463227,2305
1732766400,90530.6,90899.9,90180.0,90461.5,43.51838222,3096
1732780800,90461.6,90795.6,89795.4,90518.4,114.07568249,5133
1732795200,90518.4,91200.0,90000.0,90027.2,144.51369379,5453
1732809600,90034.3,90400.1,89878.1,90101.4,63.32120601,4100
1732824000,90101.4,90900.0,89725.0,90557.5,87.44499818,3244
1732838400,90557.5,91604.7,90298.8,91336.1,56.74355353,1693
1732852800,91332.8,91358.4,90387.2,90398.1,44.18249125,3072
1732867200,90398.1,92226.9,90393.8,92115.4,113.83335667,5961
1732881600,92115.4,93433.2,91658.0,92943.1,222.41036039,7475
1732896000,92945.4,93420.5,91692.0,92070.0,167.56851763,5149
1732910400,92085.9,92267.0,91800.2,92169.3,59.29169411,3001
1732924800,92169.4,92172.0,91122.1,91382.0,43.5269005,1880
1732939200,91382.0,91874.6,91260.0,91485.6,44.30931537,2443
1732953600,91485.6,91671.3,90790.0,90927.1,81.74640186,3940
1732968000,90927.1,91379.3,90900.1,91301.4,54.71316498,3290
1732982400,91301.3,91734.7,91206.0,91702.1,29.33883032,2992
1732996800,91702.2,91737.1,91038.9,91134.5,38.31678843,2814
1733011200,91134.5,91351.3,90531.6,91057.9,27.23390386,1626
1733025600,91063.3,91245.2,90944.9,91162.0,8.13840148,1811
1733040000,91162.0,91964.8,91161.9,91794.8,63.27978019,3830
1733054400,91794.8,92000.0,91406.5,91715.1,64.91276438,3420
1733068800,91715.1,92039.4,91558.6,91737.2,64.25291783,4387
1733083200,91737.1,92566.9,91336.6,92133.0,62.07666938,4817
1733097600,92128.3,93000.0,91597.4,91630.0,49.67127824,3199
1733112000,91630.0,92129.5,91009.8,91356.2,55.80196839,4579
1733126400,91359.2,91371.4,90167.8,90338.4,164.1215393,9329
1733140800,90341.8,92799.9,90206.5,92775.0,175.86570517,9283
1733155200,92758.5,92998.7,90000.0,91250.9,158.98263661,7898
1733169600,91250.9,91721.8,90554.0,91261.7,76.28714151,4506
1733184000,91259.9,91706.4,90909.1,91530.8,34.4303384,2455
1733198400,91520.8,91705.0,90750.0,91001.7,24.09190505,3366
1733212800,90999.1,91035.1,90000.0,90265.1,119.57673622,7538
1733227200,90265.0,91666.0,88930.8,91001.5,207.65067617,9340
1733241600,91001.4,91533.9,90283.9,90879.0,91.88700363,4723
1733256000,90886.2,91471.3,90743.2,91239.3,79.5512319,4077
1733270400,91233.0,91899.0,90760.0,91287.4,44.96924064,2224
1733284800,91287.4,92071.6,91171.2,91988.4,178.81096971,4154
1733299200,91988.4,92385.0,91612.7,91631.5,100.01960145,6088
1733313600,91617.0,92000.0,90867.2,91009.0,290.59492574,6764
1733328000,91009.1,92491.0,89956.4,92491.0,180.1726155,6945
1733342400,92490.9,94151.2,92461.3,93734.9,409.32551379,10186
1733356800,93734.9,98000.0,93135.8,97638.3,536.26357915,16858
1733371200,97638.3,98053.3,95877.0,96871.1,448.61686962,19921
1733385600,96871.1,97938.1,96871.0,97325.9,424.67583007,13748
1733400000,97326.0,97900.0,95611.2,95921.2,432.44368755,11559
1733414400,95899.1,96581.8,93197.3,93559.8,252.43593942,9615
1733428800,93543.1,93938.4,86600.0,91721.5,545.03327451,15689
1733443200,91721.6,93500.0,91211.6,92454.6,68.71104454,3233
1733457600,92464.3,93040.3,92187.1,92821.1,46.56212962,4527
1733472000,92843.4,93360.8,92495.4,92691.0,124.39657566,7143
1733486400,92689.3,94319.9,92178.1,94099.8,243.71236382,7852
1733500800,94099.9,96488.1,93609.7,96167.8,235.39133185,7417
1733515200,96167.8,96500.0,93850.1,94414.3,158.82818839,5350
1733529600,94416.5,95054.5,94059.0,94059.1,32.39959788,1746
1733544000,94059.0,94379.6,93710.0,94180.1,16.75371727,2255
1733558400,94180.1,94492.2,94079.9,94326.9,47.49382138,3280
1733572800,94326.9,94326.9,93760.0,94200.0,48.00066228,3236
1733587200,94200.0,94844.4,94054.6,94690.3,49.17953058,3250
1733601600,94692.4,94911.0,94200.0,94367.3,37.17429821,2650
1733616000,94367.3,94758.8,94273.0,94417.5,12.50250499,1316
1733630400,94417.5,94499.9,93900.0,94237.2,20.44809222,2627
1733644800,94237.2,94420.5,93374.7,94332.7,56.13456668,4050
1733659200,94332.7,95000.0,94030.9,94529.2,64.16720816,3465
1733673600,94529.1,94676.4,93800.0,94348.1,147.06185999,5339
1733688000,94286.7,95785.4,94199.3,95578.5,65.94465583,3669
1733702400,95578.6,95687.7,93430.0,93964.2,45.69617603,2467
1733716800,93964.2,94440.3,93238.9,94221.1,64.92072947,5070
1733731200,94225.6,94388.3,92651.4,92753.9,134.95450154,9165
1733745600,92745.4,94911.0,92102.0,92350.0,201.34602924,8956
1733760000,92342.2,92992.9,91822.0,91893.1,151.93764606,7315
1733774400,91893.0,92465.3,89094.2,92350.5,284.91422217,15236
1733788800,92303.9,93000.0,90639.7,91844.1,49.08658242,3390
1733803200,91844.1,92363.6,90930.2,92170.3,65.15701326,4376
1733817600,92170.3,93000.0,92016.0,92894.1,95.24298919,6462
1733832000,92873.4,93418.3,91126.5,91176.5,167.62270259,7625
1733846400,91176.5,91851.5,89725.3,91155.5,219.73288434,11680
1733860800,91134.7,92417.8,90894.0,91882.6,154.45584158,5488
1733875200,91882.6,92691.0,90963.7,92583.0,58.75625753,2670
1733889600,92572.2,93000.0,92376.2,92882.1,41.44232004,3726
1733904000,92882.1,93789.9,92815.9,93670.8,144.28662517,7094
1733918400,93670.8,96011.0,93454.7,95766.4,267.19146339,7695
1733932800,95766.4,96421.0,94959.5,96376.0,274.34284832,6243
1733947200,96376.0,96969.7,96107.7,96240.7,159.42990609,4747
1733961600,96240.8,96892.9,95536.1,96178.9,154.61602516,2276
1733976000,96178.9,96352.6,95466.4,95537.5,49.62623019,3069
1733990400,95538.1,96215.1,95453.7,95539.9,105.12203671,4925
1734004800,95540.0,97249.3,95539.9,97199.9,207.69836843,6770
1734019200,97199.9,97674.6,94750.0,94932.3,236.45046715,8375
1734033600,94932.3,95925.0,94929.4,95485.1,64.46876166,3548
1734048000,95459.2,95778.0,94810.0,95311.8,16.80197946,1538
1734062400,95311.8,95785.5,95114.5,95723.2,18.92953488,2428
1734076800,95723.2,95971.1,95210.9,95740.0,106.48099955,4646
1734091200,95740.1,96594.4,95106.1,95231.7,169.25813567,6017
1734105600,95231.6,97000.0,95197.5,96693.4,152.29081189,5198
1734120000,96693.5,97000.0,96292.8,96600.9,62.04038367,2871
1734134400,96600.9,97640.0,96328.9,97173.0,40.06374102,2269
1734148800,97173.0,97202.0,96720.3,96881.6,43.31171195,1965
1734163200,96912.3,96948.2,96434.8,96678.1,28.02119948,2871
1734177600,96677.8,96833.7,96000.0,96740.9,40.87463115,3147
1734192000,96740.9,96800.0,96000.0,96467.2,31.85625578,3000
1734206400,96467.1,96545.0,95860.0,96510.9,36.05760358,2381
1734220800,96511.0,97199.8,96403.0,96790.1,38.00453866,1617
1734235200,96790.1,97777.0,96613.9,96786.0,43.22567856,2435
1734249600,96786.0,97699.0,96660.1,97698.9,53.4570084,3197
1734264000,97699.0,98173.5,97499.9,97651.7,142.71313231,5225
1734278400,97651.8,98300.0,97553.6,98063.4,96.92005224,4406
1734292800,98067.1,99550.0,97539.7,98902.1,226.51118447,7652
1734307200,98902.1,100000.0,98855.4,99153.0,414.88607176,12063
1734321600,99153.0,100000.0,98968.3,99800.9,120.64286656,5215
1734336000,99801.0,99809.5,98803.2,98814.7,203.63704055,8309
1734350400,98814.7,101423.8,98400.0,101124.7,530.69742878,13142
1734364800,101118.8,102395.6,100203.7,101030.1,455.7272241,13169
1734379200,101030.1,101067.4,100085.0,100539.8,204.78227573,6250
1734393600,100539.8,101595.1,100229.9,101559.1,70.31023069,2694
1734408000,101555.6,101825.0,101130.8,101707.5,68.04382994,3855
1734422400,101706.3,102379.9,101553.6,101700.3,158.20461223,7200
1734436800,101700.2,102888.0,100525.9,101370.2,496.09854673,12309
1734451200,101363.5,102433.6,100746.0,101344.8,576.86359316,11473
1734465600,101344.7,101735.3,100383.5,101091.5,338.70869864,7830
1734480000,101091.5,101380.0,99528.0,99711.2,77.92681527,3427
1734494400,99711.2,99711.2,98200.0,99297.0,117.16346353,6349
1734508800,99297.0,99995.7,98874.0,99995.7,170.78804012,6476
1734523200,99992.2,100249.2,98805.0,99638.8,118.80847827,6486
1734537600,99638.8,100101.0,98652.1,98947.6,127.48008388,5554
1734552000,98918.0,99003.2,96690.0,96776.9,228.70737158,11177
1734566400,96778.5,97550.0,95119.0,97531.1,141.45565974,4931
1734580800,97531.1,97820.0,97017.0,97800.1,63.9315662,4701
1734595200,97800.1,98477.9,97400.0,98383.1,217.92078158,6708
1734609600,98383.1,98680.0,95701.1,96850.0,280.30147801,8314
1734624000,96850.0,97400.4,92850.0,93701.5,321.27651538,14036
1734638400,93698.8,94896.0,92139.8,94050.0,240.14906694,9823
1734652800,94041.4,94288.1,92600.0,93665.1,44.69972705,2514
1734667200,93681.2,94534.9,92891.8,94128.2,58.78928612,4765
1734681600,94125.6,94189.7,88909.8,89057.0,889.29321109,18281
1734696000,89035.2,93827.3,88593.7,93344.9,456.17547523,13914
1734710400,93326.6,93830.1,92444.0,93046.1,143.6281904,5937
1734724800,93096.0,93844.1,91578.4,93844.0,71.45759433,3660
1734739200,93844.1,93844.1,93320.0,93563.9,11.77209577,1025
1734753600,93564.0,95678.8,93456.4,95200.6,121.99026588,3024
1734768000,95200.6,95270.5,94025.6,94400.1,95.92572033,3662
1734782400,94400.1,94407.8,92592.8,93676.3,86.36352629,3684
1734796800,93671.6,93846.5,92995.1,93396.3,28.06025896,2660
1734811200,93403.1,94148.2,92803.4,93378.5,27.52253545,2316
1734825600,93417.4,93565.6,92768.8,93145.9,5.53898102,1135
1734840000,93138.5,93195.2,92068.6,92279.4,52.51465786,1935
1734854400,92279.4,93440.2,92279.3,93250.1,57.71033941,2830
1734868800,93250.0,93366.7,91189.5,91379.4,166.08255482,5353
1734883200,91379.4,92497.6,90817.2,90850.0,94.58374871,4013
1734897600,90944.5,91760.1,90386.5,91182.7,85.0594568,4045
1734912000,91182.6,91914.6,89800.0,91914.0,84.17300279,3566
1734926400,91913.9,92333.2,90769.6,91525.3,35.94254112,3345
1734940800,91556.0,92746.4,91242.8,92151.2,225.6546784,6818
1734955200,92151.8,92643.1,89513.0,89670.9,200.07284578,7712
1734969600,89665.4,90452.5,89044.3,89272.0,102.66599807,7579
1734984000,89272.1,91715.0,88866.7,91100.0,145.83719594,5241
1734998400,91100.0,91127.8,89831.7,90710.9,16.9359175,1549
1735012800,90710.8,90936.1,90150.1,90543.8,35.2156891,2429
1735027200,90543.8,90918.5,90186.2,90675.7,113.71350942,5094
1735041600,90675.8,94500.0,90360.0,94500.0,153.12815515,6279
1735056000,94499.9,95645.9,93842.3,93879.3,126.70010022,4428
1735070400,93879.3,95200.0,93469.3,94853.3,73.7941492,2708
1735084800,94840.8,94965.6,93986.9,94219.2,40.55928139,1410
1735099200,94219.2,94757.6,94077.7,94239.5,25.05193829,1753
1735113600,94239.5,95489.5,94099.4,94158.2,57.02181724,3834
1735128000,94155.1,95000.0,93878.8,94719.8,70.29112531,4098
1735142400,94750.0,95400.0,94415.5,95169.6,37.46039478,3641
1735156800,95169.6,95659.4,94572.0,95526.1,47.66950354,2411
1735171200,95580.2,96031.2,94713.9,95139.3,36.3826267,1584
1735185600,95139.3,95139.3,93953.3,93953.3,33.28320007,1937
1735200000,93953.3,93989.6,91502.0,91950.1,113.09912179,5051
1735214400,91950.1,92398.8,91500.0,92191.6,70.20994417,3887
1735228800,92191.6,92630.6,91600.0,92204.9,42.93762169,3015
1735243200,92200.0,92223.9,91473.2,91791.6,57.46128318,2594
1735257600,91809.0,92500.0,91500.0,92499.8,23.57094629,1629
1735272000,92499.8,92681.3,90901.7,91149.4,56.55125242,3457
1735286400,91149.4,93476.0,91149.4,92792.2,98.09056661,5955
1735300800,92795.1,92834.6,90157.4,90675.6,123.56701196,6395
1735315200,90675.5,91027.4,89677.3,90796.1,130.00040009,5905
1735329600,90826.5,90911.7,90251.0,90372.0,38.28964287,3027
1735344000,90372.0,90670.0,90251.0,90613.4,14.14851638,1434
1735358400,90610.0,90800.0,90334.4,90406.1,31.52471309,1868
1735372800,90405.8,90881.6,90340.8,90769.8,68.0967299,3230
1735387200,90769.9,91215.4,90350.0,90350.4,38.40138787,3168
1735401600,90350.3,91143.8,90340.5,90950.4,37.94246228,2782
1735416000,90950.5,91560.5,90850.0,91224.8,29.02913345,2412
1735430400,91224.8,91256.3,90800.0,91117.0,8.20466571,1287
1735444800,91113.4,91223.0,90944.9,91223.0,7.47247138,1360
1735459200,91223.0,91266.1,90924.1,90929.0,131.45177367,2835
1735473600,90928.9,91021.0,90005.0,90403.8,59.78487592,3658
1735488000,90403.4,90473.1,89400.0,89603.1,84.10237411,5504
1735502400,89603.1,89885.6,89031.6,89712.0,59.17579158,4435
1735516800,89712.0,90160.0,89442.7,89690.8,24.33849147,1748
1735531200,89683.5,89890.0,89216.5,89704.4,25.45586168,3141
1735545600,89708.6,90003.0,89370.0,89700.0,90.25214582,6895
1735560000,89700.0,90080.1,87910.1,88608.2,261.08916827,11051
1735574400,88608.1,90969.0,88369.4,90710.7,159.72082168,6525
1735588800,90728.9,91199.0,88250.2,89089.9,134.03172214,4108
1735603200,89089.9,89152.0,88318.1,88742.0,22.75778633,1616
1735617600,88742.0,89291.0,88663.9,89095.1,21.78166682,3080
1735632000,89095.1,90850.0,89088.7,90410.1,99.90163031,5349
1735646400,90410.1,92606.9,90410.0,92001.9,194.56181968,6353
1735660800,92020.1,92133.1,90000.0,90749.0,143.61161991,3554
1735675200,90748.9,90754.3,89933.1,90106.4,58.8315326,2552
1735689600,90167.3,91000.0,90078.2,90438.1,26.21679779,1376
1735704000,90438.1,90512.1,90186.2,90351.1,17.0897026,1565
1735718400,90351.1,90397.4,89646.2,90160.4,36.29853971,3219
1735732800,90160.4,91098.0,90120.7,91067.8,29.82858256,2571
1735747200,91098.0,91448.9,90411.8,91287.2,29.65517626,2741
1735761600,91287.2,91737.4,91186.0,91186.0,33.19149877,2538
1735776000,91190.3,92098.3,91028.0,91429.2,19.15061947,1760
1735790400,91429.2,92365.1,91423.6,92365.1,25.98169111,2930
1735804800,92365.1,93650.0,92319.2,93540.0,191.09241041,6568
1735819200,93539.9,94377.2,92996.6,93797.8,150.94683667,5999
1735833600,93789.2,95234.5,93710.6,94851.9,108.34211572,5855
1735848000,94854.1,95231.0,94140.1,94390.8,64.10433988,3284
1735862400,94390.5,94647.4,94053.0,94405.8,14.91773211,1421
1735876800,94405.8,94405.8,93558.6,93600.2,23.59423989,2882
1735891200,93600.2,94000.0,93385.4,93907.2,106.89744227,4735
1735905600,93907.2,94953.0,93700.0,94814.9,114.54568953,5584
1735920000,94815.0,96035.1,94707.2,95742.9,104.92288405,4873
1735934400,95744.1,95841.1,95177.5,95225.5,40.25103838,2675
1735948800,95245.7,95364.0,94880.3,95308.7,9.43795601,1244
1735963200,95308.8,95387.0,94972.3,95339.8,9.03899352,1340
1735977600,95371.5,95387.0,94679.5,94988.9,40.01633003,2585
1735992000,94969.8,95180.0,94700.0,94799.8,27.04689342,2584
1736006400,94799.8,95387.0,94707.3,95268.6,31.44794985,2292
1736020800,95268.6,95800.0,95243.4,95293.3,23.42003713,2174
1736035200,95293.8,95465.9,95151.0,95253.4,8.96925171,1145
1736049600,95253.4,95555.0,95253.3,95359.7,4.34065243,1236
1736064000,95359.7,95359.7,94642.7,94743.0,30.26503318,2901
1736078400,94742.9,95307.8,94450.0,95176.8,27.70118873,2494
1736092800,95176.7,95375.0,94701.0,95124.8,39.78958945,2424
1736107200,95124.8,95839.2,95074.6,95431.7,34.05394428,2323
1736121600,95430.2,96143.8,95014.8,95971.6,19.74548494,2042
1736136000,95971.6,96799.9,95971.5,96134.7,44.04138548,3444
1736150400,96141.0,96413.2,95161.9,95236.3,77.5916816,5307
1736164800,95236.3,98580.0,94900.0,98261.6,243.11010159,7674
1736179200,98273.0,98580.0,97555.0,98060.5,116.50307432,5602
1736193600,98035.6,98556.4,97850.0,98412.5,71.07930206,3517
1736208000,98412.5,98908.0,97764.4,97876.7,46.83812584,2170
1736222400,97876.7,98077.2,97608.5,97613.2,59.41003957,2621
1736236800,97628.1,97883.9,96553.1,96856.2,108.14475523,5118
1736251200,96849.7,97103.6,93800.0,94430.1,248.58891611,8050
1736265600,94430.0,94792.7,93051.0,93147.6,164.34820485,6776
1736280000,93147.6,94025.7,92881.8,93801.2,95.87399204,4397
1736294400,93798.9,94020.4,93050.0,93303.2,18.91277664,1430
1736308800,93310.5,93379.4,92100.0,92600.1,58.00382575,4288
1736323200,92600.1,93099.1,92000.0,92441.7,141.56531881,5480
1736337600,92441.8,93174.2,92000.0,92749.9,86.53404852,5772
1736352000,92750.0,92750.0,89901.0,91512.2,223.193635,9759
1736366400,91512.2,92427.3,90848.0,92219.0,48.62197991,3801
1736380800,92219.0,92468.2,90690.1,91179.6,22.95947019,1664
1736395200,91179.6,91831.0,90555.4,90661.6,61.83276544,3279
1736409600,90661.6,91127.9,90123.3,90716.4,103.47890279,6168
1736424000,90716.5,91858.8,89050.6,91588.1,194.9723222,8904
1736438400,91588.1,91999.9,89333.9,89368.6,74.2615083,5205
1736452800,89368.6,90076.5,88643.2,89936.7,106.28195495,6208
1736467200,89938.4,91031.1,89881.9,91030.5,23.28770002,1530
1736481600,91031.2,92355.6,90900.3,91854.1,56.29026488,3629
1736496000,91845.4,92500.0,91701.9,92320.9,102.26590952,7456
1736510400,92321.0,92384.2,90026.3,91466.8,168.84322048,8512
1736524800,91466.9,93474.4,91114.3,93045.6,115.93578843,4504
1736539200,93045.6,93169.3,92402.0,92503.3,21.46192032,2630
1736553600,92503.3,92503.3,91917.0,91949.0,13.38422195,1277
1736568000,91949.0,92199.5,91629.0,91950.0,13.19196856,1674
1736582400,91950.0,92488.5,91794.3,92360.4,18.66326429,2481
1736596800,92347.9,92373.2,92069.2,92136.1,46.00702862,3369
1736611200,92136.2,92344.3,91770.0,91941.9,24.26356992,2615
1736625600,91941.9,92677.9,91911.5,92251.3,16.83310217,2201
1736640000,92250.5,92341.7,91946.4,92265.2,3.90242241,1100
1736654400,92265.2,92290.6,92000.0,92009.9,4.67327277,1339
1736668800,92009.9,92009.9,91500.0,91938.4,24.76413725,2967
1736683200,91938.4,92998.0,91880.0,92712.9,36.12829194,2907
1736697600,92705.9,92857.1,92235.6,92298.2,31.35083941,2489
1736712000,92298.3,92439.0,91574.5,92249.5,32.55667905,2387
1736726400,92249.6,93599.0,91700.1,92193.5,34.13099493,1835
1736740800,92213.4,92790.5,91241.9,91565.0,28.21471489,3617
1736755200,91565.0,91566.0,89002.0,89060.1,165.24703045,10778
1736769600,89060.1,91164.7,87400.0,90351.1,469.79610093,14553
1736784000,90351.1,90608.0,89393.5,90401.2,110.27134633,6208
1736798400,90416.3,92335.5,90001.9,92100.9,80.10236087,3790
1736812800,92100.9,92944.0,92002.3,92545.0,37.6845118,2065
1736827200,92545.0,93099.1,92434.4,92500.0,38.12790832,2947
1736841600,92500.0,94839.0,92499.9,94131.4,159.22494851,6642
1736856000,94131.4,94665.9,93432.5,93730.1,151.05443685,5433
1736870400,93730.1,94162.9,92736.5,93711.4,78.49246412,4079
1736884800,93715.5,94000.0,93350.1,93689.9,28.02831529,2381
1736899200,93696.1,94600.0,93696.1,94437.0,13.30833037,1471
1736913600,94444.7,94777.0,93920.4,94387.2,40.67751924,3195
1736928000,94387.3,94683.5,93636.8,93900.0,58.02503352,4912
1736942400,93900.0,96527.9,93673.1,96036.0,277.5189256,8085
1736956800,96036.2,97000.0,95868.2,96969.0,193.04588836,4818
1736971200,96969.1,97777.0,96580.4,97499.9,113.52569212,4401
1736985600,97500.0,97796.1,96414.9,96624.0,28.35076091,2369
1737000000,96624.0,97000.0,96553.6,96865.2,31.9600764,2889
1737014400,96876.2,96913.1,95766.4,96353.1,127.35397334,5087
1737028800,96353.1,96862.5,94748.5,96327.0,146.92157042,6284
1737043200,96327.1,97400.0,96276.9,97400.0,87.56910646,4856
1737057600,97400.0,97571.1,96500.0,96994.3,65.07829943,3428
1737072000,96994.3,98888.0,96971.1,98001.9,77.36110365,3813
1737086400,98006.9,98950.1,97938.0,98619.1,59.85597418,4265
1737100800,98619.1,99477.9,98619.0,99285.0,168.06936459,7206
1737115200,99285.1,101000.0,99189.2,100949.9,300.21790851,9445
1737129600,100950.0,102865.1,100915.0,102863.3,465.67551225,9928
1737144000,102863.4,102881.2,101164.0,101164.1,193.96640658,6603
1737158400,101164.1,101644.7,100211.0,100605.0,41.62843914,1940
1737172800,100605.0,100798.5,99600.1,99769.2,82.62505472,3998
1737187200,99769.2,100850.0,99149.9,100636.8,101.64643482,4574
1737201600,100636.8,101777.0,100330.0,101500.0,75.59867449,4024
1737216000,101500.1,101500.1,99969.3,101220.5,44.46504774,3677
1737230400,101223.1,101640.6,100700.0,101466.6,29.17183036,2734
1737244800,101466.6,102179.9,101041.1,101778.4,31.67934525,1666
1737259200,101778.4,102424.0,101173.1,102153.0,65.52043135,2601
1737273600,102153.0,102500.0,100650.0,101500.0,112.5483076,6407
1737288000,101511.6,102750.0,101500.0,102099.9,128.62196123,5150
1737302400,102100.0,103277.0,101749.8,103276.9,191.88828885,6172
1737316800,103277.0,103498.0,96978.3,98550.1,497.1329454,15111
1737331200,98527.6,99250.0,96779.4,98881.0,122.36604693,3567
1737345600,98847.9,105884.0,98510.3,103639.1,623.97612615,14332
1737360000,103651.1,105600.0,103645.0,104686.8,417.10821205,13329
1737374400,104686.9,105076.8,100231.0,100885.6,303.66258473,10712
1737388800,100870.6,102845.4,96800.0,99413.2,421.88396273,14474
1737403200,99468.1,100000.0,97610.0,98011.0,170.42808009,4942
1737417600,98076.7,99223.6,96550.0,99038.1,76.03407117,3024
1737432000,99038.1,99038.1,97351.9,98296.3,45.2526708,4389
1737446400,98296.3,100407.9,98048.8,100205.0,103.1629883,6164
1737460800,100205.1,101245.9,99011.0,99944.3,176.14638423,6460
1737475200,99944.4,102800.0,99853.5,102758.0,220.30683275,6211
1737489600,102761.7,102800.0,101300.1,102008.2,95.83226103,3574
1737504000,102000.7,102049.2,101274.9,101444.1,18.64977978,1283
1737518400,101438.9,101726.4,100882.5,100945.6,28.09242426,3203
1737532800,100945.6,101110.3,100253.1,100618.7,73.68322438,4853
1737547200,100618.7,101152.3,99511.0,100075.2,157.22634401,5182
1737561600,100026.3,100489.0,99223.6,100419.9,69.03940309,4202
1737576000,100429.0,100518.3,99550.1,99650.7,39.10792186,2718
1737590400,99650.7,99731.5,98205.1,98421.3,49.29786762,2089
1737604800,98421.3,98895.8,97650.0,98752.3,69.06156981,4298
1737619200,98752.3,98752.4,97235.9,98000.0,156.01214092,5539
1737633600,98000.0,101830.3,97452.1,101230.1,303.21882522,9291
1737648000,101271.6,102716.8,99285.0,99634.8,245.07866203,6477
1737662400,99634.8,101961.9,98280.0,99803.9,294.56435661,6116
1737676800,99803.9,100031.3,98500.0,99487.9,43.16627601,1668
1737691200,99492.6,100794.3,99423.0,100432.0,29.48313337,2868
1737705600,100432.0,100771.5,100162.1,100561.1,62.41455334,4569
1737720000,100561.3,101396.0,99999.6,100664.4,86.40981587,4565
1737734400,100664.5,101932.4,100466.5,100800.0,134.72750615,4013
1737748800,100800.0,100800.0,99615.8,99954.5,95.18319086,3559
1737763200,99955.0,100321.5,99550.0,100299.8,15.44325412,1222
1737777600,100299.8,100299.8,99383.7,99521.7,18.1992394,1804
1737792000,99521.7,99758.9,99358.1,99754.6,26.55266336,2697
1737806400,99754.6,100000.0,99662.8,99779.1,12.11719876,1678
1737820800,99779.1,100339.8,99779.0,100099.9,47.99159226,2079
1737835200,100100.0,100339.7,99835.8,99857.8,20.40393029,1886
1737849600,99857.8,100339.3,99680.2,100131.4,10.69604181,1243
1737864000,100131.4,100500.0,100097.7,100120.1,13.19914472,1444
1737878400,100120.1,100300.3,99614.9,99953.4,30.68922378,2733
1737892800,99949.7,100143.7,99900.2,100067.2,24.69061034,2369
1737907200,100067.2,100298.8,100000.9,100133.2,22.41126848,2606
1737921600,100133.4,100245.2,98021.0,98048.1,81.77798731,3914
1737936000,98048.1,98685.4,96300.0,96880.1,124.27317102,4830
1737950400,96880.1,96880.1,93501.0,94768.1,256.24304765,12372
1737964800,94768.1,94969.0,93650.0,94016.4,171.7705612,12671
1737979200,94016.5,97392.2,93918.2,96433.7,205.4241616,9393
1737993600,96433.7,96483.1,94363.1,95040.0,166.39608176,6628
1738008000,95040.0,97754.0,95040.0,97753.9,222.49747978,5052
1738022400,97754.0,98601.8,97100.2,98395.5,43.53534179,1844
1738036800,98412.8,99082.1,98307.8,98550.6,59.1383492,3653
1738051200,98550.8,98886.4,98117.2,98549.1,113.39167001,4985
1738065600,98549.1,99347.3,97655.6,98530.7,134.24560212,4937
1738080000,98530.7,98857.6,97674.2,98121.1,60.15849747,3673
1738094400,98121.2,98238.9,96120.0,97170.9,80.13509672,3979
1738108800,97170.9,98034.5,97106.3,97746.2,10.9766252,1269
1738123200,97735.0,98580.6,97660.0,98580.5,35.77882217,2829
1738137600,98580.6,98780.0,98200.0,98587.4,44.48778171,4210
1738152000,98587.4,98780.0,97700.0,97869.0,70.14920405,4052
1738166400,97869.1,99674.4,97500.0,99412.8,147.0788278,5073
1738180800,99411.0,100500.0,98714.4,99490.3,109.18920561,4406
1738195200,99502.0,100900.0,99099.0,100859.2,34.20353603,1990
1738209600,100859.2,101299.9,100588.6,100853.6,65.87061075,3770
1738224000,100853.7,101366.1,100731.5,101308.8,77.7284843,4774
1738238400,101308.9,101897.9,100208.0,101217.1,177.7792415,5721
1738252800,101217.1,101677.8,100523.5,101339.8,73.80169111,3991
1738267200,101342.7,101400.0,100700.1,100709.0,38.42238111,2737
1738281600,100711.7,101065.3,100073.9,100466.9,46.76523994,1518
1738296000,100463.2,100776.3,100060.0,100153.2,39.69777981,3023
1738310400,100153.3,101000.0,100115.2,100918.0,100.17551093,4793
1738324800,100914.6,101932.4,100408.0,101390.9,89.78629629,4941
1738339200,101428.9,101579.8,98500.0,98608.0,136.90504523,5400
1738353600,98587.8,98952.3,98000.0,98888.8,76.76969843,4252
1738368000,98888.8,99225.0,98720.0,98720.1,15.67399263,1431
1738382400,98720.1,99038.1,98615.1,98615.1,13.52251539,1899
1738396800,98615.1,98703.5,97971.4,98490.9,44.3031919,4053
1738411200,98490.9,98745.0,98213.2,98554.8,25.74563555,3038
1738425600,98554.8,98743.5,98007.7,98153.8,30.20321986,2836
1738440000,98153.9,98153.9,97100.0,97362.1,78.48440851,3909
1738454400,97362.1,98096.2,96001.3,96017.9,55.45042907,2867
1738468800,96017.9,97255.3,95971.4,96475.1,52.07431304,2768
1738483200,96475.1,96840.6,95393.3,95565.7,109.20863184,6225
1738497600,95565.7,96122.0,94888.0,96038.5,119.34296246,6031
1738512000,96040.9,96054.0,93774.0,95330.9,278.38925856,10285
1738526400,95330.9,95697.1,93939.0,95400.4,250.10102484,6799
1738540800,95400.4,95400.4,89118.4,92111.7,462.29369266,14747
1738555200,92113.6,93499.1,90723.9,93389.1,213.41287272,11508
1738569600,93389.1,93752.8,92773.4,92945.2,230.98936016,13543
1738584000,92945.2,96666.0,91967.2,96110.5,344.56461778,11505
1738598400,96110.5,99250.0,95500.2,99250.0,277.9994778,10696
1738612800,99250.0,99319.2,98191.6,98267.5,177.624943,4354
1738627200,98267.5,98720.2,97654.4,97667.4,37.39048564,1607
1738641600,97667.4,97800.4,95468.5,95567.7,107.97074443,5623
1738656000,95563.7,96374.3,94839.3,96001.0,208.28428467,7242
1738670400,96001.1,97132.0,95000.0,95872.0,96.7742202,5776
1738684800,95872.0,97102.0,95300.0,95300.1,64.90550719,4343
1738699200,95300.1,95750.0,92777.0,94329.8,152.23528413,6456
1738713600,94329.8,95345.7,93672.3,94516.5,11.87258795,1629
1738728000,94510.9,94765.2,93740.8,94170.1,20.54625867,3778
1738742400,94170.9,94405.8,93534.4,94385.8,56.10711842,4950
1738756800,94385.8,95228.7,93900.1,94205.7,66.6586877,4824
1738771200,94205.8,94405.5,92700.0,93600.1,69.44959673,5061
1738785600,93600.1,93953.8,92500.0,92950.0,38.43200368,3425
1738800000,92950.0,93832.9,92811.3,93702.6,7.32199937,1384
1738814400,93702.7,94702.2,93690.1,94619.4,24.71267278,3170
1738828800,94635.3,95708.5,94576.9,95474.6,102.54575099,4958
1738843200,95474.6,95665.7,93619.7,93940.1,84.87851746,4986
1738857600,93948.3,94141.0,92245.4,92500.0,91.77024937,5890
1738872000,92500.1,93511.9,92316.6,93047.5,43.20848575,3249
1738886400,93047.5,94205.6,92994.2,93932.4,16.45315178,1640
1738900800,93934.5,94250.0,93173.8,93182.5,35.04254338,3305
1738915200,93182.5,94222.2,93120.0,94206.0,42.94577769,4665
1738929600,94206.0,96475.2,93926.5,94970.2,160.78106511,6351
1738944000,94988.2,95328.1,93847.2,93880.1,75.50379657,3615
1738958400,93880.1,93880.1,92671.5,93545.4,61.79560576,4224
1738972800,93545.4,93902.1,93402.7,93739.1,12.00387814,1298
1738987200,93739.1,93739.1,92900.0,93276.5,11.00724706,2012
1739001600,93276.6,93351.1,92964.1,93176.0,23.51569036,2953
1739016000,93176.0,93580.0,92843.1,92976.7,25.10003893,2962
1739030400,92974.5,93750.0,92906.5,93640.4,31.27707116,2578
1739044800,93640.4,93733.1,93438.6,93537.6,18.47492535,1935
1739059200,93537.6,94272.4,93496.0,94272.4,8.35569522,1230
1739073600,94279.3,94280.4,93851.3,94093.9,4.37623543,1382
1739088000,94093.9,94250.0,93666.0,93666.1,18.31547347,2620
1739102400,93666.1,93770.0,92888.1,93560.8,34.32352379,3219
1739116800,93555.1,93606.3,93006.0,93141.0,29.44422312,2680
1739131200,93141.0,93749.0,92125.2,93600.1,83.53455651,4094
1739145600,93600.1,94168.0,92522.0,93837.1,38.06146284,1775
1739160000,93837.1,94580.0,93750.0,94509.0,59.53537473,4411
1739174400,94509.0,94909.0,94348.9,94608.0,80.13236772,6310
1739188800,94608.0,95291.7,93970.0,94295.4,122.93165271,5050
1739203200,94294.0,94704.6,94000.1,94520.0,38.02637225,3746
1739217600,94520.0,94611.0,94250.0,94589.0,61.63080966,2396
1739232000,94591.5,95200.0,94585.1,94786.1,24.17219381,1573
1739246400,94786.1,95538.0,94702.8,95409.3,45.93114973,3286
1739260800,95409.4,95409.4,94900.0,95140.1,74.26933306,4686
1739275200,95140.1,95140.1,93600.0,93829.9,102.21420097,4638
1739289600,93829.9,93829.9,91532.1,91820.8,166.93004535,7176
1739304000,91820.8,93176.7,91712.6,92453.0,45.50602957,4032
1739318400,92452.5,92920.6,91800.1,92015.6,12.12477687,1451
1739332800,92015.6,92800.0,92000.1,92594.3,69.43728671,3020
1739347200,92594.3,92970.6,92506.1,92643.2,69.61100413,4574
1739361600,92643.2,93204.0,91234.1,92381.6,163.95974249,7203
1739376000,92390.0,93756.2,91926.3,93538.3,124.52327604,3896
1739390400,93561.3,94434.3,93255.8,94172.8,73.07632225,2814
1739404800,94169.1,94280.0,93600.7,93600.7,12.85222914,1235
1739419200,93600.8,93647.5,91885.0,92194.3,50.31700678,3337
1739433600,92194.3,92500.0,92000.0,92253.3,51.75450943,4220
1739448000,92253.3,92698.9,91817.5,92067.5,130.32835106,4655
1739462400,92067.5,92433.1,91406.0,91678.1,50.05109976,4403
1739476800,91678.1,92473.2,91661.9,92358.8,20.47084384,2314
1739491200,92358.8,92944.3,92200.0,92871.8,7.18760411,1265
1739505600,92904.3,92958.7,92406.0,92671.2,41.52529922,3196
1739520000,92671.2,92754.3,92411.1,92585.3,59.22657094,4326
1739534400,92585.3,92843.0,91800.0,92269.5,90.56739911,4485
1739548800,92298.9,94080.0,92000.0,93323.1,145.2341653,3999
1739563200,93323.0,93677.5,92251.0,92952.0,39.59902716,2322
1739577600,92952.0,93409.6,92755.9,93128.4,7.92940806,1031
1739592000,93128.4,93259.9,92875.4,92881.2,5.83073755,1910
1739606400,92881.2,93177.3,92825.8,93093.3,40.24930309,2476
1739620800,93093.3,93379.0,93000.0,93155.2,18.9299894,2281
1739635200,93155.2,93200.0,92867.6,93060.4,11.73331676,2447
1739649600,93060.4,93200.0,92935.0,93085.1,12.7587258,1851
1739664000,93085.1,93200.0,92950.0,93038.0,3.63588692,1051
1739678400,93038.3,93126.0,92800.0,92800.1,5.355616,1910
1739692800,92800.1,92898.0,92605.0,92749.9,19.12075365,2661
1739707200,92749.9,92749.9,92300.0,92450.1,32.19536482,2889
1739721600,92450.1,92667.0,92286.2,92553.0,32.83197547,2764
1739736000,92553.1,92750.0,91690.8,91751.1,17.71860671,2785
1739750400,91751.1,92000.0,91509.4,91722.8,12.93776559,1521
1739764800,91722.8,92002.3,91400.0,91675.8,25.92468669,4937
1739779200,91675.7,91999.5,91578.8,91662.6,59.13228085,7777
1739793600,91665.5,92582.9,91236.1,91346.1,109.98558478,5464
1739808000,91346.1,91534.8,90899.9,91204.8,85.71949445,6087
1739822400,91204.8,91983.9,91169.3,91367.8,58.21842679,2669
1739836800,91367.8,92000.0,91222.8,91950.2,14.45082724,1258
1739851200,91950.2,92000.0,91130.4,91258.6,24.7944451,3248
1739865600,91258.7,91663.1,90939.3,91434.5,57.00889021,5259
1739880000,91434.5,92500.0,91060.1,91284.3,118.38892068,4814
1739894400,91284.3,91384.9,89438.4,90037.0,240.99794934,10727
1739908800,90037.1,91449.4,89751.1,91449.4,133.69073282,3981
1739923200,91449.4,91715.0,90935.1,91516.5,30.44981522,1303
1739937600,91516.5,91585.1,90927.9,91539.7,23.08494845,2898
1739952000,91539.7,92381.0,91539.6,92348.8,74.38228438,4844
1739966400,92348.8,92667.8,91557.6,92000.1,72.13787465,4150
1739980800,92000.1,92620.0,91450.1,92206.6,53.33194927,3401
1739995200,92206.6,92800.0,92086.2,92670.8,27.72589671,2425
1740009600,92670.8,93176.0,92474.0,92998.8,29.42739674,1837
1740024000,92998.8,93290.5,92768.8,92908.6,18.40585485,2460
1740038400,92908.6,93224.1,92772.6,93160.6,54.98177748,3472
1740052800,93160.6,93780.0,92537.7,92541.4,72.11526929,4450
1740067200,92550.1,93890.0,92550.1,93780.0,57.22638318,3991
1740081600,93780.0,93997.0,93352.5,93673.1,40.58775021,2452
1740096000,93673.1,93852.6,93500.0,93500.1,10.91900098,1125
1740110400,93500.1,93919.0,93500.0,93595.5,38.6170247,3034
1740124800,93605.1,94411.6,93605.1,94228.6,135.70223171,4429
1740139200,94228.6,94975.4,92925.1,93850.9,135.84256722,5673
1740153600,93870.4,94500.0,91063.0,91106.0,128.13687018,5201
1740168000,91106.0,91997.3,90659.9,91974.3,59.84574149,3974
1740182400,91974.3,92250.0,91605.4,92100.6,10.57489321,1174
1740196800,92100.6,92349.0,92100.5,92155.8,14.99640812,2231
1740211200,92155.8,92393.0,91954.0,92357.0,30.31760717,2551
1740225600,92357.0,92690.7,92313.5,92437.1,20.55823141,2440
1740240000,92400.1,92579.9,92152.4,92422.9,13.80727906,2207
1740254400,92422.9,92486.8,92288.2,92342.2,7.99908418,1727
1740268800,92342.2,92449.9,92191.3,92253.8,8.78052314,1057
1740283200,92253.8,92331.5,92025.8,92307.5,4.77365193,1936
1740297600,92307.5,92307.5,91910.5,91930.6,10.4131184,2117
1740312000,91930.6,91962.0,91286.1,91286.1,37.57204223,2956
1740326400,91286.1,91632.1,91112.8,91501.4,18.82922259,2643
1740340800,91501.5,91900.1,91322.3,91900.1,14.22464328,2107
1740355200,91900.1,92099.4,90720.0,90756.0,28.19292454,1874
1740369600,90756.0,91441.6,90510.0,91432.9,72.40948188,4555
1740384000,91432.9,91750.1,91067.3,91550.5,49.25563582,5523
1740398400,91550.5,91783.1,89762.4,90130.1,114.42904928,6876
1740412800,90143.5,90873.5,89522.8,89673.5,108.92993991,6075
1740427200,89673.6,90343.2,87346.3,87524.9,180.05563211,10815
1740441600,87524.9,88360.1,87000.0,88016.6,107.52590859,3811
1740456000,88016.6,88143.1,84291.6,85381.7,362.44755871,15583
1740470400,85378.7,86000.0,83001.0,85055.3,392.74153612,18828
1740484800,85055.3,85300.0,81818.0,83020.7,346.07078334,14874
1740499200,83040.1,83703.8,82001.1,83587.7,185.02084385,10082
1740513600,83587.4,85000.0,83282.9,84316.1,132.793995,5761
1740528000,84316.1,85000.0,83745.0,84609.9,13.13931881,1605
1740542400,84609.9,84896.5,84240.3,84526.4,54.58714572,4504
1740556800,84526.4,85007.0,83920.5,84457.3,133.288542,6874
1740571200,84457.3,84522.4,81400.0,83267.8,230.92275277,9485
1740585600,83267.8,83506.9,79265.7,79781.2,415.72215872,14282
1740600000,79781.3,81246.8,78300.0,80139.9,387.45637809,10364
1740614400,80162.2,81416.2,80042.9,81301.3,55.1200107,2225
1740628800,81301.3,82720.5,80799.3,82302.5,121.96890407,4853
1740643200,82302.5,83000.0,81910.8,82676.7,107.28438773,6337
1740657600,82676.7,82800.4,81111.1,81989.5,155.69521648,6071
1740672000,82001.1,82225.3,80257.5,80730.7,120.82822027,5900
1740686400,80730.7,81500.0,79410.0,81355.8,134.2825923,6912
1740700800,81355.8,81436.8,76500.0,77314.6,201.38719407,8559
1740715200,77326.2,77830.3,75693.5,76037.4,579.65441812,17165
1740729600,76037.5,77700.0,75200.0,77390.8,344.74769771,15474
1740744000,77388.6,81075.7,76992.1,80833.3,317.19815364,11994
1740758400,80833.3,81986.7,80243.6,81481.4,232.08318664,7014
1740772800,81421.6,81757.5,80666.0,81334.0,86.15024691,4034
1740787200,81300.1,82500.0,80770.5,82242.2,23.6267062,2085
1740801600,82249.9,83397.2,81686.5,81700.1,46.39401608,3770
1740816000,81700.1,82446.3,81350.2,81595.6,73.36992785,5118
1740830400,81595.6,81896.8,81334.2,81764.7,80.35214949,3907
1740844800,81764.7,82448.5,81661.2,82410.0,45.89769388,3575
1740859200,82410.0,83159.7,82300.0,83020.3,84.7442082,3083
1740873600,83020.3,83360.0,82556.3,82817.1,50.95831351,3205
1740888000,82817.1,83400.0,82500.0,83139.0,26.90124546,1986
1740902400,83139.0,83166.2,82640.6,83068.7,28.06535287,3474
1740916800,83068.7,85646.0,82042.7,84332.9,232.44881914,5479
1740931200,84320.7,91789.0,84320.7,90140.0,628.41530495,17436
1740945600,90140.0,91181.8,90139.9,90595.9,148.55928767,6848
1740960000,90598.2,90729.2,88810.0,89005.1,73.00272705,2350
1740974400,89005.2,89625.3,87600.0,88775.2,155.21231262,4719
1740988800,88775.2,88899.9,87642.9,88719.4,155.73377566,8006
1741003200,88719.5,89500.0,85090.1,85871.6,315.63260756,11097
1741017600,85871.5,86745.2,81700.0,81700.1,498.10087036,11034
1741032000,81700.1,82983.3,81123.8,82141.8,209.83376176,10854
1741046400,82141.8,82793.5,78694.0,80180.1,124.46521478,5106
1741060800,80180.1,80693.4,79225.4,79233.8,91.60109697,6536
1741075200,79233.8,80149.9,79233.8,79632.8,139.36584448,8480
1741089600,79632.9,80730.4,77672.0,78824.0,401.34667513,11044
1741104000,78824.0,83530.8,77978.2,83274.4,351.76365932,8638
1741118400,83270.9,83697.1,81610.9,82148.1,135.30376897,4810
1741132800,82149.8,82836.4,81379.4,81800.2,16.41018299,1426
1741147200,81798.1,82476.6,81708.8,82135.5,49.51152616,3349
1741161600,82135.5,84850.6,82000.0,84190.7,166.40631699,5775
1741176000,84155.7,84965.9,81821.9,82100.1,154.4310763,5857
1741190400,82100.1,83900.0,81370.3,83252.9,123.28690167,4481
1741204800,83252.9,84305.0,83150.0,83986.7,63.6953075,2962
1741219200,83986.7,85159.7,83404.9,84924.1,28.08868598,1678
1741233600,84921.7,85876.8,84500.0,84589.2,62.98878344,3666
1741248000,84589.2,84955.0,83993.0,84617.1,80.65415829,4913
1741262400,84617.1,84639.3,82429.6,84011.1,125.41161621,5721
1741276800,84011.8,84152.8,81450.1,82000.0,121.09087656,4927
1741291200,82000.1,84212.5,81986.4,83398.7,60.4937977,3335
1741305600,83398.7,84545.8,78577.1,80528.4,355.99677826,6422
1741320000,80528.4,81858.6,80427.3,81608.3,124.35045921,4723
1741334400,81609.8,82533.9,81200.0,82023.1,143.24352483,6276
1741348800,82033.0,83923.0,81250.0,81396.0,234.70160004,7010
1741363200,81414.7,82100.0,79882.0,80978.2,187.29443945,6486
1741377600,80994.0,81578.2,78939.4,80098.0,212.01338528,6957
1741392000,80098.0,80179.0,78739.9,79362.8,39.74097046,1983
1741406400,79362.9,79999.8,79142.3,79600.0,20.61785015,2499
1741420800,79600.0,79846.4,79207.7,79338.8,46.956822,4417
1741435200,79338.8,79939.0,79267.4,79800.0,47.35184602,3695
1741449600,79800.1,79852.3,79139.2,79610.7,40.88435479,4266
1741464000,79610.7,79846.0,79321.0,79613.1,34.81120869,3133
1741478400,79611.2,79847.6,79421.1,79512.2,6.20989419,1909
1741492800,79513.5,79524.4,79250.1,79363.9,17.37622094,2497
1741507200,79363.9,79460.8,78201.2,78518.9,81.80055505,5893
1741521600,78518.9,78518.9,76418.5,76650.4,157.25147013,10392
1741536000,76658.6,77267.0,75852.0,76205.8,190.16688372,8906
1741550400,76214.5,76985.2,73725.0,74311.2,239.13308393,11362
1741564800,74319.7,76269.6,73763.7,75751.9,54.27785209,2886
1741579200,75737.9,76391.7,75637.4,76085.6,38.85370695,5158
1741593600,76085.6,77540.5,75136.4,77033.0,169.55621974,8498
1741608000,77037.9,77200.0,73043.6,73875.1,298.00632344,13409
1741622400,73875.1,74040.4,71529.3,72899.8,391.40017581,16036
1741636800,72900.1,73687.8,72391.4,72461.6,133.35921916,7705
1741651200,72474.9,73545.9,70605.0,73254.3,141.35935115,5676
1741665600,73263.4,74319.2,73247.1,73879.4,64.71764579,5128
1741680000,73879.5,75306.2,73800.1,74964.5,165.59754228,8661
1741694400,74964.6,75255.0,72500.0,74335.7,241.04773304,8446
1741708800,74332.5,76472.6,73817.5,76124.6,236.69943597,7398
1741723200,76110.4,76351.7,75700.0,75996.8,162.33056362,3529
1741737600,76002.3,76800.0,75412.4,75412.4,20.35597499,1545
1741752000,75412.4,75750.8,74642.2,75634.5,78.51718265,3865
1741766400,75633.4,76180.0,75220.9,76180.0,74.140212,5270
1741780800,76180.0,77428.7,73912.6,74854.0,235.25149239,7214
1741795200,74854.0,76353.9,74749.1,76209.3,84.16640475,3799
1741809600,76209.3,77060.7,75962.4,76986.0,58.89966619,2721
1741824000,76908.9,77390.0,76510.1,76781.9,19.56567822,1328
1741838400,76781.9,76893.7,76193.6,76552.6,71.30898653,2954
1741852800,76552.7,76848.6,75816.5,76409.5,70.62487168,4082
1741867200,76423.1,77298.9,74600.2,74684.1,152.17369469,5327
1741881600,74684.1,74811.1,73620.0,73925.5,109.90415777,5360
1741896000,73935.2,75073.6,73918.5,74722.9,52.39581886,3519
1741910400,74725.2,75899.9,74501.6,75529.5,84.52924856,2329
1741924800,75529.5,76106.9,75467.0,75900.0,41.66711348,3354
1741939200,75900.0,76500.0,75864.2,76493.8,136.09155769,4848
1741953600,76493.8,78446.0,75944.7,78000.1,220.5798126,6610
1741968000,78000.1,78165.2,77200.5,77759.2,109.13840378,4154
1741982400,77770.5,77770.5,76975.3,77249.1,60.95107184,2750
1741996800,77249.1,77851.0,77249.0,77700.7,12.36956541,1120
1742011200,77700.7,77761.4,77100.0,77150.1,17.68455031,2418
1742025600,77150.1,77426.5,76945.2,77388.4,132.37380226,2842
1742040000,77388.4,77720.4,77307.9,77590.1,24.94010352,2785
1742054400,77590.1,77739.8,77401.8,77539.0,23.94995844,2549
1742068800,77539.1,77686.4,77491.0,77580.5,16.01097242,1927
1742083200,77580.5,77619.8,77085.4,77555.2,11.32000431,1180
1742097600,77555.2,77618.5,77275.9,77510.0,6.91599947,2097
1742112000,77525.4,77575.9,75787.0,75800.1,50.38908278,3658
1742126400,75800.1,76751.8,75800.0,76695.4,40.6620715,3046
1742140800,76695.5,78199.9,76000.1,76425.6,55.46472617,3331
1742155200,76425.6,76743.4,75378.8,75929.9,48.02336214,2886
1742169600,75926.3,76908.6,75903.6,76891.0,14.87146001,1402
1742184000,76890.8,77000.0,76011.1,76839.7,29.83975639,4804
1742198400,76841.1,76992.5,76307.8,76637.1,50.44680952,5601
1742212800,76637.1,77018.6,75655.3,76502.9,146.12470084,5471
1742227200,76503.0,77619.6,76146.6,77351.7,95.06786974,4077
1742241600,77367.9,77372.6,76750.0,76980.4,26.68054156,2547
1742256000,76956.8,76956.8,76089.3,76226.4,26.08722921,1368
1742270400,76226.4,76277.1,75455.5,76100.1,60.31633562,3681
1742284800,76100.1,76205.9,75550.0,75677.3,65.90231386,4761
1742299200,75677.4,75893.8,74433.7,74694.6,139.43546833,6252
1742313600,74694.6,75352.0,74250.0,75132.2,68.12645344,4253
1742328000,75221.6,75666.3,74800.0,75593.9,41.61042244,2475
1742342400,75593.9,76122.1,75515.0,75914.0,8.6540305,1149
1742356800,75914.0,76467.8,75729.3,76372.5,20.4501055,2720
1742371200,76387.5,77100.0,76317.7,76900.1,169.318007,4653
1742385600,76900.1,78000.0,76548.2,77930.1,96.80236085,4451
1742400000,77926.7,78799.7,76800.0,78431.3,140.82164242,4707
1742414400,78440.1,79764.3,78192.1,79618.7,91.03611553,3308
1742428800,79618.8,80100.0,78468.4,78753.6,64.08976031,2033
1742443200,78753.6,78990.0,78363.0,78902.4,50.02283504,2901
1742457600,78921.5,79460.2,78240.3,78810.9,90.29547166,4088
1742472000,78810.9,79858.7,78005.4,78056.5,90.71512126,4202
1742486400,78089.6,78264.4,77107.2,77560.0,73.60529015,3707
1742500800,77560.1,77945.2,77300.0,77572.8,26.44518558,2163
1742515200,77572.8,78139.3,77524.7,77923.3,14.51506632,1141
1742529600,77922.3,78300.0,77264.3,77429.4,25.51952594,2991
1742544000,77424.3,77835.5,77335.3,77467.5,117.29959611,4032
1742558400,77467.5,77823.1,76824.0,77290.9,141.89830401,4403
1742572800,77290.9,77920.0,77100.1,77622.9,66.93243397,3122
1742587200,77610.1,78137.0,77503.4,77677.1,15.57597618,1887
1742601600,77677.1,77900.0,77642.3,77884.5,6.49373474,874
1742616000,77884.5,78015.9,77787.6,77920.9,5.94978916,1493
1742630400,77920.9,78142.3,77803.2,77894.3,27.31786123,2294
1742644800,77894.3,77944.1,77644.8,77764.2,10.18760374,2248
1742659200,77768.5,77950.1,77721.0,77797.3,9.93056003,1914
1742673600,77797.3,77828.9,77351.9,77487.5,11.53904373,1699
1742688000,77487.6,77868.2,77454.5,77829.2,6.34415816,939
1742702400,77846.3,77928.6,77705.5,77896.2,5.18533828,1218
1742716800,77896.3,78549.0,77883.9,78237.3,18.88841712,2364
1742731200,78237.3,78789.4,78151.7,78749.3,27.38701647,2277
1742745600,78744.5,78954.3,78341.3,78562.4,44.85170903,2629
1742760000,78562.4,79426.5,78500.0,79410.8,39.53643656,2440
1742774400,79411.2,79990.0,79001.2,79979.3,25.59474776,1691
1742788800,79963.6,80574.5,79963.6,80214.1,58.30071313,4237
1742803200,80214.2,81000.0,80180.0,80950.1,158.03833656,6174
1742817600,80950.1,82069.5,80530.7,81857.6,175.04068227,5858
1742832000,81857.6,81988.8,81256.4,81798.0,83.75589267,4158
1742846400,81730.5,81927.5,80644.6,81006.9,47.28324033,3076
1742860800,81014.1,81211.4,80000.0,80106.5,16.87523305,1437
1742875200,80106.5,80474.9,79963.6,80137.0,30.1645635,3398
1742889600,80137.1,80875.4,80137.0,80829.1,84.3857219,5453
1742904000,80829.1,81600.0,80380.9,81298.7,94.40924275,4896
1742918400,81298.7,81731.0,81103.5,81650.0,61.26630486,3464
1742932800,81650.1,82003.0,80826.8,81127.0,56.55374389,3061
1742947200,81053.3,81500.0,80750.0,80815.0,11.81995225,2072
1742961600,80815.0,81862.3,80750.1,81761.8,25.52491706,3515
1742976000,81761.8,81822.8,81446.3,81574.3,56.82716735,4535
1742990400,81574.4,81618.5,80150.0,80485.1,117.93627159,4941
1743004800,80484.5,80700.0,79849.0,80486.1,67.7247218,3961
1743019200,80497.1,81202.0,78000.0,80893.7,226.56692318,4121
1743033600,80893.8,81394.0,80807.0,81334.1,24.49416176,1852
1743048000,81334.1,81356.8,81030.3,81194.3,18.84168839,2691
1743062400,81194.3,81363.4,80560.4,80650.5,55.77755419,3894
1743076800,80650.5,81135.9,79562.3,80565.1,132.29779325,4533
1743091200,80557.8,80969.4,80432.0,80639.3,53.81633832,3162
1743105600,80639.3,81222.0,80526.3,80749.6,48.3562171,2203
1743120000,80749.6,81014.9,80375.0,80450.1,10.10613996,1407
1743134400,80450.1,80450.1,78921.1,78975.0,67.79887197,4591
1743148800,78962.5,79267.1,78721.1,79109.8,93.01181211,5420
1743163200,79109.9,79446.4,77559.5,77683.8,123.99666041,6905
1743177600,77683.8,77799.8,77250.3,77350.1,99.45621845,4845
1743192000,77376.7,78060.7,77300.0,77929.5,25.99864887,2857
1743206400,77929.5,78134.4,77341.3,77746.6,22.29291151,1204
1743220800,77746.6,77818.8,77300.0,77334.1,8.02559904,1750
1743235200,77334.1,77543.2,75765.0,75974.8,149.71890043,5355
1743249600,75974.8,76554.9,75900.0,76123.0,62.79914373,3450
1743264000,76123.0,76399.9,75453.7,76399.9,41.98898518,3459
1743278400,76400.0,76421.0,76010.4,76379.0,23.99127568,2150
1743292800,76379.0,77131.2,76277.0,76751.9,14.09190805,1252
1743307200,76751.9,76975.1,76552.7,76775.3,7.48733801,1845
1743321600,76775.3,77182.4,76700.0,76769.2,32.21275434,2670
1743336000,76769.2,76912.8,76314.8,76425.2,33.55083575,2848
1743350400,76438.3,76611.3,75851.2,76306.2,36.11902445,3171
1743364800,76306.2,76400.0,75480.1,76092.2,27.41593439,2553
1743379200,76114.3,76139.8,75082.6,75260.0,51.65220405,1966
1743393600,75260.0,75922.6,75156.3,75655.5,60.50853608,5508
1743408000,75655.5,76000.0,75176.0,75977.3,112.70959155,5276
1743422400,75975.2,77647.3,75568.9,77306.1,157.32271517,7451
1743436800,77306.1,77512.3,76134.6,76200.1,72.79301818,3647
1743451200,76200.1,76531.2,76041.0,76292.4,51.83809104,2506
1743465600,76293.7,76892.8,76153.4,76604.4,11.16533485,1525
1743480000,76604.4,77387.8,76535.3,77291.3,35.83643217,4672
1743494400,77274.5,78260.3,77270.3,77841.2,89.85206878,6566
1743508800,77841.2,79164.8,76418.6,78972.0,173.97740883,6618
1743523200,78980.6,79170.0,78515.1,78720.4,89.00551284,3431
1743537600,78720.5,79200.0,78595.8,78905.3,34.70048158,2033
1743552000,78905.9,79011.3,78331.4,78331.4,11.24095526,1094
1743566400,78331.4,78466.2,77800.0,78237.7,45.16461191,3943
1743580800,78237.7,79109.9,78054.1,78301.8,59.51696205,3905
1743595200,78301.9,80426.7,78192.3,79803.8,156.43177198,5602
1743609600,79820.2,80426.7,79418.8,80105.4,100.55805416,3099
1743624000,80101.4,81299.9,75658.7,75658.7,371.46476769,6918
1743638400,75673.4,76885.4,75420.0,76487.7,56.63910138,1803
1743652800,76499.8,76752.2,75555.1,76081.2,90.26914815,4392
1743667200,76081.2,76220.3,74890.5,74947.1,156.03738633,6188
1743681600,74947.1,74972.3,73114.8,74227.4,302.32704662,11212
1743696000,74227.4,74648.6,73907.3,74320.1,86.82059489,4780
1743710400,74347.9,75364.8,74151.0,75260.1,48.67426263,2811
1743724800,75299.1,75497.1,74588.2,74648.1,44.92552892,1301
1743739200,74661.1,76356.4,74508.0,76356.4,65.7411347,4127
1743753600,76354.3,77150.0,73920.0,74792.0,124.28185742,5484
1743768000,74749.5,76169.9,74255.4,75233.5,244.67567688,5213
1743782400,75230.4,77260.0,75217.1,76751.7,100.5360625,3415
1743796800,76751.3,76999.0,76201.1,76519.9,29.87693988,1949
1743811200,76528.2,76856.1,76122.9,76300.2,15.47570723,1075
1743825600,76300.2,76489.8,76031.8,76170.0,15.9112027,1931
1743840000,76170.0,76527.5,76054.7,76148.5,42.68497177,2170
1743854400,76148.5,76206.8,75175.0,75376.2,53.91697896,2624
1743868800,75373.4,75808.9,75364.6,75535.6,17.61271446,2046
1743883200,75550.0,76246.8,75544.6,76155.3,34.53940139,1821
1743897600,76181.2,76397.7,75894.5,76003.8,16.71133733,971
1743912000,76003.8,76185.5,75715.6,75718.6,10.91988622,1777
1743926400,75718.6,75831.8,75392.8,75529.8,22.35281891,2289
1743940800,75527.1,75600.0,75000.0,75282.7,28.74237194,2903
1743955200,75282.7,75282.7,71620.2,72650.2,356.99309435,13170
1743969600,72637.7,73062.3,69952.3,71241.4,468.87379245,11304
1743984000,71242.9,72245.0,70541.5,70891.7,50.92565846,2887
1743998400,70877.2,71100.0,67500.0,68172.9,480.46344248,18241
1744012800,68172.9,70598.9,68172.8,69891.5,394.57997171,12642
1744027200,69891.5,74128.5,69210.0,71933.6,474.05774434,13498
1744041600,71932.7,72600.0,70779.9,71505.4,124.83007011,6244
1744056000,71537.3,73500.0,71534.1,72530.5,125.46417084,3792
1744070400,72530.5,73730.8,72000.0,72892.2,36.43958888,1730
1744084800,72897.2,73274.0,72242.6,72784.0,96.20657347,5227
1744099200,72784.0,73187.7,72168.9,73151.0,96.73842007,4618
1744113600,73152.4,73475.7,71644.3,71942.2,162.4311117,5854
1744128000,71940.1,72024.8,69606.0,70075.5,227.65966272,7423
1744142400,70105.8,70463.7,69432.4,69467.3,100.86071592,3996
1744156800,69467.3,69866.9,67638.6,68086.7,115.14417718,4843
1744171200,68086.7,70597.3,68009.2,70550.0,162.59076067,6579
1744185600,70550.1,70755.9,68628.1,69049.9,151.6012978,5146
1744200000,69057.9,70891.7,68631.8,69955.2,154.63083904,5343
1744214400,69957.8,75847.3,69882.5,75253.1,665.77086504,10280
1744228800,75267.5,76335.7,74909.2,75446.9,113.52682962,3647
1744243200,75446.0,75500.0,74210.0,74461.0,73.10036084,1847
1744257600,74461.0,75026.8,73928.2,74012.8,103.56271586,3998
1744272000,74012.8,74301.1,73601.4,73964.6,100.61311808,3791
1744286400,73964.6,74214.9,70172.1,70384.5,197.25960563,6950
1744300800,70384.5,71464.3,70104.7,71082.3,94.22296085,4638
1744315200,71082.3,71481.0,70719.0,70719.0,31.94855792,2520
1744329600,70703.6,71405.3,69849.0,71268.8,56.98081945,2517
1744344000,71282.9,72148.7,71230.8,71500.1,85.26555405,4098
1744358400,71506.3,73085.7,70953.5,72511.5,130.8555186,4737
1744372800,72510.0,73477.3,71553.3,72830.9,234.86692082,5269
1744387200,72830.9,74551.0,72706.1,73922.4,177.81223088,3884
1744401600,73931.1,74199.8,73226.1,73409.9,29.95453656,2073
1744416000,73410.0,73546.1,72947.3,73061.5,8.00662414,1003
1744430400,73061.5,73836.3,73000.0,73737.4,19.27087168,2057
1744444800,73737.4,73990.0,73413.3,73572.1,21.74901072,2250
1744459200,73572.1,75170.0,73538.7,74855.7,104.52785475,3143
1744473600,74869.0,75093.6,74376.8,74855.8,40.58606229,2359
1744488000,74855.8,75704.9,74810.2,75155.1,49.24628037,1986
1744502400,75144.1,75840.7,74673.6,75261.5,11.00651051,1032
1744516800,75261.5,75261.5,74355.0,74421.3,35.40940973,2026
1744531200,74421.3,74902.2,74306.9,74527.1,44.416651,2257
1744545600,74527.1,74677.3,73641.3,73908.9,44.37167544,2381
1744560000,73910.3,74862.2,73300.0,74090.3,69.08741173,2821
1744574400,74099.7,74562.4,73324.8,73839.0,83.78488742,2440
1744588800,73839.1,75099.8,73735.8,74366.6,18.34757962,1927
1744603200,74366.6,74829.6,73853.0,74244.1,52.01709117,4397
1744617600,74244.1,74637.0,73927.6,74625.1,100.53702059,4942
1744632000,74625.1,75580.4,73663.7,74085.8,170.30683169,5985
1744646400,74085.8,74999.0,73843.4,74792.3,156.15622814,3732
1744660800,74798.7,74871.2,74432.6,74608.4,15.96799068,1919
1744675200,74638.7,75250.0,74500.0,75250.0,26.17436446,1517
1744689600,75250.0,75688.7,75012.4,75486.3,66.70727284,4534
1744704000,75519.3,75870.8,75360.0,75583.6,95.90709282,4624
1744718400,75582.1,76384.4,75006.3,75246.0,153.89079193,5523
1744732800,75246.0,75515.4,74400.0,74486.2,39.79542302,3533
1744747200,74484.8,74666.4,74070.9,74090.3,32.41093811,2278
1744761600,74090.3,74134.5,73500.0,73828.1,26.83162767,1720
1744776000,73823.8,73921.6,73250.0,73251.6,43.10859687,4398
1744790400,73251.6,74117.6,73111.0,73973.0,131.1311658,4263
1744804800,73974.6,75086.0,73550.1,74590.1,85.91620441,4459
1744819200,74590.1,75166.7,73232.0,74067.6,91.08564158,3943
1744833600,74062.1,74301.3,73713.7,73721.6,26.12368962,2020
1744848000,73727.2,74338.3,73700.1,73899.6,6.84707833,1188
1744862400,73899.6,74781.3,73804.3,74403.1,46.70377534,3817
1744876800,74408.1,74547.3,74062.7,74448.6,105.85777429,3682
1744891200,74448.6,74789.9,73677.6,74390.1,137.139356,4387
1744905600,74390.1,75250.0,74298.1,74645.8,66.54159126,3048
1744920000,74645.9,74913.8,74525.5,74689.8,21.11302346,1877
1744934400,74695.5,74811.1,74509.9,74593.5,3.57304911,919
1744948800,74593.5,74607.6,74237.8,74455.9,13.28480159,2391
1744963200,74455.9,74549.6,74291.4,74400.0,27.15175637,2974
1744977600,74400.0,74464.3,74082.4,74096.5,35.12076693,3003
1744992000,74096.6,74300.0,74065.5,74236.9,11.62150493,2442
1745006400,74237.0,74300.0,74100.0,74146.7,13.37678864,1738
1745020800,74146.7,74589.4,74100.1,74501.7,16.90414669,1758
1745035200,74501.7,74811.6,74501.6,74800.1,13.53128698,1970
1745049600,74800.1,74967.0,74731.7,74786.8,23.58989586,2482
1745064000,74784.6,75118.2,74728.0,74758.6,22.04219078,2623
1745078400,74758.6,74876.1,74400.4,74678.5,16.60361595,2459
1745092800,74678.5,74913.0,74635.7,74673.7,8.07238374,1551
1745107200,74673.7,74894.5,74660.9,74772.5,6.11787095,981
1745121600,74772.5,74822.8,74341.2,74432.2,16.35783063,2150
1745136000,74432.2,74445.7,73801.0,73895.8,33.73751006,2683
1745150400,73895.8,74352.9,73895.7,74118.0,118.29180944,2555
1745164800,74118.1,74354.4,74076.2,74300.0,17.88565901,1948
1745179200,74300.0,74854.7,74151.5,74437.8,57.52647365,2091
1745193600,74435.5,76296.9,74339.1,75714.9,197.64591636,2419
1745208000,75714.9,76099.0,75651.5,75676.4,49.54669307,3292
1745222400,75676.4,75980.6,75176.0,75363.4,43.93242627,4140
1745236800,75363.4,76890.3,75283.7,76507.2,148.91642372,6135
1745251200,76507.3,76670.2,75091.3,75926.0,91.10455061,3808
1745265600,75907.7,76086.4,75487.3,75982.8,17.29580854,2329
1745280000,75982.8,77244.0,75809.9,76397.2,30.67205992,2148
1745294400,76397.2,77000.0,76300.0,76897.1,61.34298132,5635
1745308800,76892.3,77150.0,76750.2,77115.9,76.42227791,5873
1745323200,77116.0,79720.0,77071.5,79362.4,384.46276035,9913
1745337600,79390.0,80264.2,79215.5,80100.0,190.85928198,5610
1745352000,80100.0,82621.1,79780.0,82306.0,163.81303414,5106
1745366400,82318.7,82579.5,81169.1,81840.6,123.24482395,1614
1745380800,81840.6,82714.1,81703.2,82700.1,159.66647935,5430
1745395200,82700.1,82943.4,81832.5,81949.3,138.07945315,6228
1745409600,81949.4,83204.8,80793.8,82131.6,295.70755956,7526
1745424000,82131.6,83200.0,81862.2,82573.5,80.988888,4151
1745438400,82578.5,82994.1,82267.9,82725.1,47.46683242,2616
1745452800,82720.3,82813.8,81760.0,81760.0,22.70980762,1740
1745467200,81757.3,81950.0,81000.0,81015.9,58.39032592,4448
1745481600,81015.9,81400.0,80607.7,81400.0,93.91184555,5019
1745496000,81400.0,82255.0,81265.1,82107.2,118.08294687,4898
1745510400,82107.2,82378.7,81582.8,82240.0,44.75889064,3711
1745524800,82240.0,82660.2,81780.0,82660.2,30.61963181,2958
1745539200,82660.2,83170.0,81851.5,82416.6,37.07418679,1919
1745553600,82416.5,82660.4,82157.7,82594.3,51.02927522,3804
1745568000,82594.3,83399.0,82451.1,83360.2,107.84844247,4551
1745582400,83399.0,84322.0,83000.0,83632.1,174.51057839,6877
1745596800,83633.0,84103.6,83033.7,83932.2,49.69145731,3949
1745611200,83932.3,83960.9,83250.0,83334.7,37.45989676,2341
1745625600,83336.3,83799.2,83290.6,83437.1,10.96205344,1202
1745640000,83437.1,83512.6,83129.8,83361.6,15.92101828,2149
1745654400,83361.7,83361.7,82800.0,82914.0,31.74540758,2657
1745668800,82914.0,83100.0,82700.0,83100.0,17.46408354,2324
1745683200,83100.0,83100.0,82817.0,82999.9,18.71271402,2053
1745697600,83000.0,83500.0,82864.5,83310.3,21.09321806,1482
1745712000,83332.6,83889.9,82842.1,82916.7,16.85561921,959
1745726400,82916.7,83028.3,82528.6,82872.1,16.71886428,2055
1745740800,82872.1,83069.2,82618.2,82774.5,33.5744905,2302
1745755200,82750.1,82903.9,82500.0,82718.7,21.98336092,2543
1745769600,82718.7,83100.0,82606.1,83100.0,19.07277387,2550
1745784000,83100.0,83240.5,82562.3,82704.0,26.78722812,2290
1745798400,82704.0,82736.9,81831.0,82682.9,26.53257595,2012
1745812800,82682.9,83565.8,82682.9,83495.7,42.30956415,6035
1745827200,83495.8,84246.5,83159.0,83985.4,84.71723989,7931
1745841600,83985.4,84200.0,82274.7,82449.6,90.40337609,6030
1745856000,82467.5,83119.8,81970.3,83043.9,30.74188757,4098
1745870400,83036.8,83400.0,82606.4,83268.6,18.01505421,2396
1745884800,83317.1,83750.0,82919.8,83185.2,20.09841674,1633
1745899200,83185.2,83340.5,82794.7,83290.9,29.12459977,4412
1745913600,83291.0,83741.1,83272.1,83668.8,56.1039851,4635
1745928000,83668.8,83697.1,82993.0,83266.0,79.55723654,4988
1745942400,83265.1,83892.2,83100.0,83765.3,40.91384083,4185
1745956800,83775.1,83849.9,82400.0,82790.5,33.26591659,3258
1745971200,82790.0,83620.0,82688.4,83586.6,16.1185434,1464
1745985600,83590.8,83700.0,83109.0,83150.0,27.82889128,4810
1746000000,83150.0,83700.0,83082.2,83699.9,85.46750456,4686
1746014400,83700.0,83704.3,81712.3,82882.0,113.82572289,7088
1746028800,82869.6,83220.0,82426.6,83139.6,48.40908102,3827
1746043200,83120.2,83661.0,83041.9,83196.8,32.07396127,2928
1746057600,83196.8,83980.0,83166.5,83806.8,20.37440174,2254
1746072000,83806.8,84222.0,83792.5,84022.5,32.22931974,3504
1746086400,84016.2,85091.9,83842.5,84981.2,98.26336845,5449
1746100800,84981.3,86299.9,84718.4,85933.8,176.99955826,5807
1746115200,85933.8,86330.0,85465.8,85534.0,64.14915867,4210
1746129600,85538.7,85827.1,85200.5,85435.6,62.45963567,3028
1746144000,85435.6,86100.0,85435.6,85881.1,11.86205135,1962
1746158400,85881.1,86024.0,85051.3,85055.1,60.35985452,5609
1746172800,85055.1,85683.1,85055.0,85532.8,192.75681847,6187
1746187200,85532.9,86159.0,85107.6,86000.1,90.11704062,6609
1746201600,86000.1,86385.6,85622.1,85800.1,47.04154061,3308
1746216000,85800.1,86012.0,85500.0,85775.5,26.59096533,2083
1746230400,85775.6,85791.1,85323.3,85330.6,11.18501598,1240
1746244800,85330.6,85523.9,85150.3,85300.0,16.56659912,2556
1746259200,85300.0,85393.4,84903.4,84968.9,37.97731732,3293
1746273600,84968.9,85464.4,84940.2,85382.9,16.27589797,2882
1746288000,85382.9,85382.9,85000.0,85348.9,52.6215638,2496
1746302400,85348.9,85400.0,84836.3,84897.6,53.4498629,2002
1746316800,84897.6,85275.8,84700.0,84774.2,10.61493623,1457
1746331200,84774.2,85148.7,84774.2,84900.1,10.71590353,2064
1746345600,84900.1,84954.7,84444.7,84514.1,31.67162241,3591
1746360000,84514.2,84747.8,84373.1,84586.9,21.56087702,2734
1746374400,84586.9,84698.3,84400.0,84640.6,19.72413507,2638
1746388800,84640.8,84759.3,83174.4,83297.3,61.54017379,3573
1746403200,83297.3,83768.9,82500.0,83000.1,42.95366493,2408
1746417600,83000.1,83750.0,82950.9,83749.9,76.37925001,5851
1746432000,83750.0,83807.5,82822.6,82932.8,72.38723629,7189
1746446400,82932.8,83372.3,82511.0,82895.3,81.27759994,6524
1746460800,82895.3,83985.0,82895.3,83387.7,48.02648186,4568
1746475200,83396.8,84144.8,83003.0,83768.0,43.30351601,3228
1746489600,83768.0,84124.7,83200.0,83481.6,7.38917339,1402
1746504000,83487.6,83582.8,83193.2,83263.8,18.53255551,4372
1746518400,83263.8,83355.0,82750.8,82856.9,39.89722553,5313
1746532800,82856.9,83500.0,82271.3,83386.1,80.43199453,6541
1746547200,83386.1,83704.7,83060.0,83516.6,36.60767631,4102
1746561600,83533.7,85441.7,83065.7,85377.3,55.70827591,3625
1746576000,85399.0,86188.7,84836.5,85048.7,37.78259425,1879
1746590400,85048.7,85400.8,84774.1,85363.1,43.73566994,4448
1746604800,85363.1,85480.0,85249.5,85440.9,62.92184789,5008
1746619200,85441.0,85836.0,85158.5,85447.1,85.7787388,4723
1746633600,85443.6,85482.3,84500.1,85123.8,52.62627378,4015
1746648000,85119.3,86095.0,85040.2,85806.4,35.76987716,2625
1746662400,85806.4,87498.0,85640.8,87498.0,74.45763937,2987
1746676800,87498.0,87988.0,87320.1,87861.0,122.0381647,4284
1746691200,87861.0,88456.6,87827.2,88000.2,114.93775592,5554
1746705600,88004.1,90170.0,87651.2,89500.2,268.72563789,8805
1746720000,89500.2,90548.0,89479.9,90161.8,111.43932666,6449
1746734400,90162.1,92600.0,90162.0,91903.0,161.5413973,7033
1746748800,91884.7,91884.7,91111.5,91220.0,16.42379152,2090
1746763200,91220.0,92627.8,91148.9,92152.1,65.67634475,5990
1746777600,92150.1,92373.0,91000.0,91457.5,98.37469847,6814
1746792000,91457.5,92079.0,90742.2,91265.0,166.47235469,7902
1746806400,91273.4,91754.0,90873.5,91641.5,65.8683483,4235
1746820800,91641.5,91848.9,91273.9,91472.7,22.3186918,2369
1746835200,91472.6,91695.0,91340.3,91669.8,5.26003224,1442
1746849600,91669.8,92397.0,91509.3,92155.0,97.81703576,3852
1746864000,92155.0,92399.9,91840.4,91866.1,34.07469722,3552
1746878400,91866.1,92176.8,91643.5,91643.5,34.56561014,3373
1746892800,91643.5,91998.4,91545.0,91628.9,21.85881427,3021
1746907200,91628.9,93111.0,91549.9,92992.2,82.6101079,3721
1746921600,92992.3,93196.1,91899.1,92376.3,21.82755084,1744
1746936000,92376.3,92672.4,91850.1,91850.2,55.93987029,2767
1746950400,91850.2,92990.0,91850.1,92950.0,34.33693594,3768
1746964800,92950.0,93080.0,92272.9,92507.8,52.16129112,3649
1746979200,92507.8,93080.0,92272.7,92845.5,34.24004053,3350
1746993600,92845.6,93111.0,92350.0,92667.3,40.2258131,2891
1747008000,92700.0,93389.9,92350.0,92654.6,64.46686424,2330
1747022400,92662.6,94822.8,92433.9,93983.3,116.81739519,9669
1747036800,93983.3,94280.0,93195.0,93310.4,155.98083056,11955
1747051200,93310.4,94042.4,92171.9,92311.6,161.52821527,8219
1747065600,92311.6,92955.7,90835.0,91737.4,167.52296123,6834
1747080000,91737.5,92907.0,91699.0,92654.9,56.39460436,3203
1747094400,92635.0,92635.0,91371.1,91512.5,16.42925431,1811
1747108800,91512.5,92655.9,91480.0,92403.0,27.82772601,4186
1747123200,92403.1,93406.3,92300.0,93322.0,71.49808679,4861
1747137600,93322.0,93450.0,92318.0,92790.0,83.65794926,5745
1747152000,92790.1,93810.2,92675.2,93611.0,72.67371921,4625
1747166400,93611.0,93748.3,92887.0,93160.1,32.3590769,3020
1747180800,93160.1,93160.1,92500.1,92525.1,10.83867467,1812
1747195200,92525.1,92972.6,92450.0,92500.1,67.56617775,4446
1747209600,92500.1,92771.4,91590.1,92698.0,102.71833075,5408
1747224000,92698.1,93000.0,91800.0,92395.1,73.09921718,5470
1747238400,92395.1,92779.1,91417.7,92500.1,100.76728365,4051
1747252800,92500.1,92754.5,92452.5,92564.1,16.61005132,2517
1747267200,92564.1,92848.8,91815.0,91815.1,15.74891751,1716
1747281600,91815.1,91978.6,90850.6,90871.2,64.28755734,5108
1747296000,90873.7,91608.3,90646.1,91608.2,121.95307379,4902
1747310400,91608.3,92374.3,90800.0,92347.9,153.20782039,5824
1747324800,92347.9,93200.0,91800.0,92248.5,113.42982703,5330
1747339200,92250.9,92920.0,91882.9,92733.7,10.99567274,2897
1747353600,92732.2,93248.9,92375.0,92907.1,15.93435481,1780
1747368000,92907.1,93015.8,92518.5,92536.5,37.38221485,4237
1747382400,92536.6,92818.5,92104.3,92610.6,54.31300313,4639
1747396800,92610.6,93420.0,92441.7,93420.0,103.40766458,5742
1747411200,93420.0,93800.0,92859.4,93252.7,49.75515511,3877
1747425600,93268.1,93268.3,92617.8,92643.1,18.15804742,2606
1747440000,92643.1,92751.2,91999.0,92751.0,54.4838696,1828
1747454400,92751.0,92908.7,92504.9,92630.2,60.53099115,2521
1747468800,92630.2,92734.5,92027.4,92242.4,24.58241588,3367
1747483200,92242.4,92402.4,91999.0,92174.7,24.43476745,3111
1747497600,92174.8,92512.8,92022.7,92395.7,12.47636972,2628
1747512000,92395.7,92592.5,92194.4,92420.0,17.19359006,2187
1747526400,92404.1,92605.0,92369.1,92508.1,3.11120571,1163
1747540800,92508.1,93055.0,92508.0,93054.8,37.63795805,2477
1747555200,93054.9,93189.6,92970.0,92970.3,40.5095939,3144
1747569600,92970.3,94516.0,92878.6,94434.7,127.88363027,4923
1747584000,94434.8,94750.0,93010.1,93010.1,71.64241335,4511
1747598400,93010.1,95202.8,92467.0,95070.9,108.82405652,4256
1747612800,95070.9,95600.0,92608.0,92627.3,34.4064888,2725
1747627200,92622.6,92787.4,91100.0,91861.0,153.42755371,6499
1747641600,91845.9,91907.5,91200.0,91364.7,71.93719133,6098
1747656000,91361.1,93332.2,90710.1,93310.3,210.93872087,7402
1747670400,93310.3,94000.0,93032.7,93867.4,153.41662484,4046
1747684800,93867.4,94130.8,93396.7,93984.4,114.5426463,2413
1747699200,93997.4,94960.0,93831.1,93994.9,129.54706199,2124
1747713600,93994.9,94500.0,93189.0,93189.0,74.87348098,4254
1747728000,93189.1,93661.8,93182.0,93560.7,61.18244757,4878
1747742400,93561.8,93661.8,92684.9,93661.8,110.79703066,5222
1747756800,93661.8,95028.5,93367.2,94918.9,124.22968316,5009
1747771200,94891.2,95085.9,93930.0,94626.5,60.42666592,3904
1747785600,94654.9,94900.0,93930.1,94292.5,17.67053722,1994
1747800000,94292.5,95158.7,94020.0,94118.0,152.32058406,5696
1747814400,94118.1,94369.0,93520.6,94125.6,114.42211805,5236
1747828800,94125.6,96450.1,93934.7,96084.8,331.48627677,8735
1747843200,96084.8,96743.8,93670.0,95940.9,397.37150827,8646
1747857600,95964.2,97699.1,95146.3,96730.1,190.92636102,6474
1747872000,96719.1,98750.9,96401.0,98491.6,163.61975729,4440
1747886400,98491.6,98499.8,97425.9,98019.0,225.89884082,7068
1747900800,98019.1,98317.9,97500.2,98047.8,159.81446519,6451
1747915200,98047.9,98765.5,97896.4,98631.0,208.10361171,7956
1747929600,98631.1,99344.0,98238.7,98487.4,205.77403959,6539
1747944000,98487.5,98952.4,98126.4,98936.0,77.30314213,3530
1747958400,98936.0,98995.0,98081.7,98160.0,10.45008749,1580
1747972800,98157.2,98200.0,97452.9,97581.7,329.89311211,5759
1747987200,97581.7,98103.0,96107.3,96311.2,114.54713293,6129
1748001600,96311.3,97131.1,94875.0,96100.1,267.87238811,9415
1748016000,96100.1,96700.0,95181.8,95700.0,107.9764388,4720
1748030400,95700.1,95713.0,94090.1,94458.3,50.80348567,3820
1748044800,94458.4,95356.0,94150.0,95356.0,13.7564859,1508
1748059200,95356.0,95613.6,94802.0,94802.1,95.92757761,2993
1748073600,94802.1,96356.1,94800.0,96114.7,37.60689342,3417
1748088000,96114.7,96149.9,95559.6,95904.9,30.40249622,3164
1748102400,95904.9,96067.0,95743.6,95909.9,22.16914452,2782
1748116800,95910.0,96050.0,94720.1,94901.4,16.88174713,2413
1748131200,94901.4,95317.2,94512.1,95205.7,11.22837381,1368
1748145600,95205.7,95367.6,94671.8,94810.8,18.50681245,2992
1748160000,94810.9,94810.9,94001.0,94432.6,32.63145513,4741
1748174400,94438.4,94873.0,93980.0,94248.4,71.67614574,4201
1748188800,94248.5,94973.4,94000.0,94850.0,25.68482921,3655
1748203200,94850.1,96050.0,94417.5,95877.1,37.40471092,3142
1748217600,95877.2,96321.7,95487.0,96108.4,53.52282906,2652
1748232000,96108.4,96723.4,95903.8,96660.0,61.76372828,5327
1748246400,96660.0,96736.9,96174.3,96498.3,84.05863668,4873
1748260800,96498.3,97051.5,96250.0,96720.6,87.774288,5595
1748275200,96720.6,97056.0,95700.0,95880.0,100.16573359,5930
1748289600,95880.1,96442.0,95747.8,96136.7,52.80207219,4705
1748304000,96136.8,96208.9,94375.0,95629.1,37.15884108,4374
1748318400,95629.2,96636.3,95474.8,96589.0,82.46519567,6103
1748332800,96605.9,96800.3,96449.6,96533.2,82.58925902,6677
1748347200,96533.3,97394.3,95825.1,97285.2,104.79546507,7942
1748361600,97287.4,97500.0,96700.0,96941.7,77.05493706,6336
1748376000,96941.8,96992.9,95878.6,96111.0,45.29219074,5466
1748390400,96111.0,96400.9,95878.6,96324.8,39.15907604,3646
1748404800,96324.9,96563.1,96099.4,96111.1,46.57089686,6435
1748419200,96111.1,96391.7,95564.5,96164.6,70.59099724,7244
1748433600,96164.6,96476.9,94880.7,94923.3,199.5707789,5936
1748448000,94938.0,95500.0,94800.1,94800.1,62.95569649,4273
1748462400,94800.1,96169.9,94585.3,95936.1,50.83955854,2962
1748476800,95962.7,96382.7,95600.3,96080.1,10.16315759,1456
1748491200,96080.1,96154.5,95155.3,95685.7,26.5147076,3217
1748505600,95697.2,96525.0,95600.1,96525.0,61.27934585,3692
1748520000,96525.0,96525.0,93799.0,94191.1,158.93620581,6058
1748534400,94191.1,94305.9,92909.4,93051.0,229.95623685,6048
1748548800,93051.0,93670.4,92531.3,92847.2,106.13208714,4281
1748563200,92847.3,93554.9,92113.5,93445.0,30.1024062,3825
1748577600,93445.0,93742.0,92472.1,92685.1,174.56801749,6632
1748592000,92685.2,93477.3,92364.9,93430.9,179.64893081,7339
1748606400,93431.0,93639.1,92750.0,93059.8,88.61419861,6651
1748620800,93059.8,93070.7,91500.0,92184.2,114.14313114,7403
1748635200,92184.3,92400.0,91378.7,91716.9,33.33691705,4122
1748649600,91717.0,91973.7,90948.6,91437.7,66.3826962,3424
1748664000,91437.7,91664.0,91334.1,91543.0,19.53780746,4141
1748678400,91543.0,91587.6,91150.1,91317.4,24.86793427,4692
1748692800,91317.4,92497.6,91298.0,92250.7,50.44735508,4472
1748707200,92250.8,92463.6,92019.3,92432.4,14.31715282,3695
1748721600,92432.4,92500.0,92200.1,92275.3,26.75731787,3163
1748736000,92278.0,92324.1,91725.3,92067.3,21.34758067,2265
1748750400,92067.3,92401.0,91975.1,92022.9,8.6424863,3380
1748764800,92022.9,92176.6,91567.4,91821.2,15.2383751,4122
1748779200,91821.2,92450.0,91606.3,92400.0,32.53647627,3837
1748793600,92400.1,92856.0,92075.2,92725.2,30.15119382,3866
1748808000,92725.3,93210.0,92500.0,93118.3,28.84464416,3241
1748822400,93118.4,93118.4,92092.5,92334.6,11.12860026,2657
1748836800,92334.6,92457.3,92017.1,92311.2,32.14768687,6687
1748851200,92311.3,92856.5,91188.6,91211.9,63.00920113,6872
1748865600,91212.0,91702.5,90823.9,91455.4,124.61520389,7754
1748880000,91460.0,91700.0,91011.0,91323.9,52.99183751,6746
1748894400,91323.9,92500.0,91309.9,92465.3,28.1456335,2906
1748908800,92465.3,93200.0,92305.1,92500.1,24.70023152,1956
1748923200,92500.1,92500.1,92100.3,92210.3,20.53606294,4438
1748937600,92210.3,92511.6,91933.8,92485.0,146.28346071,4501
1748952000,92482.5,93880.0,92400.0,93828.0,118.61297255,5660
1748966400,93824.3,93832.2,92908.3,93525.5,41.50816268,3870
1748980800,93525.5,93535.0,92556.2,92638.8,36.78462073,2752
1748995200,92634.6,93028.3,92414.0,92885.0,9.00209436,1327
1749009600,92885.0,92905.2,92482.2,92580.6,29.81453672,3896
1749024000,92580.6,93153.0,92489.0,92489.1,47.04459544,4884
1749038400,92489.1,92500.0,91338.4,92227.0,61.8560455,5299
1749052800,92227.0,92307.5,91791.6,91962.6,232.24138292,3886
1749067200,91962.7,92018.4,91558.4,91696.4,17.58099912,2553
1749081600,91696.4,92194.5,91696.4,92040.5,6.50749608,1355
1749096000,92040.5,92253.6,91521.0,91636.7,40.59050828,4058
1749110400,91636.7,91977.0,91549.0,91807.3,41.95189287,4073
1749124800,91800.1,92672.5,90650.0,91500.1,178.07959878,10097
1749139200,91500.1,91527.3,88900.0,89113.8,170.98314329,8889
1749153600,89113.8,89300.0,87784.0,88700.2,158.83587321,8075
1749168000,88700.3,89668.3,88404.3,89655.9,55.34960105,2006
1749182400,89668.9,90610.8,89627.9,90350.0,87.66537248,4879
1749196800,90350.0,91110.0,90349.9,91101.2,70.29580931,4659
1749211200,91101.2,92503.0,91000.2,92290.4,160.79459225,6686
1749225600,92290.4,92450.0,91414.7,91479.9,55.73934796,3965
1749240000,91480.0,91872.2,91479.9,91597.2,26.80022853,2442
1749254400,91606.0,92094.1,91250.3,92079.7,17.89013035,1518
1749268800,92079.7,92442.2,91902.6,92080.6,13.66030462,2392
1749283200,92080.6,92400.0,91940.1,92319.2,16.92985453,3129
1749297600,92319.2,92800.0,92319.2,92648.1,40.43132151,3408
1749312000,92648.1,92910.9,92457.6,92768.6,25.03642746,2579
1749326400,92768.6,92953.5,92665.7,92678.5,13.34820386,2603
1749340800,92678.5,92848.1,92538.0,92616.0,9.37414161,1493
1749355200,92616.0,92765.4,92562.7,92574.4,8.61644511,2030
1749369600,92578.8,92780.0,92202.9,92779.9,17.62428559,3025
1749384000,92780.0,93123.2,92687.1,93042.8,37.60782133,3399
1749398400,93041.1,93354.6,93016.8,93291.5,34.12338109,2847
1749412800,93291.5,93400.0,92625.0,92750.0,16.94291603,2291
1749427200,92750.1,93000.0,92308.7,92632.5,7.97849455,1560
1749441600,92632.5,92684.2,92306.9,92486.8,19.18878408,4080
1749456000,92486.8,94468.9,92382.0,94389.4,98.64372523,5842
1749470400,94439.5,94689.0,93836.2,94333.1,61.59818152,6071
1749484800,94333.1,95170.0,94306.0,95090.0,73.73230786,4014
1749499200,95082.9,96724.9,95000.0,96500.0,113.74299686,4742
1749513600,96500.0,96520.0,95976.1,96079.3,18.79459687,2198
1749528000,96079.3,96194.9,95697.9,95926.6,79.01804534,5468
1749542400,95926.6,96145.7,95589.8,95888.1,120.56303082,5393
1749556800,95888.1,96057.8,94941.0,95436.9,77.46670928,6160
1749571200,95436.9,96520.0,95062.0,95818.4,67.868641,5137
1749585600,95818.5,96400.0,95602.1,96399.2,79.30835069,5413
1749600000,96399.2,96399.2,95932.0,96088.8,11.03764509,1458
1749614400,96088.8,96125.0,95805.0,95824.4,38.88661916,3777
1749628800,95824.4,95940.2,95480.9,95526.8,36.47562798,4577
1749643200,95526.8,96266.8,95309.1,95526.1,185.85124611,6163
1749657600,95537.1,95570.0,94362.0,94699.9,100.30879047,4940
1749672000,94719.1,95088.9,94083.0,94410.9,46.35373612,2737
1749686400,94410.6,94577.7,93011.5,93620.7,145.54000012,2290
1749700800,93620.7,93744.0,93222.8,93400.1,55.8851996,3512
1749715200,93400.1,93493.8,92233.6,92254.3,83.69206011,5582
1749729600,92254.3,93182.0,92000.0,92456.9,107.10144341,5478
1749744000,92456.9,93711.0,92202.3,92280.0,51.86238676,4144
1749758400,92280.0,92397.9,91130.4,91130.5,61.04066325,4205
1749772800,91130.5,91130.5,89100.0,90536.3,104.86241838,4919
1749787200,90529.8,91000.0,90097.9,91000.0,152.21096744,6544
1749801600,91000.0,91433.0,90711.8,91390.4,102.51710001,5259
1749816000,91390.4,91592.8,90307.9,91308.6,81.10894429,5702
1749830400,91308.7,91769.4,90771.6,91083.2,35.70016581,3348
1749844800,91083.8,91950.0,91074.7,91911.8,20.88088651,2269
1749859200,91910.0,91990.0,91209.0,91209.0,8.71917872,1382
1749873600,91209.1,91359.1,90906.2,91103.2,9.87255938,2158
1749888000,91103.2,91103.2,90900.0,91100.7,20.88217606,2707
1749902400,91100.7,91132.1,90715.4,90867.1,12.56468349,2777
1749916800,90867.1,91025.2,90481.0,90750.1,19.25232472,2652
1749931200,90750.1,91424.9,90455.0,91366.6,17.16145898,2017
1749945600,91366.6,91600.0,91279.0,91418.6,5.14285724,1142
1749960000,91418.6,91950.0,91207.0,91402.0,38.83720684,2246
1749974400,91402.1,91432.1,90869.2,90913.7,77.2859855,2846
1749988800,90913.8,91648.5,90913.8,91429.8,23.94739819,2707
1750003200,91429.8,91565.5,90976.0,91148.2,72.21032249,2885
1750017600,91146.8,91500.0,90623.9,91499.9,80.46278447,2980
1750032000,91500.0,91907.8,90940.2,91854.1,48.22335679,2049
1750046400,91854.1,92597.0,91834.7,92487.1,53.97740685,5177
1750060800,92487.2,92597.1,92025.1,92370.8,84.06504256,5499
1750075200,92370.2,92999.0,91869.0,92817.6,101.7869278,5997
1750089600,92817.6,94132.0,92718.1,93971.2,84.5259888,4750
1750104000,94000.0,94222.0,92443.3,92443.4,34.73771418,2865
1750118400,92440.1,93182.0,91976.4,93078.4,13.21812578,1616
1750132800,93078.4,93105.0,92217.1,92363.1,67.99902776,3722
1750147200,92363.1,92439.9,91263.3,91300.0,89.37684447,4724
1750161600,91300.0,91520.5,90400.0,90400.1,101.92323768,5534
1750176000,90400.1,91771.3,89924.1,91200.2,129.56812181,7043
1750190400,91200.2,91321.9,90812.7,91076.1,68.66913983,2580
1750204800,91076.1,91515.7,90848.5,91482.2,49.98729923,1636
1750219200,91482.3,91766.7,90974.0,91125.0,40.29873803,3183
1750233600,91125.0,91450.3,90677.4,91133.4,56.56008238,4100
1750248000,91133.4,91535.0,90337.7,91034.6,122.54980527,4791
1750262400,91034.6,91034.6,90207.1,90501.5,96.52972865,3714
1750276800,90500.1,91558.1,90350.1,91408.0,45.13739858,3112
1750291200,91408.0,91692.2,91156.0,91692.2,26.02354855,1632
1750305600,91692.2,91746.4,91255.3,91300.0,29.30518634,2114
1750320000,91300.0,91549.1,91220.0,91256.0,45.89106665,3336
1750334400,91256.0,91400.0,90800.0,90852.8,65.54326571,4239
1750348800,90855.3,91380.7,90630.4,90690.0,44.41757783,3189
1750363200,90689.9,91114.6,90578.3,90909.1,31.05472611,2302
1750377600,90909.1,90997.9,90634.9,90750.1,12.18156422,1604
1750392000,90750.1,91870.0,90500.0,91869.9,43.05284031,3463
1750406400,91870.0,92469.1,91791.5,92032.7,70.75231483,4613
1750420800,92032.7,92186.3,90236.4,90500.0,98.6230501,5154
1750435200,90500.1,90500.1,88751.0,89800.0,178.90843636,7719
1750449600,89800.1,90100.0,89400.0,89670.8,34.4236197,3997
1750464000,89679.3,90029.9,89551.1,89925.0,9.63321728,1458
1750478400,89925.0,89925.0,89721.9,89820.7,9.87855625,2411
1750492800,89820.8,90300.0,89820.7,90210.4,30.88044681,2701
1750507200,90210.4,90275.7,89773.0,89969.1,14.64914118,2778
1750521600,89969.1,90022.5,88805.7,88805.7,36.23392393,3525
1750536000,88805.8,89335.8,87670.0,88704.1,117.62860758,5739
1750550400,88727.0,89781.1,88478.0,88927.1,81.04826193,1877
1750564800,88927.2,89400.0,88846.6,88973.2,22.18049004,2387
1750579200,88987.7,89279.3,88692.7,89171.2,73.1400207,3267
1750593600,89171.2,89234.3,85819.7,85819.7,393.97125368,10443
1750608000,85819.7,87052.7,85566.2,85909.1,174.25548734,6745
1750622400,85909.1,87900.0,85331.5,87825.2,132.72276029,4469
1750636800,87824.0,88402.0,87499.9,88022.8,29.60927738,1718
1750651200,88022.9,88759.1,87881.8,88678.4,55.87637045,5890
1750665600,88678.4,88800.0,88156.2,88252.7,80.07362273,5704
1750680000,88252.8,89295.7,87856.7,88000.6,61.66425527,6126
1750694400,88000.6,89340.8,86512.3,89178.0,138.39318637,5593
1750708800,89177.6,91440.0,88997.0,90920.9,293.56494795,5303
1750723200,90894.9,91096.4,90374.9,90490.0,25.02778666,1675
1750737600,90477.3,91250.0,90370.0,90632.1,103.60257889,4327
1750752000,90632.1,90999.9,90326.1,90680.3,98.27529881,4474
1750766400,90680.3,90999.9,90500.0,90727.6,89.26753944,5104
1750780800,90722.6,91500.0,90714.5,91031.9,70.63138786,4000
1750795200,91032.0,91466.3,90864.7,91349.9,52.73556723,2867
1750809600,91350.0,91860.0,91166.6,91538.8,89.65237018,1785
1750824000,91538.8,91990.8,91339.2,91962.3,48.13642419,3819
1750838400,91960.1,92468.2,91660.5,92460.0,121.00708098,5481
1750852800,92460.1,93240.0,91932.7,92187.9,139.9589503,5479
1750867200,92176.0,92500.0,91962.8,92412.1,86.36957061,4190
1750881600,92412.2,92625.0,91776.4,91958.8,26.46236322,2574
1750896000,91958.9,92598.5,91816.0,92281.9,14.69888776,1482
1750910400,92283.5,92415.3,92111.1,92138.7,24.4252517,2841
1750924800,92134.2,92300.0,91525.9,91744.1,126.85191372,4104
1750939200,91744.1,92000.0,91186.6,91600.0,95.83641352,4731
1750953600,91600.0,91922.1,91200.3,91909.3,64.06771169,3705
1750968000,91909.3,92300.0,91429.4,91496.2,32.96293934,2340
1750982400,91509.7,91941.1,91105.0,91922.3,6.4967335,1424
1750996800,91922.3,92076.9,91272.1,91272.1,34.88947151,2934
1751011200,91272.3,91545.9,91137.6,91376.5,50.30151795,4034
1751025600,91376.6,91650.6,90809.4,91640.2,54.25373486,4991
1751040000,91640.3,91868.1,91041.8,91316.0,75.42954415,3575
1751054400,91308.1,91604.4,91287.9,91449.0,9.83463024,2234
1751068800,91455.3,91675.1,91292.8,91667.8,5.30139098,1066
1751083200,91667.8,91820.2,91572.4,91810.0,9.34035591,1753
1751097600,91809.1,91835.3,91620.0,91713.7,29.05480708,2587
1751112000,91713.7,91831.4,91501.0,91774.7,12.71927961,2516
1751126400,91774.6,91820.0,88819.0,91554.4,131.4002785,3703
1751140800,91537.4,91635.8,91489.0,91604.7,11.48323663,1778
1751155200,91604.7,91755.0,91521.1,91537.7,2.12714569,904
1751169600,91537.7,91650.6,91528.7,91635.5,5.18833759,1298
1751184000,91635.5,92500.0,91635.4,92500.0,84.67451579,3749
1751198400,92500.0,92551.1,91950.0,91979.6,23.29143973,2618
1751212800,91975.9,92013.3,91627.2,91684.0,21.10820691,2558
1751227200,91684.0,92440.0,91565.3,92415.9,20.22726704,2015
1751241600,92416.0,92802.7,92352.9,92645.8,16.10356227,1536
1751256000,92645.9,92660.4,91600.0,91771.1,45.65457406,3725
1751270400,91771.2,92072.0,91700.0,91849.9,48.08504722,4775
1751284800,91850.0,92055.2,90900.0,91450.8,92.08803112,6158
1751299200,91450.8,91686.2,91020.0,91434.1,64.85110933,3898
1751313600,91434.1,91481.6,90800.0,90961.9,32.99934317,2467
1751328000,90925.2,91198.4,90800.1,90954.1,4.00260345,1245
1751342400,90954.1,91000.0,90515.7,90965.1,33.76162245,4611
1751356800,90985.5,90985.5,90014.8,90258.7,82.66145786,6855
1751371200,90258.7,90941.3,89661.7,90047.7,146.88613005,7308
1751385600,90047.7,90362.3,89442.0,89442.0,42.40180912,4677
1751400000,89466.8,89913.5,89171.1,89509.1,67.13251874,3118
1751414400,89509.1,90066.9,89099.7,90025.1,13.13454911,1487
1751428800,90025.1,91085.3,89988.9,91035.2,39.42421432,3413
1751443200,91035.2,91678.1,91035.2,91493.5,77.18594516,4223
1751457600,91493.5,92301.2,91050.0,92301.2,86.18858759,5176
1751472000,92285.6,93067.0,92285.6,92939.6,186.57142366,4858
1751486400,92939.7,92943.8,92178.9,92250.0,31.98260571,2658
1751500800,92250.0,92439.6,92070.0,92172.6,6.49900569,1161
1751515200,92172.6,92908.2,92131.3,92631.4,39.96426359,2797
1751529600,92631.4,93500.0,92631.3,93059.9,79.76311544,4745
1751544000,93058.9,93900.0,92780.3,92888.6,126.84098465,5887
1751558400,92888.6,93590.9,92822.6,93520.7,38.02955344,3373
1751572800,93520.7,93765.1,93149.9,93150.0,77.78962154,2885
1751587200,93150.0,93318.9,92815.1,92872.3,16.38337898,2423
1751601600,92872.3,92931.1,92395.2,92423.3,77.65861805,5504
1751616000,92423.4,92700.0,92270.0,92578.0,41.20782578,4155
1751630400,92578.0,92637.5,91384.0,91400.0,129.69507684,6267
1751644800,91400.1,91639.0,91200.0,91348.4,62.47670605,3832
1751659200,91348.5,91997.2,91333.0,91783.8,26.04687379,2243
1751673600,91783.8,91988.6,91628.5,91909.3,24.31562774,1269
1751688000,91909.3,92072.0,91804.1,91814.1,17.42198041,2313
1751702400,91815.4,91967.9,91721.3,91925.2,20.17156958,3433
1751716800,91925.2,92034.2,91850.0,91877.4,42.33084147,2431
1751731200,91877.4,91948.3,91725.1,91909.8,27.55320743,2472
1751745600,91909.8,91930.0,91835.9,91930.0,9.53673361,1491
1751760000,91930.0,91930.0,91867.8,91867.9,19.07917014,782
1751774400,91867.9,91930.0,91754.0,91854.0,4.83639958,1361
1751788800,91854.1,91870.0,91607.3,91811.5,29.2764096,2257
1751803200,91811.6,92637.1,91785.6,92500.0,44.9634684,2831
1751817600,92500.0,92544.1,92056.1,92205.5,24.06526136,2594
1751832000,92205.4,93099.9,92189.2,92720.1,35.87874941,2351
1751846400,92720.1,93133.6,92332.6,92961.2,9.80981672,994
1751860800,92961.2,92999.6,92500.0,92869.2,14.94267761,2978
1751875200,92869.2,92996.0,92620.3,92676.1,49.20267331,5760
1751889600,92676.1,92676.1,92072.0,92331.0,62.11289388,4678
1751904000,92334.8,92601.3,91979.1,92292.9,63.93941871,3327
1751918400,92293.0,92360.0,92045.2,92267.3,11.90132862,1762
1751932800,92255.6,92369.1,91551.7,91852.7,49.84789364,1474
1751947200,91852.7,92365.9,91767.4,92254.2,23.8064748,2568
1751961600,92260.1,92900.0,92160.0,92799.3,58.93289215,4521
1751976000,92796.1,93250.0,92476.8,92524.3,63.08033414,4662
1751990400,92524.3,93107.0,92422.1,92803.6,58.82024271,3802
1752004800,92819.0,92960.0,92658.5,92924.7,12.09003591,2269
1752019200,92939.2,93109.3,92626.5,92626.6,12.14571851,1219
1752033600,92626.6,92948.7,92624.3,92863.7,29.96796442,2587
1752048000,92863.7,93248.9,92670.2,93248.9,42.42777227,3299
1752062400,93248.9,93668.0,92627.2,93162.1,92.25675086,4647
1752076800,93162.2,95447.8,93118.1,95278.1,202.86973708,5571
1752091200,95283.6,95380.0,94311.4,94854.8,116.25247453,3668
1752105600,94825.7,94957.5,94437.5,94660.9,18.1174121,1290
1752120000,94660.9,94951.5,94522.8,94875.3,79.97445446,2840
1752134400,94875.3,94983.4,94554.0,94854.4,66.34597437,4138
1752148800,94861.0,95350.0,94554.1,95340.6,85.35239019,5117
1752163200,95340.6,97349.5,95307.9,96905.3,327.64740262,8647
1752177600,96905.4,99600.0,96835.6,98827.8,383.34810674,10835
1752192000,98830.0,99880.1,98402.6,99880.1,82.50839429,3046
1752206400,99880.1,100961.2,99737.6,100265.8,324.61513232,13822
1752220800,100265.8,101200.0,100227.5,100469.7,257.65090676,13508
1752235200,100469.8,100945.5,99638.3,99734.3,168.45887235,8970
1752249600,99734.5,100750.0,99464.4,100750.0,167.35449728,7467
1752264000,100750.0,100750.0,99546.9,99965.0,92.89138859,3427
1752278400,99965.1,100233.0,99684.9,100144.8,8.87182186,1543
1752292800,100144.8,100350.0,100000.1,100144.2,35.41592477,3634
1752307200,100144.3,100500.0,100089.5,100177.4,40.60193689,4025
1752321600,100177.4,100192.3,99488.8,99566.5,131.4568737,5289
1752336000,99568.4,99926.1,99375.7,99859.0,46.35595595,3331
1752350400,99859.0,99859.0,99415.4,99799.9,17.96657745,2424
1752364800,99800.0,100061.7,99685.7,100028.2,5.80954175,1182
1752379200,100028.2,100332.0,99988.3,100273.8,18.36164438,2042
1752393600,100273.8,100375.8,99936.1,100298.0,71.9739512,5640
1752408000,100297.9,101100.0,100164.4,100709.6,117.05767732,7325
1752422400,100686.2,101207.5,100409.8,101075.0,66.18162941,4187
1752436800,101074.9,101672.4,100893.1,101590.2,87.53025417,3973
1752451200,101590.2,103000.0,101370.0,102747.6,136.63912552,6343
1752465600,102747.6,104395.0,102705.8,103896.2,359.86408577,18132
1752480000,103912.9,104409.0,103400.7,103793.3,194.20417875,19133
1752494400,103793.3,104339.0,102356.0,102500.3,181.13478907,11199
1752508800,102507.9,103100.0,102038.5,102529.0,211.74212176,6345
1752523200,102529.0,103000.0,102268.1,102610.8,40.61775168,3364
1752537600,102610.9,102626.0,100080.0,100268.8,105.5930346,2899
1752552000,100259.2,100733.0,99540.0,99812.2,186.00982832,5794
1752566400,99812.2,100359.0,99470.6,100332.0,93.97924313,6104
1752580800,100332.0,101816.3,99650.6,100191.1,189.30757328,7646
1752595200,100191.1,101419.0,100000.1,100289.9,72.16747914,4919
1752609600,100315.9,101601.0,100147.9,101426.8,62.82080679,2872
1752624000,101426.8,101764.9,100800.4,101137.6,4.22914532,1510
1752638400,101140.8,101846.7,100962.9,101719.7,32.77200986,5376
1752652800,101719.7,102660.0,101614.7,102374.6,112.85931015,5478
1752667200,102374.7,103123.0,101307.1,102433.4,153.18978245,6888
1752681600,102433.4,103000.0,101820.3,102460.7,67.07472648,4635
1752696000,102460.7,103069.9,101780.2,102003.2,48.42313499,3305
1752710400,102003.3,102500.0,101342.0,101589.9,20.52324118,1708
1752724800,101589.9,102503.0,101525.9,102075.1,103.33116632,4316
1752739200,102075.1,102691.2,101869.7,101950.1,55.35624275,5267
1752753600,101950.1,102691.2,101405.6,102510.2,81.29040426,5568
1752768000,102520.6,103384.1,102100.0,102500.0,60.87759643,4467
1752782400,102500.0,104191.9,102100.2,102549.6,84.22889171,4514
1752796800,102549.8,103754.1,102430.2,103365.0,28.44117368,2410
1752811200,103365.1,103932.8,102563.5,102632.1,72.62626075,5421
1752825600,102632.1,102746.2,101675.4,102399.7,95.17098287,6000
1752840000,102399.8,102636.4,100810.6,101206.8,73.08515551,6057
1752854400,101206.9,101500.0,100850.1,100974.0,34.07960095,4171
1752868800,100997.4,101525.9,100500.0,101452.8,25.62298374,3159
1752883200,101452.8,101799.6,101208.2,101790.7,8.44257959,1431
1752897600,101784.0,101799.6,101558.6,101689.3,11.30891317,2434
1752912000,101689.1,101905.9,101470.7,101787.8,16.09059063,2742
1752926400,101787.9,101791.6,101208.2,101550.0,23.23321404,3070
1752940800,101550.1,101624.5,101208.1,101479.2,11.72720732,2699
1752955200,101479.2,101577.0,100950.0,101367.5,15.29132624,2169
1752969600,101367.5,101577.0,101265.0,101429.0,2.76672824,1161
1752984000,101428.4,101597.5,101251.2,101481.7,12.27455701,2083
1752998400,101481.7,101700.0,101349.7,101349.8,44.82501506,3142
1753012800,101349.8,102101.1,101233.4,101959.0,22.34009903,3450
1753027200,101959.0,102118.0,101339.1,101500.1,33.11617017,3213
1753041600,101500.1,101515.3,100105.0,100834.4,41.5202411,3537
1753056000,100820.3,101998.9,100256.1,101822.7,18.15120614,2131
1753070400,101822.7,102680.7,101601.0,102374.5,64.16976927,4207
1753084800,102374.6,102561.4,101196.7,101196.8,74.90983004,4957
1753099200,101196.7,102078.2,101061.3,101106.9,94.54274688,6618
1753113600,101126.6,101211.2,99850.0,99899.7,72.804583,5612
1753128000,99900.1,100609.8,99815.0,100408.1,50.89227872,2840
1753142400,100408.1,100901.3,99501.0,100314.6,28.9164237,1981
1753156800,100314.6,101491.8,99800.0,100969.5,57.61996637,3451
1753171200,101000.1,101872.6,100532.2,101850.3,78.49297006,4720
1753185600,101850.3,102222.0,100557.9,101262.1,80.22277887,5483
1753200000,101254.3,102312.5,100850.0,101500.0,62.3533833,4133
1753214400,101500.0,102312.9,101470.2,102203.6,36.19735198,2587
1753228800,102203.6,102260.0,101038.8,101068.0,8.89291936,1412
1753243200,101085.1,101444.2,100819.5,100828.4,75.19748127,2964
1753257600,100828.4,101160.4,100501.0,101098.5,59.29774534,4200
1753272000,101109.1,101201.9,100100.0,100991.8,94.63134715,5380
1753286400,100991.8,100991.8,99820.0,100582.7,52.15763022,4399
1753300800,100596.6,100853.7,99755.4,100853.7,30.65513277,2708
1753315200,100853.7,101263.0,100680.6,100688.0,18.08091806,1193
1753329600,100688.0,100733.0,99755.4,100720.0,41.28081162,3345
1753344000,100700.0,101099.1,100483.6,100906.3,77.18169381,4260
1753358400,100906.3,101594.4,100095.0,101269.3,68.19978794,4604
1753372800,101268.3,101481.7,100636.8,101213.5,34.30037033,3088
1753387200,101232.3,101282.8,100619.0,100697.8,14.8915627,2076
1753401600,100709.4,100829.3,98321.3,98341.5,75.39330904,3863
1753416000,98328.8,98941.2,97692.4,98169.9,114.92423963,7159
1753430400,98169.9,99711.9,97986.9,99473.7,95.81974694,6212
1753444800,99473.7,99561.4,98051.0,98709.7,77.2865364,6168
1753459200,98709.6,99654.9,98560.7,99400.1,32.91194803,4865
1753473600,99400.1,100070.0,99312.8,100070.0,19.19424994,2317
1753488000,100070.0,100212.4,99770.4,100050.1,5.67331446,1204
1753502400,100050.1,100106.4,99906.9,99917.2,10.78161702,2311
1753516800,99917.2,100600.0,99917.1,100332.4,58.40080095,3382
1753531200,100332.4,100679.0,100332.0,100550.0,18.79396875,2893
1753545600,100550.0,100735.6,100443.5,100652.7,20.03568248,2687
1753560000,100652.8,100652.8,100368.5,100384.3,11.9536427,1926
1753574400,100384.9,100721.1,100334.5,100615.0,8.52191539,1198
1753588800,100615.0,100810.0,100567.8,100576.6,6.70914102,2199
1753603200,100576.6,100659.7,100348.6,100490.6,14.72900134,2781
1753617600,100490.6,100931.0,100363.3,100909.6,31.68157759,2931
1753632000,100909.6,101651.8,100909.6,101200.0,53.91247234,3610
1753646400,101200.1,101835.0,100971.2,101575.8,52.80643752,2655
1753660800,101575.8,101866.5,101223.2,101459.3,7.01359178,1479
1753675200,101459.3,102500.0,101350.9,101778.7,124.44554239,5145
1753689600,101778.8,102000.0,101606.6,102000.0,52.94627546,5456
1753704000,102000.0,102323.9,101357.9,101837.8,68.12354672,6382
1753718400,101837.8,102000.0,101349.5,101830.7,45.40616697,3602
1753732800,101830.7,102000.0,101374.0,101800.0,21.18113433,2197
1753747200,101805.3,102449.0,101350.0,102449.0,48.99871888,1549
1753761600,102449.0,103229.6,102203.0,102855.4,61.41332872,3951
1753776000,102855.4,102870.0,102069.1,102712.6,50.1957606,4273
1753790400,102712.7,103170.0,101700.0,101850.7,106.84186739,5504
1753804800,101850.8,102201.9,101375.0,101750.0,43.54336283,3621
1753819200,101750.0,102122.8,101400.0,102088.4,19.62702967,2310
1753833600,102088.5,102222.0,101570.0,102222.0,9.51240396,1143
1753848000,102222.0,102339.7,101875.0,102203.5,38.01476747,2701
1753862400,102203.5,102610.0,101850.1,101935.2,65.82922528,4009
1753876800,101935.2,103375.0,101850.0,102841.0,97.71968842,5021
1753891200,102838.6,102841.0,101300.0,102382.6,87.74857818,4573
1753905600,102380.1,103136.1,102290.9,103073.8,22.95174968,2249
1753920000,103073.8,103725.0,103002.5,103690.0,34.61152069,1672
1753934400,103690.0,103776.3,103293.7,103599.1,25.44615589,3146
1753948800,103599.1,103742.4,103339.4,103356.8,77.42624625,4095
1753963200,103356.9,103900.0,103000.0,103468.8,70.59747418,4894
1753977600,103468.9,103979.8,102230.5,102343.1,45.83440038,3972
1753992000,102343.1,102487.0,101253.4,101384.8,55.75579226,3845
1754006400,101390.3,101668.9,100130.0,101335.1,68.77074471,4413
1754020800,101335.1,101500.0,100341.8,100763.2,49.05367565,6126
1754035200,100766.4,101160.1,100001.1,101030.0,134.02357799,8072
1754049600,101030.0,101279.6,98630.0,99866.0,148.43488913,10953
1754064000,99866.0,100155.5,97850.0,97953.7,104.91588217,8969
1754078400,97953.7,98525.2,97334.8,97840.1,88.99802203,5655
1754092800,97847.0,98383.2,97800.0,98380.3,20.08838521,1918
1754107200,98379.7,98556.7,98101.5,98514.0,59.9149857,3944
1754121600,98518.9,98586.5,98050.0,98329.5,29.85834327,4193
1754136000,98329.6,98340.0,97552.0,97552.1,38.71303196,4660
1754150400,97552.1,97994.7,96805.7,97025.1,62.19221222,5534
1754164800,97025.1,97620.0,96837.5,97205.7,26.10601018,3096
1754179200,97216.8,98200.0,96667.4,98176.1,8.12221773,1606
1754193600,98176.1,98309.5,97904.4,98283.9,20.47551459,2753
1754208000,98283.9,98816.9,98229.8,98586.6,64.8933794,4272
1754222400,98586.6,98745.7,98273.1,98543.8,52.17775325,3407
1754236800,98543.8,99248.9,98406.5,98834.1,76.88080678,3737
1754251200,98834.2,98934.1,98569.0,98640.2,17.05686105,2319
1754265600,98640.2,99486.3,98640.2,99016.9,15.02332343,1778
1754280000,99017.0,99373.3,98668.0,99201.1,26.52879931,5063
1754294400,99201.1,99335.1,98650.4,98949.9,64.83892362,6691
1754308800,98950.0,99782.9,98557.3,99314.3,80.84141832,7225
1754323200,99297.0,100000.0,99261.0,99261.1,34.62611882,3965
1754337600,99261.1,99656.4,99069.5,99362.9,16.02835407,2461
1754352000,99362.9,99508.0,98900.0,98900.1,7.86679883,1700
1754366400,98900.1,99159.1,98500.0,98750.1,33.05288088,4966
1754380800,98750.1,99759.0,98704.4,99525.2,43.64493357,4893
1754395200,99525.2,99537.2,97414.1,97576.8,86.39412546,7310
1754409600,97576.8,98333.4,97461.4,98200.1,55.6230507,4491
1754424000,98200.1,98668.0,97882.2,98584.1,24.16855902,2568
1754438400,98561.9,98582.9,98012.0,98047.5,5.33898212,1347
1754452800,98047.5,98799.9,97871.9,98639.0,37.09558134,4308
1754467200,98639.0,98763.8,98175.0,98470.1,38.43399716,4086
1754481600,98470.2,99180.1,97816.2,99171.6,70.11433163,5224
1754496000,99171.6,99299.7,98827.9,98915.3,37.42791803,3172
1754510400,98923.6,98945.4,98569.1,98644.8,10.56475895,2173
1754524800,98644.8,98871.9,98207.4,98250.1,8.29501392,1209
1754539200,98250.1,98416.5,97942.7,98253.1,22.25057408,4132
1754553600,98253.0,100282.7,98252.9,100106.0,129.83198824,5285
1754568000,100106.1,100385.6,99579.7,100305.3,60.53035902,4771
1754582400,100305.3,100848.1,99460.0,100846.8,43.69495608,3642
1754596800,100842.2,100848.3,100400.1,100619.0,16.53764508,2210
1754611200,100623.1,100825.0,100111.0,100150.1,44.59412983,2295
1754625600,100150.1,100374.7,99924.5,100234.9,60.07846016,5049
1754640000,100235.0,100436.1,100003.5,100436.0,35.35527304,4118
1754654400,100436.1,100621.2,99382.2,99677.9,44.94503309,5175
1754668800,99648.5,100249.7,99545.6,99995.0,34.82373282,3188
1754683200,99995.1,100414.1,99905.3,100158.1,15.69269774,2182
1754697600,100158.1,100195.9,99869.8,99874.7,12.71918906,1277
1754712000,99874.7,100256.0,99874.6,100071.6,27.21567807,2831
1754726400,100080.7,100938.1,100080.3,100337.5,85.65704916,3558
1754740800,100337.6,100422.3,99750.0,99817.4,42.4516515,3335
1754755200,99857.6,99948.2,99700.1,99708.4,17.56404258,2571
1754769600,99708.4,100146.9,99600.4,99642.7,17.64169669,2395
1754784000,99642.7,101216.5,99642.6,101164.0,36.87733225,1731
1754798400,101164.0,101350.0,100258.1,100521.7,23.28390505,2734
1754812800,100521.7,101000.0,100321.3,100930.6,29.25942293,2910
1754827200,100930.6,101594.4,100861.0,101354.0,26.82301326,3103
1754841600,101354.0,101468.0,101151.6,101331.6,20.26774672,2698
1754856000,101331.6,102222.1,101218.6,102222.1,49.97244504,2801
1754870400,102222.1,104225.0,102082.2,104074.8,148.71963114,6377
1754884800,104074.9,104597.0,104029.5,104104.3,119.89074076,7359
1754899200,104104.3,104244.0,103310.0,103549.3,136.43121234,6698
1754913600,103549.4,103855.6,102683.5,103568.6,129.1568457,7681
1754928000,103568.6,103989.2,102210.0,102562.1,66.36812006,3779
1754942400,102558.0,102572.0,101687.3,102188.5,76.18312681,2637
1754956800,102188.5,102565.7,102145.3,102288.3,12.22428438,1094
1754971200,102288.3,102550.5,102000.0,102389.0,27.86672749,4264
1754985600,102389.1,102447.5,101841.0,102152.1,41.78422759,4215
1755000000,102152.1,102895.0,101841.0,102689.7,107.53874913,5197
1755014400,102689.7,102925.0,102092.4,102460.2,39.43008005,3369
1755028800,102443.1,102924.9,102327.9,102829.9,23.92583824,2506
1755043200,102795.1,102840.2,102000.0,102187.0,21.09137072,1434
1755057600,102187.0,102481.9,101777.3,102085.2,51.41714902,3510
1755072000,102074.2,103000.0,101976.1,102923.0,63.64590179,4563
1755086400,102923.0,104250.0,102590.0,103165.5,126.4481713,5883
1755100800,103159.3,104750.0,103159.3,104716.4,107.52266477,4966
1755115200,104735.1,105000.0,104142.4,104900.0,183.76237481,5819
1755129600,104900.1,105769.0,104890.6,105263.2,143.02404499,6946
1755144000,105263.2,106591.6,103525.3,104178.0,220.60990723,5073
1755158400,104178.1,106777.0,103301.1,103490.9,226.7316826,5742
1755172800,103490.9,104457.0,100883.1,101607.4,303.70678399,9808
1755187200,101607.5,101773.0,100794.4,101379.2,87.6522004,4829
1755201600,101379.2,101800.0,100803.5,101620.6,33.10182707,2613
1755216000,101621.9,102181.0,101442.2,102146.8,4.19503983,1307
1755230400,102146.8,102341.1,101800.0,101899.5,55.41979703,4235
1755244800,101902.5,102107.0,101600.0,101932.7,39.70481538,4427
1755259200,101932.7,102000.8,99750.0,100273.9,192.13982272,7466
1755273600,100273.8,100805.0,99900.0,100053.5,40.92707881,4483
1755288000,100052.9,100800.0,100000.0,100397.1,28.16080668,2353
1755302400,100417.6,100891.9,100324.9,100521.7,4.74627286,1001
1755316800,100521.7,100861.0,100428.1,100660.0,23.18593005,2697
1755331200,100660.0,100739.5,100309.6,100489.2,16.55254371,2854
1755345600,100489.2,100810.0,100489.0,100731.3,30.55731113,2951
1755360000,100731.3,100860.6,100731.2,100800.1,29.01065487,2329
1755374400,100800.1,100817.4,100386.0,100522.9,17.90268666,1937
1755388800,100523.0,100746.4,100359.0,100746.4,4.06330948,1022
1755403200,100746.4,101177.4,100725.8,100970.3,15.6564035,2668
1755417600,100970.3,101314.2,100970.2,101289.1,22.92604229,2944
1755432000,101289.1,101406.0,101095.8,101155.6,20.89043539,2683
1755446400,101155.7,101193.1,100358.0,100500.1,37.97176016,3148
1755460800,100500.1,100810.2,100358.0,100358.1,12.17882581,2130
1755475200,100358.1,100399.0,98432.5,98656.1,92.43591022,5796
1755489600,98656.1,99000.0,98350.0,98710.1,82.26503869,8164
1755504000,98710.2,98903.2,98212.6,98589.6,75.24932582,7438
1755518400,98589.6,99638.1,98495.9,99638.0,75.72849411,7211
1755532800,99638.1,100228.5,99438.2,99787.0,64.88364074,3874
1755547200,99793.5,100300.0,99590.1,99657.9,20.65269996,2158
1755561600,99657.9,100161.3,98600.0,98600.1,10.93374334,1938
1755576000,98600.1,99077.2,98200.0,98502.5,54.0301455,5316
1755590400,98506.8,99038.9,98402.5,98925.9,52.65189951,4649
1755604800,98925.9,99300.0,97450.0,97600.1,140.06490473,8231
1755619200,97600.1,97659.3,96843.7,97130.7,92.10469245,7011
1755633600,97130.7,97500.0,96900.0,96964.2,29.76032246,3874
1755648000,96963.8,97700.0,96888.1,97600.3,6.2928044,1698
1755662400,97600.3,97839.2,97500.0,97500.1,35.14998726,4916
1755676800,97500.1,98016.6,97200.0,97646.4,51.31702739,4812
1755691200,97646.4,98113.3,96430.0,97310.1,118.09765814,7365
1755705600,97318.8,98150.0,97159.8,98087.7,58.55077779,4303
1755720000,98085.4,98375.3,97823.0,98101.9,34.38256519,2489
1755734400,98101.9,98500.0,97816.6,97895.8,29.83735748,1338
1755748800,97895.8,97930.7,97576.3,97717.2,22.80112487,3671
1755763200,97719.4,97750.0,97065.0,97203.2,44.36712677,4221
1755777600,97198.8,98000.0,97000.0,97153.9,68.2504231,4919
1755792000,97153.9,97301.5,96516.4,96642.8,88.05795583,5145
1755806400,96632.1,97145.4,96600.0,96834.9,20.61663242,2580
1755820800,96860.9,97700.0,96787.0,97388.8,4.67953973,1494
1755835200,97388.7,97734.2,97248.4,97504.0,24.393369,3899
1755849600,97513.7,97688.8,96636.8,96786.0,73.17821293,4486
1755864000,96786.1,100100.0,96200.0,99400.2,252.13449883,8500
1755878400,99400.2,99990.0,99063.3,99439.8,71.4304751,3853
1755892800,99439.9,99820.0,98920.0,99248.7,49.090112,2474
1755907200,99248.8,99321.9,98056.0,98067.7,22.54221814,1319
1755921600,98067.8,98426.2,98063.5,98239.9,19.30938286,2662
1755936000,98240.0,98344.2,97809.2,97809.2,22.04745221,3064
1755950400,97869.8,98002.6,97261.1,97472.8,29.21449076,3564
1755964800,97472.8,97761.8,97375.0,97702.7,11.94411251,2358
1755979200,97702.7,97923.4,97605.1,97922.7,19.71618776,1594
1755993600,97922.7,98089.2,97580.0,97626.8,9.48802073,965
1756008000,97626.8,97816.1,97500.0,97543.3,9.50945065,2229
1756022400,97515.6,97642.7,97258.4,97550.1,18.79600433,2839
1756036800,97550.1,97600.0,97189.7,97204.1,22.61243198,3048
1756051200,97204.2,97551.0,94000.0,95873.6,185.00389421,9245
1756065600,95873.6,96924.0,95159.0,96824.5,42.48053636,4503
1756080000,96831.5,97045.8,95819.1,96433.8,20.21188388,1501
1756094400,96433.8,96526.5,95063.1,95251.6,53.08695141,4726
1756108800,95251.4,95614.3,94830.0,95035.2,126.36920927,8113
1756123200,95035.2,96366.5,94501.2,96158.2,125.80694762,6708
1756137600,96158.2,96800.0,95369.0,95369.0,67.29074077,4086
1756152000,95369.1,95658.6,94130.0,94854.4,93.12509205,5077
1756166400,94854.4,94854.4,93352.6,94532.7,50.84563971,2950
1756180800,94534.1,95083.3,94534.1,94935.1,57.48790726,3763
1756195200,94942.1,95084.2,94067.7,94288.0,73.62461084,5109
1756209600,94288.1,95136.7,93909.6,94124.0,80.5051493,5706
1756224000,94104.1,95545.6,93942.0,95545.6,63.96396243,4067
1756238400,95545.6,96565.3,95400.0,96072.7,40.64858252,2800
1756252800,96072.7,96106.9,95475.2,95914.6,8.07127567,1172
1756267200,95914.6,96170.6,95330.7,95430.5,37.23207837,2873
1756281600,95430.6,96099.6,95333.0,96089.7,55.40430246,4688
1756296000,96089.8,97214.3,95805.7,96499.0,178.5022954,4917
1756310400,96499.0,96794.5,96000.1,96335.4,40.7172337,3396
1756324800,96328.5,96600.0,95390.4,95526.7,79.86070961,3212
1756339200,95526.7,96244.1,95300.0,96244.1,15.20448974,1211
1756353600,96244.1,97474.1,96244.0,97283.1,74.0752099,2455
1756368000,97271.1,97386.2,96770.9,96781.9,61.98361866,3310
1756382400,96781.9,97311.6,96312.2,96576.1,60.20006448,4741
1756396800,96575.8,96877.1,95836.4,95850.0,36.27612076,3553
1756411200,95850.0,96350.1,95780.0,96350.1,30.78456358,2378
1756425600,96350.1,96402.4,95511.2,95806.4,16.30046629,1920
1756440000,95805.5,95892.4,94151.2,94280.8,92.64802353,5842
1756454400,94266.3,94483.9,93792.0,94361.6,198.19605025,7532
1756468800,94361.6,96185.0,92500.0,92730.5,389.18404909,13681
1756483200,92739.9,93104.1,92388.1,92580.1,86.56004064,6744
1756497600,92580.1,92958.0,92088.0,92803.7,63.1586775,4345
1756512000,92803.7,92854.4,92000.0,92854.4,40.46176715,2155
1756526400,92854.4,93027.1,92650.0,92935.4,19.3060844,2960
1756540800,92935.4,93145.2,92828.4,93115.0,32.1171716,3586
1756555200,93115.0,93275.7,92700.0,93249.5,19.78043864,3489
1756569600,93249.5,93264.0,93069.0,93258.2,17.10669356,2824
1756584000,93258.2,93258.2,92951.1,93198.4,13.99931469,2140
1756598400,93200.0,93737.1,93186.7,93514.6,10.39809654,1251
1756612800,93514.6,93526.1,92970.0,93081.5,8.95982734,2312
1756627200,93081.5,93440.0,92800.0,92831.2,23.20696029,3410
1756641600,92831.2,93163.8,92607.8,93146.6,25.01711522,3572
1756656000,93142.4,93481.9,92945.8,93260.1,16.45291873,3092
1756670400,93260.1,93428.1,92500.0,92600.0,15.32490157,2654
1756684800,92600.0,92768.8,91800.0,92000.0,29.54560966,3260
1756699200,92000.0,93366.7,91620.6,93366.7,107.34397614,7980
1756713600,93366.7,93670.0,92287.7,92859.1,94.5832902,6630
1756728000,92859.1,93554.9,92719.3,93005.8,69.97061384,7224
1756742400,93000.1,93405.2,92709.2,93299.3,44.68025796,4990
1756756800,93299.3,93407.3,91788.7,93269.5,55.07597367,3617
1756771200,93269.5,94500.0,93022.6,94352.5,37.04780837,1856
1756785600,94352.5,94600.0,94106.6,94600.0,35.98526601,4656
1756800000,94600.0,95099.9,94158.1,94221.2,64.5301917,5444
1756814400,94221.3,95780.0,93346.4,95077.3,120.14850891,6822
1756828800,95077.3,95383.4,94726.5,95200.3,47.63822214,3945
1756843200,95197.4,95800.0,95152.6,95583.2,19.36160312,2734
1756857600,95589.1,96027.0,95330.3,95530.3,28.7343798,1456
1756872000,95530.3,95570.6,95046.8,95457.3,40.91713299,4319
1756886400,95457.3,95938.5,95112.9,95700.0,41.62017758,4588
1756900800,95700.1,96356.0,95239.4,96130.6,79.03209768,5288
1756915200,96130.6,96499.1,95692.3,96286.6,35.00347108,3455
1756929600,96268.3,96330.4,95782.3,95830.2,60.63225926,2669
1756944000,95830.2,96230.0,95423.3,95424.5,7.83691742,1338
1756958400,95424.5,95500.1,94678.6,94879.1,44.25212533,3919
1756972800,94879.2,95418.0,94820.8,95184.3,61.81744969,4292
1756987200,95192.4,95357.0,93698.3,94031.2,192.67353682,5744
1757001600,94031.1,94660.1,93992.8,94294.5,35.10336479,3462
1757016000,94294.6,95940.4,94250.1,95001.0,25.12056209,2531
1757030400,95001.1,95553.2,94776.9,95384.6,5.17047932,1253
1757044800,95385.6,96747.5,95252.0,96720.4,103.93968284,4439
1757059200,96720.5,96744.0,96001.0,96158.0,76.72926212,4302
1757073600,96156.0,96640.0,94066.9,94270.0,132.70219956,7247
1757088000,94270.1,95300.1,94066.9,95300.1,30.49916153,3459
1757102400,95300.1,95348.3,94356.3,94497.6,74.6345631,2643
1757116800,94508.8,95000.0,94469.6,94866.7,3.72682845,1214
1757131200,94866.8,94868.6,94547.1,94560.0,28.94698858,2177
1757145600,94560.0,94728.8,94505.0,94606.8,29.27767307,2703
1757160000,94607.0,94728.8,94330.0,94330.0,27.21323453,2831
1757174400,94330.1,94330.1,94000.0,94000.1,50.26806126,2944
1757188800,94000.1,94148.2,93986.8,94123.9,8.7324671,1993
1757203200,94123.9,94549.4,94123.9,94458.2,6.94391326,1052
1757217600,94458.2,94689.5,94330.3,94561.5,8.96863048,1946
1757232000,94561.5,95020.0,94522.3,95004.0,33.97916873,2834
1757246400,95004.1,95041.9,94782.6,94999.7,17.16194753,2655
1757260800,94999.7,95000.0,94621.7,94934.3,19.03919372,2673
1757275200,94934.3,95240.0,94800.4,94900.6,13.71586184,2004
1757289600,94897.5,95050.2,94500.0,94841.3,18.84016949,2194
1757304000,94841.3,95176.1,94650.0,94854.1,23.86126079,4354
1757318400,94854.2,95678.4,94776.0,95543.9,75.19697822,5960
1757332800,95544.0,96092.4,95227.5,95838.0,72.68381694,5743
1757347200,95838.0,95914.1,95205.9,95255.4,71.15815281,3836
1757361600,95255.4,95641.4,95142.9,95232.0,18.85228926,2167
1757376000,95232.0,95262.9,94391.4,94986.4,20.5345954,1963
1757390400,94986.4,96241.4,94884.9,96138.7,52.28804512,4049
1757404800,96138.7,96241.4,95778.7,95800.1,51.41148483,3543
1757419200,95800.1,96192.8,94505.2,94625.6,67.56620515,5118
1757433600,94625.6,95167.2,94564.1,95109.1,38.50147835,3507
1757448000,95109.1,95445.4,94900.1,95291.4,16.79177092,1832
1757462400,95300.0,95300.0,94875.0,95258.8,7.42080208,1255
1757476800,95268.3,96168.3,95105.8,96168.3,35.73730261,3805
1757491200,96168.2,96416.1,95598.0,95893.2,135.22649769,4811
1757505600,95893.2,97490.0,95893.1,97211.8,197.50430918,6888
1757520000,97211.9,97362.2,96372.8,96996.2,143.83157994,4028
1757534400,96996.2,97387.4,96996.1,97355.1,21.772705,2499
1757548800,97355.2,97771.3,97176.5,97771.3,52.31830097,2022
1757563200,97771.3,97920.9,97450.2,97572.4,72.94713661,3992
1757577600,97565.5,97689.6,97407.9,97569.9,83.83924549,4604
1757592000,97569.9,97900.0,96761.1,97395.5,162.35424838,6708
1757606400,97395.5,97700.0,97292.3,97530.4,31.01233066,3909
1757620800,97533.6,98392.0,97406.0,98392.0,132.08905727,3594
1757635200,98392.0,99087.0,98149.0,98309.8,64.76516006,2779
1757649600,98309.8,98635.3,98100.0,98100.1,78.30359522,4977
1757664000,98100.1,98243.8,97986.9,98078.2,46.46176337,4769
1757678400,98078.2,98500.0,97965.3,98297.8,101.98103825,9780
1757692800,98297.8,99435.3,98228.7,99435.3,54.72878161,4398
1757707200,99435.3,99435.3,98657.0,98839.3,30.78083469,3539
1757721600,98839.3,99051.6,98450.8,98748.7,9.36289707,1487
1757736000,98748.7,98748.7,98475.7,98592.2,6.6289138,2475
1757750400,98592.2,98951.2,98592.1,98766.9,22.57715976,3452
1757764800,98767.0,98852.4,98365.5,98414.9,23.46412581,3160
1757779200,98414.9,98455.8,97800.0,98448.4,36.39630877,3525
1757793600,98448.4,98622.7,98448.3,98537.9,9.00701058,2045
1757808000,98537.9,98615.0,98289.4,98304.0,2.81577418,1738
1757822400,98304.0,98560.8,98127.0,98415.6,14.90024776,2359
1757836800,98415.6,98735.5,98366.8,98454.2,15.40817039,3342
1757851200,98454.3,98500.0,97950.0,97966.2,20.5868219,3119
1757865600,97966.2,98363.6,97966.1,98226.6,23.64654842,3397
1757880000,98226.7,98920.0,98226.7,98368.2,53.41109572,2978
1757894400,98368.3,98579.2,98000.0,98469.5,7.51389086,1835
1757908800,98469.5,99500.0,98380.9,98725.9,43.04171849,5607
1757923200,98725.9,98726.0,97615.5,97875.4,89.18382188,7346
1757937600,97866.1,97913.9,97301.0,97622.8,60.03888113,6931
1757952000,97593.6,98195.5,97448.5,98005.1,37.1400287,4517
1757966400,98005.1,98199.0,97975.0,98085.9,13.99789361,2066
1757980800,98086.0,98200.0,97754.4,97935.5,8.35827625,1176
1757995200,97935.5,98500.0,97686.3,98180.0,29.68541244,4188
1758009600,98180.0,98350.4,97636.0,97636.0,39.76062161,5111
1758024000,97636.1,97872.4,97100.0,97872.4,131.85680966,5931
1758038400,97856.6,98500.0,97534.8,98500.0,45.39438039,4213
1758052800,98500.0,98600.0,98301.0,98400.0,17.15665418,2393
1758067200,98400.1,98721.0,98228.3,98235.1,9.27606183,1441
1758081600,98235.1,99042.7,98050.2,98982.9,51.98510606,4024
1758096000,98982.6,99000.6,98210.6,98227.5,52.83096154,4485
1758110400,98227.5,98469.6,97499.6,97825.1,61.04126542,4961
1758124800,97825.2,98140.9,96800.0,97840.0,81.59413035,5275
1758139200,97840.1,98897.6,97700.0,98480.6,52.71318319,2740
1758153600,98480.6,99725.1,98300.1,99529.4,100.95388643,2345
1758168000,99526.5,99720.6,98961.1,98982.3,52.38048501,3605
1758182400,98982.4,99299.9,98900.0,99017.5,59.80408175,5054
1758196800,99017.6,100075.2,99000.0,99850.1,153.99647849,6027
1758211200,99848.4,100048.6,99496.9,99682.8,47.29856406,4046
1758225600,99682.7,99868.7,99050.0,99345.3,14.66212497,2132
1758240000,99345.3,99700.0,99226.4,99324.6,12.85240027,1350
1758254400,99324.7,99491.3,99061.2,99369.6,18.5371142,3177
1758268800,99369.6,99676.0,99010.5,99163.6,92.31026744,4844
1758283200,99163.7,99320.0,98400.0,98722.9,91.38147345,5111
1758297600,98722.9,98949.7,98104.7,98115.1,27.86525246,3381
1758312000,98115.1,98567.9,98110.0,98556.1,13.94570695,2365
1758326400,98556.2,98640.8,98400.0,98411.2,5.25818426,1309
1758340800,98413.7,98872.6,98396.8,98864.9,6.88142576,2291
1758355200,98864.9,98875.4,98587.7,98789.3,11.73903999,2877
1758369600,98789.3,98945.0,98748.5,98876.0,13.02125199,2701
1758384000,98876.0,98949.9,98640.0,98640.1,8.44509778,2369
1758398400,98640.1,98800.0,98600.0,98612.3,5.37615448,1686
1758412800,98612.3,98623.7,98465.1,98555.5,6.42214955,1060
1758427200,98555.5,98703.3,98419.7,98703.3,11.84010801,1958
1758441600,98703.3,98708.0,98365.0,98564.0,10.45112495,2728
1758456000,98564.0,98620.0,98400.0,98475.2,16.67179227,2630
1758470400,98475.2,98550.0,98200.0,98420.2,25.10907092,3029
1758484800,98420.1,98469.0,98198.8,98259.6,12.0693268,2074
1758499200,98250.9,98430.2,97474.2,97804.6,40.46594276,2806
1758513600,97804.6,97830.8,95350.2,95870.9,166.46256702,10208
1758528000,95879.4,96036.0,95467.0,95953.8,111.60734029,7374
1758542400,95953.8,96537.2,95637.0,95938.2,148.98277754,6927
1758556800,95938.3,95962.8,95010.0,95118.5,75.38802828,5047
1758571200,95118.5,95850.6,95000.0,95574.3,23.524016,3131
1758585600,95575.0,95723.8,94653.7,95210.0,11.89263179,2235
1758600000,95210.0,96064.8,94914.4,95999.9,39.31325979,4376
1758614400,95999.9,96072.5,95644.1,95883.9,47.13270187,5818
1758628800,95883.9,96062.9,95500.0,95768.5,65.84250762,4901
1758643200,95769.8,95788.1,94500.0,94535.4,53.2430466,4622
1758657600,94535.5,95000.0,94462.2,94832.0,31.35408417,2522
1758672000,94832.0,95359.7,94750.1,94758.3,53.91580255,1520
1758686400,94758.3,95705.3,94200.0,95496.1,33.20023098,4379
1758700800,95496.1,96333.0,95495.4,96228.7,53.45354732,4568
1758715200,96228.7,97000.0,96131.6,96585.8,124.7933957,4427
1758729600,96611.3,97117.4,96468.7,96666.8,40.88686986,3187
1758744000,96682.9,96851.0,96500.0,96534.5,13.67507265,2130
1758758400,96557.7,96702.2,95580.6,95832.3,23.07659073,1457
1758772800,95798.8,95863.9,95000.0,95337.0,47.56608538,4147
1758787200,95337.0,95632.4,94871.6,94882.0,68.8071849,4601
1758801600,94892.6,95659.4,94650.0,95599.9,81.20311002,5908
1758816000,95600.0,95700.0,93270.0,93820.7,255.54359512,8896
1758830400,93820.7,94084.4,93400.2,93540.4,49.4386247,3877
1758844800,93533.6,94139.5,93400.0,93909.0,7.42598586,1912
1758859200,93909.0,93970.0,93412.8,93716.8,48.46867464,5709
1758873600,93732.6,94000.0,93132.9,93576.3,84.91268773,6397
1758888000,93576.3,94000.0,93126.0,93351.6,103.65573425,6778
1758902400,93351.6,94361.3,93300.0,93388.0,38.44796419,4683
1758916800,93388.0,93862.3,93268.9,93833.8,12.07594283,2759
1758931200,93833.8,93855.0,93545.1,93738.5,4.26273445,1229
1758945600,93738.5,93881.4,93605.9,93634.7,7.87236498,2559
1758960000,93634.7,93711.7,93400.0,93566.8,13.01693595,3183
1758974400,93566.8,93670.5,93500.0,93647.7,13.66295589,2956
1758988800,93647.7,93660.6,93558.0,93649.9,10.84362736,2530
1759003200,93649.9,93865.6,93599.0,93820.6,6.10808271,1869
1759017600,93820.6,93900.1,93610.0,93662.5,2.06653554,998
1759032000,93662.5,93719.9,93558.0,93719.8,7.22157538,2123
1759046400,93719.9,93779.3,93500.0,93617.8,14.84294663,3109
1759060800,93617.9,94112.4,93450.0,94112.4,23.1313894,2927
1759075200,94114.0,94424.4,94107.3,94378.5,25.12511628,3039
1759089600,94378.6,96027.5,94318.7,95864.9,56.75390406,2860
1759104000,95865.0,95918.2,95261.0,95443.5,10.6272813,2072
1759118400,95443.5,95505.0,95151.1,95452.6,36.60639434,3783
1759132800,95452.6,95919.4,95445.7,95659.5,54.836515,5712
1759147200,95659.6,97404.7,95351.3,97102.1,102.49199226,7390
1759161600,97112.4,97505.0,96810.4,97504.8,45.98070884,3501
1759176000,97483.7,97580.0,97279.9,97520.0,30.224234,2166
1759190400,97503.3,97970.6,97279.9,97600.8,20.19297867,1311
1759204800,97600.8,97600.8,96813.4,96887.1,36.08703404,4124
1759219200,96887.1,96887.1,95920.0,96347.9,92.06513221,5179
1759233600,96333.5,96850.0,96247.1,96472.1,64.0521885,5351
1759248000,96472.1,97593.5,96000.0,97469.2,57.12129113,4348
1759262400,97469.3,97800.0,96917.9,97196.9,20.09657051,2610
1759276800,97196.9,97646.5,97147.7,97321.0,28.25183861,1583
1759291200,97321.0,97672.5,97100.1,97527.2,32.5871315,4548
1759305600,97527.1,99500.0,97430.9,99500.0,192.13858802000001,8697
1759320000,99500.0,100285.7,99059.9,100183.5,189.23068431000002,10290
1759334400,100187.9,100880.0,99574.9,100126.2,107.86138282,5838
1759348800,100126.3,101073.0,99930.1,101065.5,69.36677064,3523
1759363200,101065.6,101720.7,100912.1,101206.5,61.85792371,2739
1759377600,101206.5,101357.0,100772.1,100847.5,64.40422461,4574
1759392000,100852.8,101191.1,100731.8,101125.1,79.88421968,5208
1759406400,101121.8,102553.9,101100.0,102550.1,229.05888929,7522
1759420800,102550.1,103166.2,101863.0,103050.0,162.10247301,6786
1759435200,103050.0,103089.8,102445.5,102783.5,56.63283089,3491
1759449600,102783.5,102830.1,102252.0,102546.4,11.60682145,1556
1759464000,102546.4,102630.7,102000.0,102006.5,44.46518738,4479
1759478400,102006.5,102720.0,101610.0,102609.1,89.12668398,5640
1759492800,102609.1,104108.9,102171.0,104076.0,207.49459812,7289
1759507200,104076.0,105335.4,103245.8,104379.5,326.96440952,10723
1759521600,104379.5,104400.0,103808.0,103991.1,49.37433913,3181
1759536000,104011.4,104099.9,103601.1,104057.6,5.86431553,1408
1759550400,104056.9,104499.4,104029.6,104050.0,37.78427028,2453
1759564800,104050.0,104199.9,103709.4,103721.3,52.08359407,3375
1759579200,103719.9,104100.0,103400.0,103424.8,52.85766935,3709
1759593600,103424.8,103568.2,103128.1,103536.3,36.88725761,3514
1759608000,103536.3,104000.0,103500.0,103987.5,13.03203448,2230
1759622400,104000.0,105398.5,103832.5,104968.8,52.92873108,2288
1759636800,104968.8,106227.9,104932.7,105525.1,198.82565158,7136
1759651200,105525.1,105530.0,103588.1,104517.6,154.43232828,6658
1759665600,104517.3,104517.3,103970.9,104031.0,36.44187144,3681
1759680000,104033.1,104500.0,103664.9,104143.1,45.45846796,3731
1759694400,104143.1,105048.9,104074.1,105048.9,32.18334864,2587
1759708800,105048.9,105700.0,104850.0,105486.2,45.43474829,2006
1759723200,105486.2,105800.0,105026.3,105622.0,59.1964779,4598
1759737600,105622.0,106437.9,105592.0,106263.0,200.01690609,10370
1759752000,106263.0,106907.5,106114.9,106680.3,218.18033474,10880
1759766400,106680.4,107424.9,106500.0,106799.9,263.47999985,8803
1759780800,106800.0,106948.5,106064.3,106275.9,41.84976708,3991
1759795200,106251.4,106666.6,106000.0,106140.9,24.11165196,2441
1759809600,106140.9,106500.0,105800.0,105872.7,45.54060856,4190
1759824000,105872.7,106700.0,105536.1,106700.0,91.30571375,5698
1759838400,106700.0,107200.0,103848.7,104399.9,169.20024402,9042
1759852800,104400.0,104710.1,103462.7,104420.0,113.60144861,6545
1759867200,104420.0,104975.7,104018.6,104184.3,41.29506734,3283
1759881600,104158.0,105139.3,104154.5,104431.6,12.6719156,1418
1759896000,104431.6,104945.2,104220.0,104488.0,38.8105347,3467
1759910400,104488.0,105967.2,104488.0,105675.2,95.70691302,5100
1759924800,105675.2,106000.0,104650.0,105249.9,95.33514633,5354
1759939200,105250.0,106955.0,105244.8,106146.0,76.29084446,5350
1759953600,106153.0,106350.0,105669.0,106029.7,18.11114083,2837
1759968000,106029.6,106080.9,104450.0,104832.5,27.57881139,2146
1759982400,104832.5,105187.6,104674.6,104994.6,23.3537664,3766
1759996800,104994.6,105788.4,104359.0,105722.9,279.95027484,5748
1760011200,105723.0,106606.0,104359.1,104820.1,225.47365228,6532
1760025600,104829.4,105111.1,103637.3,104675.3,101.12892871,6075
1760040000,104675.3,105305.3,104550.1,105192.9,47.68321787,3071
1760054400,105198.8,105389.3,104550.3,104619.3,12.7479578,1725
1760068800,104619.3,105268.8,104506.2,104506.3,30.66419659,4059
1760083200,104506.3,105271.6,104500.0,105119.9,61.40112918,5397
1760097600,105120.0,105909.0,102041.1,102588.6,167.63808705,9325
1760112000,102598.2,102974.0,100000.0,100505.0,220.76687529,11061
1760126400,100505.0,101101.0,91211.0,98380.1,926.11295602,48447
1760140800,98364.5,98525.4,96352.7,97300.0,130.00390717,8100
1760155200,97330.9,98110.9,96276.8,96478.0,168.36561875,21570
1760169600,96532.1,98500.0,96306.3,98475.0,159.52901766,21588
1760184000,98447.2,98665.8,97950.0,97950.1,95.33521707,18429
1760198400,97950.1,98137.0,96926.3,97136.3,107.23819129,9654
1760212800,97136.3,97262.6,95628.1,96640.5,104.0352446,8343
1760227200,96649.7,96960.0,95600.0,96428.8,49.23959072,4811
1760241600,96428.8,97547.7,96419.3,97174.6,87.56401522,7163
1760256000,97171.2,97527.1,96698.6,97259.6,131.0662137,8097
1760270400,97259.6,100011.0,96679.6,98728.7,157.4682477,9020
1760284800,98728.3,99860.0,98727.7,99565.5,115.62311193,9699
1760299200,99565.5,100249.9,98673.1,99268.5,104.00025828,5868
1760313600,99268.5,99998.9,98909.1,98988.2,22.99405827,2149
1760328000,98988.2,99714.9,98686.0,99618.6,42.78287805,6751
1760342400,99630.6,99755.7,98320.6,98954.1,95.91160992,9464
1760356800,98885.9,99970.0,98674.6,98934.6,141.51554922,12245
1760371200,98927.3,100300.0,98850.5,100249.9,47.1053384,5875
1760385600,100250.0,100296.7,99612.1,99691.8,36.37144433,2943
1760400000,99721.7,99955.0,97983.8,98168.0,42.5247579,2511
1760414400,98168.0,98246.6,96421.0,96810.5,145.5178072,8185
1760428800,96817.0,97132.9,95435.4,96524.2,166.55631691,10556
1760443200,96510.3,97430.0,95113.0,97400.0,115.2624132,9653
1760457600,97393.0,97949.6,96440.1,97172.5,82.40832051,5921
1760472000,97172.5,97930.0,96899.0,97570.7,25.36653264,2695
1760486400,97559.3,97815.2,96377.2,96487.1,18.50762478,2186
1760500800,96487.1,97000.0,96310.9,96884.7,37.79713167,5228
1760515200,96884.7,97600.0,96258.1,96421.0,70.76397694,6239
1760529600,96424.8,96708.2,95000.0,95333.0,169.11927183,9532
1760544000,95336.1,95927.2,94810.1,95619.7,340.08550015,7614
1760558400,95619.7,95873.1,95000.0,95164.6,32.46817907,3555
1760572800,95164.7,95890.0,94700.0,95520.2,19.18425681,2064
1760587200,95542.4,95928.6,94965.1,94965.1,27.30033022,4503
1760601600,94965.1,95888.2,94129.9,95610.9,118.16928706,7207
1760616000,95611.0,96156.3,93000.0,93150.1,224.84561796,11039
1760630400,93142.8,93650.0,92198.1,92622.6,223.91987347,14239
1760644800,92627.1,92896.2,92010.0,92534.5,72.18344172,6187
1760659200,92534.5,93329.0,92367.7,93278.6,12.14039373,2194
1760673600,93294.5,93339.0,90075.9,90147.8,252.95062301,14049
1760688000,90147.8,91263.8,88522.2,90539.0,349.94514721,22227
1760702400,90535.9,91626.6,89750.0,91587.4,160.74861493,11776
1760716800,91587.5,92193.1,90950.0,91303.1,105.30570645,6241
1760731200,91328.8,92293.8,91231.6,91459.2,39.91185097,3500
1760745600,91459.2,92205.7,91406.3,91973.8,9.76549305,1865
1760760000,91973.8,92398.8,91447.9,91754.2,36.05968474,3713
1760774400,91754.2,92234.4,91754.1,92233.3,39.47728554,4522
1760788800,92233.3,92300.0,91900.0,92000.0,24.08485151,4221
1760803200,92000.1,92060.3,91600.0,92048.1,18.66412104,3351
1760817600,92048.1,92210.4,91900.0,92099.0,27.39510965,2468
1760832000,92099.0,92264.1,91808.7,92191.4,7.81265941,1200
1760846400,92191.4,92191.4,91650.0,91764.6,23.02382412,2623
1760860800,91764.5,93000.0,91200.0,92653.5,79.1818198,5099
1760875200,92653.5,93344.5,92321.0,93299.9,35.39634431,4140
1760889600,93299.9,94130.6,93100.0,93617.7,83.93882716,5224
1760904000,93615.2,93892.2,93134.9,93283.6,33.13146805,2879
1760918400,93283.6,94685.8,92186.7,94462.6,37.697832749999996,3101
1760932800,94462.6,95595.0,94300.6,95397.4,122.9191144,7134
1760947200,95397.4,95678.9,94918.5,95275.3,82.29661428,7453
1760961600,95292.7,95843.2,95011.0,95380.3,98.71074573,6217
1760976000,95363.1,95514.6,94392.0,95226.7,61.32046464,5143
1760990400,95226.7,95614.1,94873.7,95000.1,43.56008973,2893
1761004800,95000.1,95000.1,93800.0,93800.0,28.51680089,2078
1761019200,93800.1,93800.1,92450.0,93024.5,89.97469942,6488
1761033600,93000.1,93748.4,92555.0,93530.6,52.89749279,5313
1761048000,93530.6,97750.0,93013.0,97638.2,188.57236363,9311
1761062400,97638.3,98143.3,96001.0,96372.6,112.54998409,5980
1761076800,96384.0,96408.6,93231.8,93421.9,96.71162697,4299
1761091200,93400.2,93664.6,93000.0,93296.0,26.42486368,1990
1761105600,93296.0,93640.4,92800.0,93377.5,48.42205446,5277
1761120000,93377.5,93515.5,91727.4,92901.6,103.84603955,6202
1761134400,92901.6,94000.0,92751.2,93344.3,120.64680421,6757
1761148800,93360.3,93643.7,92522.7,92916.7,61.40619266,4990
1761163200,92948.8,93100.4,91905.2,92700.1,88.11533148,4635
1761177600,92700.1,93750.7,92650.0,93500.1,12.89892156,1245
1761192000,93500.1,95152.1,93500.1,94227.3,50.39856407,4507
1761206400,94215.0,94759.0,94115.0,94300.0,76.82739993,4804
1761220800,94300.0,94892.0,93659.0,94674.9,74.77333227,5766
1761235200,94674.9,95821.1,94466.3,94900.2,103.00200007,5024
1761249600,94900.2,94900.2,94170.0,94736.9,36.89669725,2844
1761264000,94736.9,95431.7,94683.0,95124.0,28.45224877,1435
1761278400,95124.0,96000.0,95090.1,95626.9,40.39416188,3958
1761292800,95626.9,96093.0,95302.4,95650.0,48.12300444,4995
1761307200,95650.1,96249.9,94355.6,94686.1,111.92797924,6298
1761321600,94681.8,95444.1,94500.0,95117.4,38.90720755,3775
1761336000,95117.5,95588.0,95011.6,95465.5,22.47074032,2628
1761350400,95465.6,95600.0,95223.3,95520.1,6.90943362,1282
1761364800,95520.1,96080.1,95239.7,95863.3,106.89385663,2871
1761379200,95863.3,96130.4,95713.5,95912.1,28.02066672,3196
1761393600,95912.1,96200.0,95746.0,95754.7,21.85502789,3747
1761408000,95754.7,96035.1,95589.3,95974.0,13.5102914,3041
1761422400,95973.9,96031.0,95749.2,96007.5,14.001863029999999,2101
1761436800,96007.3,96199.9,95700.0,95700.1,5.13525851,1084
1761451200,95700.1,96066.9,95700.0,96045.0,5.09260531,1771
1761465600,96045.0,97369.0,96044.9,97356.4,86.46620282,4894
1761480000,97359.5,97850.0,97352.6,97661.8,85.44082938,4986
1761494400,97661.8,97797.6,97275.4,97600.0,44.96672349,3755
1761508800,97600.0,99076.6,96866.6,98425.1,103.72325271,4639
1761523200,98425.1,99168.9,98330.6,98850.1,31.18575387,1946
1761537600,98850.1,100000.0,98850.1,99421.0,83.17818972,5539
1761552000,99421.1,99468.1,98718.6,99040.5,89.10932935,6883
1761566400,99040.5,99724.9,98400.1,98772.5,211.22990190000002,6350
1761580800,98784.6,99492.5,98576.2,98656.7,57.30442505,4643
1761595200,98667.3,98667.3,97702.1,97921.8,50.04782811,3687
1761609600,97909.5,98214.4,97500.0,97708.2,20.57600028,1496
1761624000,97708.2,98111.8,97349.9,98000.1,24.93201954,3167
1761638400,98000.1,98364.6,97930.2,98104.1,45.6798029,4617
1761652800,98104.1,99639.8,98000.0,98335.5,79.62917281,6139
1761667200,98335.6,99096.8,97445.1,97628.8,62.00390662,4931
1761681600,97628.9,97628.9,96396.0,96934.3,68.04908953,5041
1761696000,96931.6,96968.3,96300.0,96698.6,41.41903251,1808
1761710400,96698.6,97667.3,96698.5,97665.9,27.75442687,3998
1761724800,97665.9,97738.3,96870.2,97222.1,46.36193167,5193
1761739200,97222.1,97643.8,95575.8,95637.1,134.30554289,7234
1761753600,95639.4,96240.2,94300.0,95404.3,150.45190493,9539
1761768000,95426.2,96371.7,94600.0,94849.2,70.57456898,4648
1761782400,94848.1,95577.6,94613.2,95400.0,13.15393853,2004
1761796800,95386.1,96100.0,92888.0,95900.3,92.51790883,7392
1761811200,95900.3,95933.6,94600.0,94631.5,65.99425485,5532
1761825600,94631.5,94682.0,92833.3,93152.6,164.02266848,10536
1761840000,93152.6,93585.1,92000.4,92148.5,141.18492853,9541
1761854400,92148.5,93651.5,92000.0,93620.1,67.49185124,5727
1761868800,93637.8,94990.1,93621.8,94426.0,26.79845876,2388
1761883200,94426.0,95199.0,94325.2,94620.1,28.263442949999998,4315
1761897600,94620.1,95499.0,94433.8,95401.1,84.1627836,5956
1761912000,95401.2,96308.8,94710.0,95438.4,130.7657873,6707
1761926400,95438.4,95521.5,94146.9,95201.4,78.29080745,5178
1761940800,95201.4,95207.0,94678.1,94881.4,35.13901538,3037
1761955200,94881.4,95450.2,94722.3,95414.9,30.79821068,1631
1761969600,95414.9,95650.0,95169.5,95321.3,19.61842804,2270
1761984000,95324.6,95478.0,95113.7,95354.8,23.69248364,4042
1761998400,95354.8,95379.7,95000.0,95105.0,24.82941211,2934
1762027200,95105.0,95299.9,94850.0,95247.3,15.59060828,1817
1762041600,95247.3,95379.7,95134.3,95245.3,11.00893628,1144
1762056000,95237.8,96000.0,95235.8,95946.1,26.14686731,1769
1762070400,95946.1,96159.4,95499.1,96159.4,34.82536035,3465
1762084800,96159.4,96159.4,95379.7,95379.8,33.19026066,3333
1762099200,95379.8,95553.7,94876.0,95407.6,29.5648107,3390
1762113600,95407.6,95950.4,94742.7,95814.3,35.94649916,3088
1762128000,95814.3,96022.2,93550.1,93556.4,25.53547067,2752
1762142400,93556.2,93644.1,92767.2,93149.1,67.48206539,6234
1762156800,93149.1,93698.4,92750.0,93575.2,108.47404915,8658
1762171200,93578.5,94081.9,91721.6,91750.0,162.60002845,11958
1762185600,91750.0,93345.0,91450.1,92910.5,181.15738045,10182
1762200000,92910.5,92990.9,91769.8,92471.2,150.60689662,6561
1762214400,92471.3,93149.0,91949.9,93033.2,32.40376485,1955
1762228800,93033.2,93139.9,90390.0,90564.9,301.17952524,12455
1762243200,90564.9,91475.7,90000.0,90980.2,279.49467829,13984
1762257600,90980.2,91284.3,89648.8,89800.1,236.26851032,11270
1762272000,89800.1,90006.4,87000.0,87503.3,398.11917932,25302
1762286400,87503.3,88708.2,86106.3,88400.1,254.6582499,16049
1762300800,88400.1,89045.7,86090.8,88917.0,62.62367445,4086
1762315200,88917.0,89071.4,88365.2,88850.1,75.20037802,7161
1762329600,88850.1,88950.0,88082.7,88834.7,108.10553031,8849
1762344000,88834.7,90448.7,88703.8,90378.0,158.94119914,9723
1762358400,90378.0,91021.6,89864.1,90621.8,136.1377517,7576
1762372800,90621.8,91000.0,89900.4,90416.5,63.05951505,5494
1762387200,90416.5,90416.5,89300.0,90095.6,39.04430515,2096
1762401600,90098.5,90538.4,89443.8,89739.0,28.42654608,4024
1762416000,89739.0,89841.0,89190.0,89625.0,63.03497766,6100
1762430400,89625.1,89835.5,88100.4,88442.3,151.58815625,8211
1762444800,88442.3,88723.0,86960.0,87805.6,132.20774738,9165
1762459200,87799.9,88000.0,87050.1,87729.0,70.37859486,6269
1762473600,87729.0,88684.3,87273.0,88339.2,21.11413498,2634
1762488000,88339.2,88849.9,88039.9,88440.9,35.65013456,4116
1762502400,88440.9,88449.9,86370.2,86879.1,154.68389161,10205
1762516800,86879.1,87341.0,85839.4,87115.2,210.63750801,12492
1762531200,87115.2,89390.6,86810.2,89390.6,106.43199274,7242
1762545600,89390.6,89912.5,89040.1,89307.8,49.6964943,4250
1762560000,89307.9,89325.8,88488.0,88638.1,61.30644551,2031
1762574400,88638.1,88800.0,88035.1,88423.3,16.73854145,2226
1762588800,88423.3,88702.6,87947.3,88010.3,25.01435053,3816
1762603200,88010.3,88289.8,87720.8,87912.6,31.01801845,4292
1762617600,87912.6,88327.4,87777.7,88120.6,24.38180656,3970
1762632000,88120.7,88521.5,88100.0,88421.2,16.31189146,2427
1762646400,88421.2,88438.7,87700.0,87854.7,18.68000012,1571
1762660800,87863.0,88260.7,87829.0,88105.9,9.64539281,1907
1762675200,88106.9,88400.0,87739.5,88325.1,36.54946858,3777
1762689600,88342.9,89969.2,88192.5,89699.9,110.25739716,4905
1762704000,89700.0,90633.6,89306.4,90623.1,105.90536534,4928
1762718400,90636.5,91135.2,90061.8,90657.2,87.24063489,4084
1762732800,90657.2,92162.4,90225.1,91706.1,87.56690994,2661
1762747200,91710.7,92148.0,91499.9,92031.6,173.05480799,5359
1762761600,92031.4,92150.7,91463.9,91858.3,93.00016629,7913
1762776000,91858.3,92095.1,90544.3,90970.8,123.51497775,7243
1762790400,90980.2,91731.8,90728.4,91514.1,50.50228891,5511
1762804800,91514.1,91890.0,91076.4,91690.5,43.70098834,4050
1762819200,91690.5,92934.0,91355.1,92063.9,33.99259373,2117
1762833600,92056.2,92088.4,90596.1,90600.0,28.66966206,3769
1762848000,90600.1,91169.7,90591.1,90966.4,52.76554262,5095
1762862400,90966.4,91132.7,89003.0,89242.3,104.14097682,7223
1762876800,89242.3,89433.8,88722.9,89000.9,112.68041721,8436
1762891200,89000.9,89070.1,88448.4,88941.2,67.90627464,10040
1762905600,88946.1,89309.1,88700.0,89228.3,12.58769532,2083
1762920000,89228.3,89500.0,88974.9,89037.6,18.93306999,3399
1762934400,89037.7,90917.0,89037.7,90725.0,103.10550609,8143
1762948800,90725.0,90989.3,88073.7,88146.3,163.8460413,9624
1762963200,88128.5,88228.3,87073.7,87440.4,109.95415758,11583
1762977600,87440.5,88031.0,87323.1,87700.0,38.9938644,7595
1762992000,87700.0,88574.3,87119.1,88228.3,40.26042903,2496
1763006400,88213.6,89757.5,87718.7,89120.3,44.39378749,4235
1763020800,89120.0,89415.4,88187.5,88692.1,66.81453029000001,6866
1763035200,88692.1,88949.7,87000.0,87124.9,88.66450324,9919
1763049600,87108.7,87243.6,84312.0,84811.2,471.43403645,23717
1763064000,84811.2,86419.8,84215.0,85777.2,217.29180356,11145
1763078400,85716.7,85813.7,84867.0,85105.7,42.36546498,2425
1763092800,85105.7,85218.9,82482.3,83494.1,314.47046704,14444
1763107200,83494.1,83862.7,82380.1,82716.7,213.14077902,13747
1763121600,82716.7,83700.0,81200.0,83309.8,496.04425541,20716
1763136000,83309.9,83800.0,81549.8,82350.1,149.98716048,11030
1763150400,82350.1,82492.4,80790.1,81299.9,162.9329492,9709
1763164800,81300.0,83228.6,81300.0,82900.5,34.74737234,3280
1763179200,82900.0,83000.0,82494.6,82849.0,46.76522687,4062
1763193600,82849.0,82850.0,82273.6,82321.9,59.63271731,6497
1763208000,82321.9,82969.4,82216.1,82845.4,72.2811037,6342
1763222400,82845.6,82886.6,82407.6,82634.9,75.07473694,5805
1763236800,82635.0,82635.0,81850.1,82279.2,32.9411789,4842
1763251200,82279.3,82550.0,81702.0,82441.6,31.55743209,2471
1763265600,82441.6,82693.8,82315.8,82678.0,11.6009417,2427
1763280000,82678.0,83111.0,82196.3,82313.4,121.47578416,5838
1763294400,82313.4,82526.5,81221.0,81339.1,107.05222966,6690
1763308800,81343.7,82151.7,80000.0,80719.8,460.18427686,12239
1763323200,80719.8,81381.1,79889.2,81022.1,220.27170224,10352
1763337600,81016.7,82164.1,80654.6,82108.1,47.94505921,2467
1763352000,82108.1,82462.0,81661.8,82300.1,45.1280331,4124
1763366400,82300.1,82645.0,82071.2,82311.2,76.61829519,8229
1763380800,82306.1,82774.0,80643.9,80924.5,141.09193595,10898
1763395200,80932.8,81303.2,78665.5,78950.5,330.2931959,15278
1763409600,78950.4,79515.7,78621.0,79362.6,201.41471986,12506
1763424000,79362.7,79479.3,77308.0,78227.2,96.6347601,7057
1763438400,78232.3,78244.6,76848.2,77883.8,201.08144137,13649
1763452800,77883.8,78950.0,77883.8,78865.1,287.41023881,13240
1763467200,78865.1,80219.4,78310.4,80170.0,320.75419098,11382
1763481600,80170.0,80990.3,79859.0,80406.7,168.13076243,10185
1763496000,80406.7,80590.1,79790.4,80216.7,97.27548035,7420
1763510400,80227.7,80241.0,79357.1,79871.7,29.15363957,2058
1763524800,79800.0,79800.0,77670.0,79341.5,146.91174763,6611
1763539200,79341.6,79371.7,78660.8,78874.4,154.61775239,7758
1763553600,78874.5,79898.0,77804.0,77835.4,162.52779244,10635
1763568000,77835.4,78109.9,76832.0,77057.8,297.63062442,16250
1763582400,77068.1,79258.5,76800.0,79258.5,218.13995841,10965
1763596800,79258.5,80516.4,79038.1,80251.3,53.13241952,3758
1763611200,80251.3,80777.0,79531.0,80098.1,61.8960263,5327
1763625600,80098.1,80150.0,79317.6,79798.0,93.89655436,8233
1763640000,79798.0,80128.3,77879.1,77894.5,278.25314882,11207
1763654400,77894.5,77910.8,74587.2,75245.8,724.966643,26144
1763668800,75253.1,76448.0,74801.0,75034.4,199.36690873999999,11607
1763683200,75034.4,75765.0,73959.0,74360.1,64.09257682,5294
1763697600,74360.1,74762.6,70808.4,72731.7,288.58977895,16384
1763712000,72731.7,73284.5,70810.0,71437.8,559.30613191,23463
1763726400,71449.3,74383.6,70015.7,72041.5,457.36865431,21359
1763740800,72041.4,74303.9,71503.2,73121.3,237.2138468,14277
1763755200,73118.1,74138.8,72500.0,73930.5,113.83310949,8739
1763769600,73929.6,74285.0,73203.0,73369.1,37.49193465,2601
1763784000,73369.1,73631.4,72810.9,73462.3,31.76660819,5024
1763798400,73462.3,73462.3,72606.9,73073.9,80.28501211,7179
1763812800,73073.7,73659.1,72689.1,73240.8,68.58613027,8065
1763827200,73241.5,73741.7,73198.7,73498.9,44.40744106,6233
1763841600,73498.9,74000.0,73208.7,73599.9,70.83292011,5620
1763856000,73600.0,74999.9,73559.2,74984.9,103.86347558,3097
1763870400,74984.9,75469.5,74263.5,74592.6,77.7351039,3876
1763884800,74571.9,75270.0,74571.8,75082.1,146.5340779,7306
1763899200,75082.1,75891.0,75082.0,75760.5,141.95786791,8708
1763913600,75756.9,76227.3,75276.5,75992.6,155.23983216,8577
1763928000,75992.7,76612.4,75389.3,75483.9,134.3923224,7288
1763942400,75483.9,76487.0,74714.1,75966.3,54.89510801,3281
1763956800,75966.3,76218.9,75086.1,75600.0,34.98327528,5369
1763971200,75600.0,75600.0,74285.0,74734.8,293.13215857,10405
1763985600,74734.8,75235.4,73961.0,75093.4,335.23578648,12217
1764000000,75093.4,77080.6,75093.3,76642.8,197.59326993,11382
1764014400,76642.7,77432.0,76615.1,76653.2,110.10572086,8812
1764028800,76653.2,76653.2,75890.7,76201.1,67.28250777,2885
1764043200,76201.1,76872.4,75821.0,75860.0,85.03772261,5491
1764057600,75860.0,76037.2,75182.9,75820.0,96.07469301,8271
1764072000,75820.0,76092.2,74500.0,75234.8,140.23463743,12277
1764086400,75244.6,76176.6,74450.0,75037.4,112.8794592,10201
1764100800,75037.4,75917.9,74834.5,75540.2,72.01000794,9353
1764115200,75540.2,76173.3,75069.1,75166.3,41.09011042,2607
1764129600,75166.3,75963.7,75005.1,75963.7,24.79562929,4570
1764144000,75963.7,75963.7,74942.7,75253.1,80.23745515,8185
1764158400,75253.1,75752.6,74606.2,75049.2,121.87177313,11100
1764172800,75049.9,78000.0,75049.8,77660.4,199.92712712,12858
1764187200,77660.5,78220.2,77223.0,78059.6,113.40484841,8941
1764201600,78059.7,79178.0,77700.0,78576.5,69.58060559,3430
1764216000,78576.5,79039.8,78393.8,78940.0,89.01573253,5762
1764230400,78940.0,79439.6,78802.7,78910.4,172.33910017,10122
1764244800,78917.1,78965.6,78050.1,78490.1,117.36263035,12180
1764259200,78490.1,79207.0,78406.0,79000.0,109.23367416,9968
1764273600,79000.1,79000.1,78630.0,78763.2,67.49171583,8604
1764288000,78763.3,78863.4,78264.8,78744.7,55.52797561,2976
1764302400,78744.7,79183.0,78469.6,78544.8,56.02867137,5931
1764316800,78544.8,79632.0,78523.5,79120.1,130.2936382,10907
1764331200,79120.1,80449.9,79059.9,79658.1,154.06695642,14347
1764345600,79658.1,79669.4,77868.7,78613.6,152.39457427,11728
1764360000,78613.6,78705.1,78300.0,78470.1,40.80667909,8387
1764374400,78470.1,78610.4,78162.8,78252.8,14.34270939,2682
1764388800,78252.8,78472.1,78000.0,78171.3,17.83236498,2744
1764403200,78174.7,78318.1,78058.4,78292.1,30.4893205,6745
1764417600,78284.6,78662.9,78167.7,78633.6,34.10609421,6462
1764432000,78633.7,78712.4,77900.0,78275.7,31.12866221,6979
1764446400,78273.8,78599.9,78067.1,78383.2,49.74524222,6018
1764460800,78383.3,78598.0,78149.9,78480.0,6.94990472,2108
1764475200,78480.0,78588.5,78287.3,78536.9,8.80895341,3019
1764489600,78538.4,79105.1,78535.4,78611.1,50.25662059,7148
1764504000,78611.2,79374.1,78579.0,78927.7,40.1205372,7932
1764518400,78931.5,79300.0,78729.2,78917.7,48.13460372,9304
1764532800,78917.7,79073.4,77940.0,77940.1,66.06463261,10548
1764547200,77940.1,77971.1,74350.0,74500.1,184.0832033,9542
1764561600,74500.1,74599.0,73833.1,74588.9,181.0098017,12782
1764576000,74589.7,74887.7,74074.7,74094.2,136.60146723,16562
1764590400,74094.2,74541.3,72150.0,72779.0,297.86751164,21441
1764604800,72779.0,73611.0,72300.0,73255.3,195.4943532,18041
1764619200,73255.4,74811.3,73242.5,74358.1,108.09121136,10579
1764633600,74350.8,75227.1,74257.0,74904.2,18.6349582,3739
1764648000,74904.2,75176.9,74812.8,74964.0,39.92947065,6854
1764662400,74964.0,75450.0,74415.9,75280.0,100.68414961,13150
1764676800,75280.1,78500.1,74962.6,78288.3,276.93678933,17762
1764691200,78288.3,79475.0,77750.1,79104.5,199.90244833,19428
1764705600,79104.6,79179.2,78082.2,78508.7,107.93823903,10954
1764720000,78520.2,79919.9,78303.1,79635.1,43.34901716,3555
1764734400,79635.1,80694.2,79593.0,79937.6,110.85896641,6651
1764748800,79928.1,80100.0,79504.2,79782.8,108.10634235,10902
1764763200,79782.9,80283.0,78659.9,79260.9,169.74713214,15568
1764777600,79260.7,80155.5,78734.2,79722.5,77.54901163,13028
1764792000,79722.6,80678.4,79569.2,80116.0,118.81933264,11876
1764806400,80116.0,80672.4,79450.0,80265.3,51.07827768,3657
1764820800,80265.3,80283.8,79555.6,80097.4,29.17392575,5823
1764835200,80097.4,80207.0,79490.0,79648.9,67.34577919,16212
1764849600,79649.0,79899.0,78725.0,79733.6,130.60306076,14669
1764864000,79733.6,79900.0,78074.7,78967.2,116.34142136,10927
1764878400,78967.3,79718.0,78734.6,79131.3,105.79871443,7086
1764892800,79131.4,79589.1,79013.0,79176.2,36.72799484,3353
1764907200,79176.2,79336.8,78857.1,79133.3,19.48204116,4280
1764921600,79133.3,79133.3,78156.6,78499.5,78.43576795,7675
1764936000,78499.5,78593.4,77141.3,77714.7,114.96492208,9858
1764950400,77730.0,77736.5,75782.4,77072.9,147.43856162,12123
1764964800,77072.9,77158.4,76500.1,76823.9,35.04872303,7739
1764979200,76823.8,77215.7,76620.0,77153.4,16.17987412,2604
1764993600,77153.4,77200.0,77000.0,77088.2,10.92730659,2586
1765008000,77088.3,77170.1,76750.8,77095.7,27.59361412,4785
1765022400,77095.7,77600.0,76953.5,77170.4,71.53928596,5854
1765036800,77170.4,77379.3,76750.7,76891.0,45.69437234,6376
1765051200,76891.3,77036.2,76540.0,76756.5,21.30401309,4046
1765065600,76760.6,77176.1,76701.1,77163.3,22.39370744,2407
1765080000,77163.3,77225.4,76727.9,76876.3,6.8387411799999995,2239
1765094400,76880.1,77010.3,76529.0,76664.7,38.05504081,5597
1765108800,76664.7,77121.1,75444.0,77016.3,53.93135089,7766
1765123200,77016.3,78903.1,76642.7,78544.1,118.67084181999999,7875
1765137600,78544.1,78629.8,76477.0,77693.9,69.92243831,6012
1765152000,77693.9,78700.0,77251.5,78214.3,26.28676541,2361
1765166400,78214.3,78787.0,78152.2,78561.6,33.51132516,6026
1765180800,78561.7,79179.0,78472.8,78967.3,130.08710382,11552
1765195200,78967.3,79063.8,77156.6,77440.2,134.38064353000001,9384
1765209600,77440.3,77867.3,77148.0,77470.6,65.85960135,9242
1765224000,77476.6,78576.7,77476.6,77897.7,47.1420588,6348
1765238400,77897.7,78078.9,77155.6,77672.8,11.44860343,2217
1765252800,77672.8,77805.7,76861.6,77753.1,51.55243577,5093
1765267200,77754.5,77868.1,77255.1,77659.7,78.37952317,7739
1765281600,77659.7,79866.0,77407.0,79671.3,138.42036353,8717
1765296000,79725.0,81288.3,79724.9,80635.0,334.49903882,10394
1765310400,80635.0,80640.8,79332.9,79672.3,66.38277916,7093
1765324800,79669.4,79760.4,79150.0,79446.5,11.53444201,1984
1765339200,79446.5,79747.5,79433.2,79652.2,20.32913382,3614
1765353600,79660.9,80173.5,78900.0,79202.8,94.8040259,7340
1765368000,79202.8,79325.3,78718.2,79098.7,135.7623291,6407
1765382400,79108.2,79909.4,78663.0,79653.6,155.221785,7071
1765396800,79652.6,80839.8,78625.0,78662.6,117.16612964,5919
1765411200,78679.5,78724.0,76516.8,76926.1,90.13851983,4893
1765425600,76926.0,77493.1,76783.6,77240.6,91.61378293,5041
1765440000,77245.7,77448.4,76900.0,77068.9,144.59989713,6967
1765454400,77069.0,77200.0,76101.0,76506.8,107.7364966,7379
1765468800,76499.6,77943.1,76025.3,77393.9,127.56506785,6430
1765483200,77405.4,79729.4,77374.6,78818.1,148.29416864,5139
1765497600,78835.1,79057.7,77931.7,78686.6,16.35962429,2124
1765512000,78686.6,78992.1,78502.3,78770.4,20.46602462,3459
1765526400,78770.4,78985.4,78539.1,78845.9,42.25389321,5418
1765540800,78845.2,78945.0,76531.5,76634.8,115.83865917,7097
1765555200,76655.1,77287.8,76333.8,76868.4,196.28717397,7462
1765569600,76867.0,77060.2,76600.1,76952.1,48.25137153,3578
1765584000,76952.1,77097.1,76825.0,77003.3,9.04081865,1765
1765598400,77004.7,77071.5,76948.9,77024.1,11.33623981,2314
1765612800,77024.1,77254.9,76973.0,77015.8,26.7451159,3805
1765627200,77015.5,77129.3,76667.7,76810.4,24.190444630000002,4456
1765641600,76810.4,76917.7,76696.6,76866.0,18.51702859,4544
1765656000,76863.3,76955.2,76502.0,76952.2,15.31317732,3767
1765670400,76952.2,77116.4,76850.0,76932.4,7.2436766299999995,1724
1765684800,76932.3,76985.5,76776.5,76954.2,7.92236727,2075
1765699200,76954.0,76984.9,75642.1,76200.0,138.98817093,6417
1765713600,76200.1,76451.6,75768.3,75874.0,68.16496513,5212
1765728000,75874.0,76181.6,75431.7,75552.5,63.37618002,7206
1765742400,75554.8,75712.4,74632.8,75132.6,100.67402059,8082
1765756800,75132.7,76718.9,75100.0,76101.2,26.697896319999998,3048
1765771200,76108.6,76649.8,76098.6,76523.5,27.44375419,6088
1765785600,76523.1,76670.8,76270.8,76323.1,85.971502,8774
1765800000,76325.0,76437.5,73667.0,74009.7,242.35923848,14146
1765814400,74005.9,74147.5,72544.4,73331.5,306.45836038,15680
1765828800,73331.5,73584.9,72803.8,73545.2,106.08759541,8988
1765843200,73545.2,73600.0,72673.2,73071.8,38.45226165,3436
1765857600,73071.8,73699.0,72557.2,73189.2,82.68792947,5721
1765872000,73192.9,74265.8,73127.3,74200.1,124.22064351,8985
1765886400,74200.1,74875.5,73026.5,74739.2,367.14094941,9025
1765900800,74737.3,74862.6,74017.4,74514.8,95.53783016,6574
1765915200,74500.0,74845.7,74300.0,74758.5,52.88354445,4335
1765929600,74760.0,74800.0,74255.1,74277.0,12.79816149,2217
1765944000,74277.0,74450.0,73500.0,74312.7,62.37110186,4793
1765958400,74310.1,74370.4,73592.1,74236.4,303.4749683,7335
1765972800,74236.4,76875.6,74021.0,74260.8,353.4443569,10533
1765987200,74192.7,74629.2,72558.1,73216.6,160.40063779,8527
1766001600,73216.3,73582.3,72912.2,73423.0,43.51852151,5510
1766016000,73408.9,73943.5,73109.8,73735.3,22.64925187,2646
1766030400,73735.3,73978.8,73536.0,73966.2,31.732167360000002,4009
1766044800,73958.7,74578.9,73853.9,74391.4,101.71846069,6366
1766059200,74391.4,76125.0,74321.2,75412.4,221.63094081,6919
1766073600,75416.1,75430.8,72029.9,72040.8,231.73606511,9272
1766088000,72040.9,73191.4,72000.0,72898.4,84.36543228,6264
1766102400,72895.3,74651.8,72585.3,74038.4,37.3258319,2769
1766116800,74083.5,75400.0,73916.7,75081.3,51.79234494,4088
1766131200,75076.5,75443.9,74865.1,75258.2,72.22556075,5697
1766145600,75267.5,76239.2,74571.1,75070.8,154.11990163000002,7353
1766160000,75054.2,75809.7,74092.6,74890.4,168.29466519,5651
1766174400,74890.4,75461.9,74705.1,75232.1,38.19333486,3802
1766188800,75232.1,75390.9,75066.9,75286.4,12.12815439,1786
1766203200,75286.4,75552.1,75194.2,75348.1,36.61960785,2064
1766217600,75348.1,75492.9,75232.9,75359.6,33.23453176,3799
1766232000,75359.7,75389.9,74977.0,75266.7,39.02203668,3948
1766246400,75266.7,75447.4,75200.1,75309.8,21.58511832,3097
1766260800,75309.6,75499.9,75250.0,75433.1,21.45968843,2584
1766275200,75433.1,75488.0,75047.5,75201.5,21.39298352,1582
1766289600,75201.5,75310.9,75179.9,75254.9,6.46870453,1782
1766304000,75255.0,76038.5,75254.9,75643.8,54.43938817,4415
1766318400,75643.8,75900.0,74805.0,75157.0,38.57426446,4185
1766332800,75157.1,75596.7,75086.7,75531.7,28.49102322,3377
1766347200,75531.7,75759.8,75119.4,75665.3,35.17003938,2902
1766361600,75672.7,76431.2,75011.0,75733.5,40.21194123,3317
1766376000,75733.5,76093.5,75677.0,76000.8,28.86995542,3834
1766390400,76000.8,76767.6,75927.9,76644.9,134.2534427,8015
1766404800,76644.9,77132.8,75850.0,76257.3,222.21960659,8442
1766419200,76257.3,76611.6,74817.2,74897.3,99.28660518,5780
1766433600,74877.0,75479.5,74785.0,75280.2,53.44121705,4354
1766448000,75283.3,75538.1,74537.3,74854.7,19.56619363,2296
1766462400,74844.1,75009.2,73935.0,74308.4,41.8782802,4782
1766476800,74308.4,74478.9,74018.3,74448.5,85.92325128,6562
1766491200,74452.3,74553.0,73569.4,74232.1,149.27339998,7394
1766505600,74237.5,74892.9,74040.0,74406.6,85.59790024,5253
1766520000,74395.1,74892.8,73910.1,74112.9,103.43491264,3679
1766534400,74113.0,74390.6,73642.1,74050.1,150.31517061,2541
1766548800,74052.1,74156.0,73480.9,73682.1,39.32391236,3434
1766563200,73682.2,74018.3,73436.5,73912.9,138.73775597,6089
1766577600,73912.9,74159.2,73333.1,73859.1,119.75737002,5435
1766592000,73865.3,74382.0,73788.0,74268.9,45.41516449,3681
1766606400,74268.9,74690.8,74267.3,74393.7,112.52592565,2935
1766620800,74393.7,74620.5,74280.0,74545.4,5.09668379,1808
1766635200,74546.1,74551.4,74390.6,74532.9,10.55159653,2100
1766649600,74533.0,74586.0,74039.3,74249.0,67.46538437,3712
1766664000,74249.0,75100.0,74163.3,74900.0,85.3948588,3566
1766678400,74955.9,75048.0,74624.7,74775.2,111.47824378,3340
1766692800,74774.2,74794.9,73789.0,74004.6,174.03583514,4155
1766707200,73998.4,75767.9,73669.5,75289.5,305.42943098,5673
1766721600,75296.7,75962.8,75009.3,75077.2,79.31267956,2782
1766736000,75077.2,75449.9,75049.1,75126.9,114.12575458,3880
1766750400,75127.0,75498.9,73500.0,73928.3,276.11331246,6466
1766764800,73940.0,74870.0,73779.5,74277.9,115.70396605,4524
1766779200,74277.9,74487.9,74160.0,74171.2,30.01845804,2994
1766793600,74171.2,74316.3,74048.8,74303.2,9.89922327,1650
1766808000,74303.3,74450.0,74232.8,74338.7,11.08344494,2031
1766822400,74338.8,74431.2,74200.1,74264.8,26.29080669,3608
1766836800,74264.8,74340.8,74138.7,74300.0,26.71312438,3148
1766851200,74309.7,74323.7,74222.2,74305.0,23.12090712,3342
1766865600,74308.0,74633.0,74278.4,74557.3,38.18586369,2936
1766880000,74560.0,74616.1,74419.3,74445.8,6.98916289,1502
1766894400,74442.2,74507.9,74337.9,74421.0,7.26550216,2023
1766908800,74421.0,74633.0,74420.9,74515.0,33.77993722,3556
1766923200,74515.0,74750.3,74459.7,74500.1,105.26740384,3332
1766937600,74500.1,74554.9,74200.0,74200.0,81.54213942,3691
1766952000,74197.9,74674.3,74124.6,74579.0,35.31848196,3125
1766966400,74579.0,76400.0,74489.8,76392.3,69.91663008,4150
1766980800,76392.3,76655.3,75866.4,75959.7,69.82437495,5739
1766995200,75959.7,76108.5,74316.7,74347.3,129.40390015,10460
1767009600,74347.3,74780.9,73730.1,74424.6,194.23906273,7645
1767024000,74431.6,74773.1,74168.8,74168.9,91.44208968,4846
1767038400,74168.9,74320.0,73871.8,74020.0,44.40833805,4524
1767052800,74020.0,74160.6,73695.0,74109.4,34.95941191,1943
1767067200,74109.4,74301.1,73921.4,74257.2,27.44615516,3665
1767081600,74253.1,74850.0,74249.5,74618.6,108.87663707,7340
1767096000,74618.6,75739.0,74573.8,75631.4,206.03769291,7034
1767110400,75631.5,75939.0,74816.8,75036.8,113.29224575,5004
1767124800,75036.8,75320.1,74736.4,75262.2,85.11343403,3825
1767139200,75247.0,75539.0,74914.0,75222.0,59.78899339,2034
1767153600,75222.0,75423.1,75176.7,75387.9,14.54923527,2991
1767168000,75387.9,75700.0,75266.9,75700.0,104.53503929,5698
1767182400,75700.0,75857.9,74733.1,74800.1,124.84771715,6405
1767196800,74800.1,74862.3,74401.0,74425.1,137.01367325,5800
1767211200,74408.7,74600.0,74153.0,74500.1,204.01838958,3659
