1704067200,42241.1,42723.0,42241.1,42332.0,231.14039485,2719
1704081600,42328.1,42497.6,42215.7,42471.1,59.51063427,1528
1704096000,42471.2,42756.3,42466.0,42686.1,106.55867014,1481
1704110400,42686.1,42817.9,42587.9,42799.1,163.57551989,2026
1704124800,42799.1,43555.1,42692.9,43533.6,806.10857103,5660
1704139200,43533.7,44187.5,43204.4,44180.8,1092.53873881,6474
1704153600,44180.8,45499.3,44113.2,45421.0,2649.58276062,14691
1704168000,45421.0,45537.0,45165.5,45520.1,822.84187407,7131
1704182400,45520.1,45913.4,45218.2,45450.0,652.24860851,6863
1704196800,45455.0,45845.3,44696.0,45213.6,1052.32914135,7752
1704211200,45218.8,45412.6,44835.8,45060.0,554.08987431,4686
1704225600,45050.2,45268.0,44650.1,44972.0,734.12906369,4887
1704240000,44975.4,45400.0,44883.0,45286.3,259.77726381,3000
1704254400,45286.4,45397.3,45000.0,45058.9,197.38563319,2783
1704268800,45037.3,45509.3,43556.0,43747.8,1217.74380025,7979
1704283200,43749.8,43944.0,39501.0,43000.0,3890.0665298501,30758
1704297600,43000.0,43584.7,42100.0,42622.1,1131.21217096,9883
1704312000,42615.8,42973.7,42582.3,42849.5,310.95170627,5067
1704326400,42849.5,43246.5,42682.0,43144.1,279.87323628,4511
1704340800,43144.1,43295.4,42810.9,42820.9,252.04977202,3889
1704355200,42820.9,43272.5,42749.5,43217.9,343.7676484,4010
1704369600,43217.9,44312.9,43159.4,44118.5,969.04377481,7962
1704384000,44118.5,44493.4,43825.0,44026.2,819.66990082,7041
1704398400,44026.3,44784.9,43963.1,44211.9,801.2563198,7291
1704412800,44210.0,44296.9,42480.0,43500.6,1117.99075316,9906
1704427200,43498.0,43947.4,43274.0,43831.7,376.03303216,4485
1704441600,43831.7,44295.0,43550.0,43800.0,384.7369926,5067
1704456000,43800.1,44135.8,43259.5,43528.5,490.62090127,6172
1704470400,43528.5,43805.4,43152.2,43632.4,336.99850769,5362
1704484800,43634.6,44365.0,43632.6,44179.9,667.27403114,6208
1704499200,44179.9,44241.8,43884.8,43988.0,116.79891454,2762
1704513600,43988.0,43988.0,43451.0,43708.0,275.78364032,3137
1704528000,43708.0,43783.5,43611.7,43683.5,87.35258718,1748
1704542400,43683.6,43947.7,43605.0,43893.6,113.5823881,2530
1704556800,43896.9,44161.2,43864.9,43938.1,145.49637525,3133
1704571200,43938.1,44000.0,43753.3,43960.0,256.55052169,2886
1704585600,43960.0,44270.3,43900.1,43970.5,143.97659426,2587
1704600000,43970.6,44110.4,43900.1,44105.6,107.46148163,1965
1704614400,44105.6,44189.5,43935.3,44077.9,151.85862174,1832
1704628800,44075.5,44483.9,43963.1,44094.1,443.04192538,4145
1704643200,44094.1,44259.3,43758.1,44258.6,303.84381724,3970
1704657600,44258.6,44275.8,43648.1,43915.9,399.43054887,4635
1704672000,43915.9,43960.0,43236.2,43540.0,581.34750561,5794
1704686400,43540.0,44224.0,43208.5,43975.0,1285.58956469,8106
1704700800,43975.0,44750.0,43937.6,44673.4,308.67732477,2000
1704715200,44675.1,45338.7,44232.7,45042.1,1389.0440522,10138
1704729600,45015.0,47306.6,44858.0,47039.9,2632.10165785,18383
1704744000,47039.9,47224.0,46715.6,46989.4,648.20723289,8370
1704758400,46989.5,47171.8,45793.2,46967.4,2168.08642221,13003
1704772800,46967.4,46984.3,46604.1,46851.9,565.34608218,4512
1704787200,46852.0,46880.9,46359.0,46644.1,481.04471187,4338
1704801600,46644.0,47045.5,44500.0,46867.8,1310.87106751,11683
1704816000,46871.3,46962.6,46527.2,46894.6,383.68970793,5871
1704830400,46894.6,47988.0,44828.1,46128.7,3580.2217579401,22841
1704844800,46128.7,46247.0,45644.9,46138.3,712.49761218,6330
1704859200,46138.3,46194.9,45799.5,45799.5,157.1393629,3623
1704873600,45799.6,45868.6,45006.0,45537.5,513.09524276,6343
1704888000,45537.6,45656.8,44331.8,45550.0,1358.84034134,11094
1704902400,45551.7,46763.2,45247.2,46513.9,1797.02855938,12918
1704916800,46514.0,47699.6,44911.0,46664.8,3754.8234888002,25715
1704931200,46678.1,46780.0,46280.0,46518.9,533.35522562,7131
1704945600,46519.0,46519.0,45676.6,46105.1,748.46756806,6503
1704960000,46105.1,47164.0,46081.9,47075.9,505.16151178,6731
1704974400,47076.0,49000.0,46400.0,46734.1,3252.2725195501,25658
1704988800,46739.2,46984.4,45619.1,46709.8,1601.46644434,13025
1705003200,46709.7,46983.5,46088.2,46350.4,767.82241909,7512
1705017600,46350.4,46500.0,45906.5,46005.3,319.76891223,4793
1705032000,46002.1,46357.5,45800.0,45998.3,669.25237666,5362
1705046400,45998.3,46235.6,45550.0,45962.2,500.70769954,5604
1705060800,45962.5,46100.1,44276.5,44399.0,2265.29577891,14667
1705075200,44399.0,44595.6,43201.0,43433.0,3295.8668020501,17908
1705089600,43426.4,43984.1,41476.0,42800.1,2375.96119253,18376
1705104000,42800.1,42969.1,42459.8,42606.0,338.33533428,5681
1705118400,42606.1,43215.4,42558.3,43103.4,274.91786961,4690
1705132800,43103.4,43230.0,42549.7,42604.8,266.20018989,3850
1705147200,42604.8,43228.0,42509.1,43165.5,336.46548446,3907
1705161600,43150.1,43176.0,42720.6,42792.3,328.00687976,4304
1705176000,42792.3,43025.1,42725.0,42827.9,175.23456817,3405
1705190400,42827.9,42876.3,42652.6,42669.7,323.98395335,3860
1705204800,42670.2,43050.0,42566.9,43003.7,456.13120758,3524
1705219200,43003.8,43055.0,42797.4,42807.5,98.33097956,2651
1705233600,42811.0,42991.1,42750.0,42909.7,125.23564816,2848
1705248000,42912.7,43011.2,42648.7,42648.8,604.9930908,4118
1705262400,42648.8,42720.3,41717.0,41719.1,1196.80779687,8082
1705276800,41717.1,42632.8,41700.0,42550.0,469.48874065,4106
1705291200,42550.0,42820.1,42500.4,42698.7,199.40865334,2950
1705305600,42698.7,42744.8,42539.0,42687.2,103.87374027,2409
1705320000,42687.2,42909.6,42145.5,42254.5,486.11649066,4016
1705334400,42254.6,43318.0,42249.7,42960.3,739.80578056,6124
1705348800,42960.3,43076.1,42364.4,42506.4,409.27491496,4265
1705363200,42499.3,42888.0,42449.6,42888.0,170.96562419,3218
1705377600,42888.0,42899.9,42600.0,42740.1,213.67043638,2549
1705392000,42740.2,43090.1,42675.9,42837.3,180.961883,2804
1705406400,42837.4,43309.8,42042.1,43223.9,937.21640935,6578
1705420800,43235.0,43434.7,42832.1,43156.5,416.76033074,5277
1705435200,43150.2,43568.3,43089.0,43134.7,444.11534389,5923
1705449600,43134.7,43165.0,42848.0,42848.0,228.77239033,4170
1705464000,42848.1,42899.9,42628.3,42631.3,160.32508787,2948
1705478400,42631.4,42807.7,42534.6,42663.9,155.65006735,3011
1705492800,42663.9,42881.1,42379.4,42471.6,620.08207829,4166
1705507200,42465.2,42699.8,42190.2,42585.5,641.04554974,4399
1705521600,42585.5,42811.6,42439.4,42747.8,276.67180337,3255
1705536000,42746.1,42751.2,42495.5,42550.7,144.62410931,2144
1705550400,42550.7,42877.0,42550.7,42862.2,131.91706663,1649
1705564800,42862.4,42871.1,42379.4,42509.8,182.4868625,2225
1705579200,42510.3,42740.0,42334.1,42586.4,245.58150479,3026
1705593600,42586.5,42586.5,40800.0,40957.2,1724.66760038,11876
1705608000,40957.1,41338.7,40625.0,41264.7,1002.61435495,7170
1705622400,41264.8,41320.9,40723.6,41000.0,451.77792773,3734
1705636800,41000.0,41535.3,40999.9,41229.8,591.4573137,3575
1705651200,41229.8,41476.8,41102.0,41437.7,247.87246629,2630
1705665600,41436.2,41446.9,40700.1,40857.7,532.77809639,4278
1705680000,40857.7,41900.0,40255.0,41766.7,1273.15133796,8831
1705694400,41766.8,42140.3,41508.7,41611.9,483.61889776,4069
1705708800,41611.9,41655.0,41462.9,41603.0,163.22517656,2142
1705723200,41603.0,41746.9,41543.9,41650.0,86.80265188,1569
1705737600,41650.1,41650.1,41453.0,41545.5,70.66872994,1541
1705752000,41545.5,41650.0,41450.0,41541.0,106.16516276,1520
1705766400,41541.4,41541.4,41541.4,41541.4,0.00104732,3
1705780800,41598.0,41800.0,40000.0,41650.0,401.16529485,3479
1705795200,41649.9,41700.0,41600.0,41658.9,228.25555403,1949
1705809600,41657.1,41659.5,41544.9,41623.2,74.96436976,1388
1705824000,41623.2,41797.7,41623.2,41696.8,73.03199027,1097
1705838400,41696.9,42260.0,41610.0,41647.0,225.70160747,1984
1705852800,41647.1,41705.3,41514.2,41700.0,195.7283865,2339
1705867200,41700.0,41762.6,41482.8,41554.7,96.21981724,2245
1705881600,41554.8,41654.2,41049.2,41168.5,293.44128956,3253
1705896000,41168.6,41262.5,40640.7,40979.9,382.02383291,3801
1705910400,40979.9,40990.1,40369.8,40801.1,324.57222383,4073
1705924800,40801.1,41160.5,40333.3,40699.9,683.15265582,5102
1705939200,40700.0,40823.0,39410.9,39785.0,1315.37186019,11083
1705953600,39786.5,40300.0,39435.1,39510.0,1098.00288772,7859
1705968000,39510.0,40076.6,39447.5,39949.9,462.92524013,3609
1705982400,39950.0,40100.0,39644.5,39700.3,196.55623856,2405
1705996800,39730.7,39787.2,38625.8,38803.2,1096.33067822,8589
1706011200,38803.3,39388.0,38518.0,39169.2,620.44984924,6672
1706025600,39169.2,39579.1,38912.8,39136.8,560.55674524,5174
1706040000,39136.9,39844.0,39000.2,39844.0,446.78519246,4570
1706054400,39844.0,40220.6,39557.7,39569.8,337.93127994,3783
1706068800,39569.9,40100.8,39557.7,39939.3,264.35592503,2598
1706083200,39939.3,40492.3,39858.0,40180.7,582.80559801,3799
1706097600,40180.8,40253.1,39759.7,40032.3,433.78592005,4601
1706112000,40032.3,40171.6,39600.0,39796.6,483.91201526,4085
1706126400,39796.6,40145.0,39451.1,40069.8,352.35246676,3808
1706140800,40069.8,40154.2,39920.4,40013.3,71.65760946,2113
1706155200,40013.3,40083.9,39788.0,40083.8,178.00612069,2658
1706169600,40083.9,40261.7,39955.9,40149.8,208.1162644,2247
1706184000,40149.9,40249.2,39645.0,39813.2,508.74084746,3233
1706198400,39813.2,39987.3,39556.2,39962.0,276.90695747,3676
1706212800,39962.0,39962.0,39631.2,39924.8,222.36246646,2687
1706227200,39924.8,40181.1,39810.4,40050.1,206.80967052,2292
1706241600,40050.1,40173.0,39915.4,39965.1,355.51128712,1923
1706256000,39965.1,41457.4,39965.1,41277.6,864.9431123,5604
1706270400,41277.5,41550.0,40910.0,41397.9,765.29069242,5987
1706284800,41397.9,42174.9,41390.8,42058.2,922.21303874,7787
1706299200,42058.2,42213.6,41803.2,41814.2,300.8078709,3664
1706313600,41814.3,41923.7,41713.0,41824.6,192.59793694,2550
1706328000,41824.6,41860.0,41602.1,41691.1,117.52759453,1925
1706342400,41691.2,41782.6,41399.9,41759.0,392.33905709,2279
1706356800,41759.1,41900.0,41729.2,41831.2,277.02382877,1921
1706371200,41831.2,41966.5,41765.6,41932.9,119.35889144,2204
1706385600,41932.9,42194.3,41932.9,42126.3,200.75511755,2594
1706400000,42126.3,42236.2,41977.0,42236.1,228.53814085,2327
1706414400,42236.2,42800.0,42236.2,42385.9,410.58282836,4080
1706428800,42386.0,42685.1,42340.0,42473.0,324.80933295,2186
1706443200,42473.0,42513.9,42175.6,42277.1,355.21684023,2456
1706457600,42277.1,42337.8,41758.4,41787.2,213.0250838,3028
1706472000,41784.6,42054.8,41651.2,42024.9,163.10571131,2773
1706486400,42025.0,42485.0,41907.5,42335.2,161.16582964,3037
1706500800,42335.2,42335.2,41992.1,42050.4,133.9721126,2127
1706515200,42050.4,42374.7,41955.0,42227.0,152.43894851,1829
1706529600,42227.0,42620.0,41817.8,42609.8,402.35479329,3877
1706544000,42609.9,43299.0,42529.7,42990.1,787.84751588,7946
1706558400,42990.2,43333.0,42990.2,43269.5,315.44142804,3747
1706572800,43272.7,43779.5,43158.4,43497.9,547.11665541,4751
1706587200,43498.0,43543.4,43289.6,43350.8,176.97576911,2097
1706601600,43350.9,43551.2,43299.9,43549.8,392.18597963,2156
1706616000,43545.0,43857.2,43122.0,43362.6,593.07210272,4721
1706630400,43369.6,43570.0,43253.3,43551.0,313.68627448,3755
1706644800,43551.0,43750.0,42716.0,42956.0,426.26560041,5399
1706659200,42956.0,43108.2,42674.3,42936.4,495.92964913,3304
1706673600,42936.5,43047.8,42871.3,43047.1,113.99210401,1895
1706688000,43047.1,43049.5,42350.5,42628.3,300.1256935,3045
1706702400,42628.3,43427.6,42506.6,43349.2,645.72452767,4657
1706716800,43349.3,43742.3,43059.3,43326.2,586.19723542,5196
1706731200,43326.3,43326.3,42300.1,42551.7,700.71434118,4903
1706745600,42551.7,42622.0,41888.0,42000.0,395.5264091,4047
1706760000,41994.1,42232.6,41882.5,42175.4,177.33488713,2304
1706774400,42175.4,42292.4,42039.0,42050.3,224.42407727,2082
1706788800,42050.3,42900.0,41931.2,42532.7,484.0687301,3895
1706803200,42517.0,43250.0,42379.4,43200.0,1085.8442072,5424
1706817600,43200.0,43243.8,42872.7,43075.2,305.4832307,3329
1706832000,43075.3,43400.0,43011.6,43035.3,256.99120289,2692
1706846400,43035.3,43235.6,42933.3,43093.0,295.68641434,2157
1706860800,43093.1,43134.9,42950.0,43134.9,116.79061693,1678
1706875200,43134.9,43195.2,42546.6,43193.1,355.26153408,4059
1706889600,43193.2,43431.5,42806.0,43054.1,737.27452781,4589
1706904000,43054.1,43201.0,42903.1,43185.9,424.69033555,2918
1706918400,43185.9,43345.2,43131.8,43168.3,90.14493719,2300
1706932800,43168.3,43188.5,43060.1,43060.1,60.47497019,1621
1706947200,43060.2,43103.1,42995.1,42995.2,75.67023771,1131
1706961600,42995.2,43145.0,42900.1,43106.6,131.86221987,1678
1706976000,43106.7,43250.3,43015.0,43018.2,111.88398195,2128
1706990400,43018.2,43068.5,42970.6,42982.8,56.17651907,1619
1707004800,42982.8,43043.3,42895.1,43025.2,52.92303981,1622
1707019200,43025.2,43025.2,42740.2,42809.9,134.95648703,1759
1707033600,42810.0,43086.4,42738.6,43045.3,107.14988955,1342
1707048000,43045.4,43091.1,42850.0,42919.9,40.78501857,1286
1707062400,42920.0,42920.9,42601.0,42636.0,118.64219899,2093
1707076800,42636.0,42926.0,42232.8,42591.4,179.36791968,2681
1707091200,42591.3,42686.5,42250.9,42686.4,113.72269724,2137
1707105600,42686.5,43099.9,42607.5,43033.2,299.49646305,2230
1707120000,43033.2,43199.0,42920.9,43160.7,137.97143608,2335
1707134400,43160.7,43489.0,42550.0,42587.2,497.46688367,4998
1707148800,42587.3,42811.8,42460.0,42719.7,307.83034148,3943
1707163200,42719.8,42755.2,42320.0,42650.0,228.41332151,4430
1707177600,42650.0,42900.4,42530.3,42822.0,183.79244794,2710
1707192000,42822.0,42857.7,42628.3,42853.1,50.29825352,2135
1707206400,42853.2,43044.6,42669.2,42789.2,331.83058862,2603
1707220800,42795.0,43235.9,42625.0,43200.0,221.90767772,3333
1707235200,43200.0,43339.7,43013.6,43249.9,377.61370688,4317
1707249600,43250.0,43277.7,43059.0,43085.0,175.48297712,2500
1707264000,43085.0,43322.0,42763.7,42790.0,1219.86151917,3454
1707278400,42790.1,42998.1,42767.7,42882.7,116.06147849,1455
1707292800,42882.7,43155.9,42838.5,42898.5,141.13869919,1605
1707307200,42898.5,43293.9,42890.0,43050.0,209.2694564,2455
1707321600,43050.0,43676.3,43008.0,43603.4,688.10277123,5621
1707336000,43603.4,44362.0,43603.4,44333.6,1393.39902079,8728
1707350400,44333.7,44780.0,44333.7,44525.1,1093.49669318,4879
1707364800,44525.2,44599.3,44414.0,44508.0,224.59826949,2051
1707379200,44508.0,44868.5,44507.9,44682.0,250.3678322,3855
1707393600,44682.0,45468.3,44605.3,45444.8,942.23293543,7715
1707408000,45444.9,45445.0,44903.2,45281.8,650.11555093,5830
1707422400,45281.9,45606.2,45259.9,45329.6,395.73570621,5129
1707436800,45329.6,46374.7,45258.8,46037.9,804.70297565,7196
1707451200,46038.0,46385.8,45851.9,46226.0,648.13548564,4372
1707465600,46226.0,47256.5,46200.3,47176.7,880.59704379,6470
1707480000,47176.8,47690.2,46602.9,47155.0,1676.19540934,11446
1707494400,47155.0,48188.5,47155.0,47539.8,1233.18579081,10080
1707508800,47539.8,47712.4,47064.2,47127.0,450.7178005,5063
1707523200,47127.1,47495.3,47070.5,47409.1,317.1731786,3037
1707537600,47409.1,47453.7,47186.0,47186.9,198.61482915,1707
1707552000,47186.9,47285.6,46900.0,47211.1,304.72721677,2534
1707566400,47211.2,47360.0,47140.5,47359.9,123.79092704,2168
1707580800,47360.0,47632.1,47187.5,47543.1,197.29544648,2893
1707595200,47543.1,48154.0,47490.4,47773.2,464.56377882,6005
1707609600,47766.2,48585.6,47580.9,48550.7,415.66481108,5518
1707624000,48550.8,48590.0,48109.1,48195.6,353.26776863,3964
1707638400,48195.6,48454.8,47955.7,48446.5,163.96973611,3036
1707652800,48446.6,48473.5,47976.0,48148.6,205.17071073,2713
1707667200,48148.6,48399.9,48000.0,48295.9,442.83581685,3340
1707681600,48297.7,48325.0,48020.0,48295.0,206.1665656,2739
1707696000,48295.0,48775.0,48051.0,48174.0,495.04974886,3838
1707710400,48174.1,48369.5,47642.0,48227.9,260.60778618,2968
1707724800,48227.9,48307.4,47750.0,47890.2,182.85525182,2417
1707739200,47890.1,49900.0,47870.0,49900.0,1453.65341411,9686
1707753600,49900.0,50339.5,49430.0,49551.1,1769.04546195,10665
1707768000,49551.1,50247.0,49551.0,49943.7,990.89330093,8113
1707782400,49943.7,50390.2,49759.5,49808.9,594.80691359,4369
1707796800,49809.0,50100.0,49809.0,49995.8,215.80385982,2630
1707811200,49995.9,50232.8,49687.3,50000.0,357.20798234,3171
1707825600,50000.1,50003.0,48240.0,48777.1,1543.86662758,8987
1707840000,48777.1,49289.4,48400.0,49056.3,798.2739797,6486
1707854400,49056.4,49777.0,49056.3,49755.4,476.28653872,4668
1707868800,49750.1,49750.1,49364.0,49517.0,194.74680839,2766
1707883200,49517.0,49900.0,49255.2,49900.0,284.75112054,2485
1707897600,49900.0,51736.4,49800.1,51560.9,1919.38754643,12982
1707912000,51566.7,52136.8,51305.4,51640.4,1308.23248694,12110
1707926400,51640.5,51761.2,51253.0,51699.5,614.40374815,7034
1707940800,51699.6,51935.0,51533.2,51835.1,400.03530604,5789
1707955200,51835.2,52493.0,51821.0,52395.9,570.25262573,8189
1707969600,52396.0,52396.0,51735.0,51829.5,356.41975151,4750
1707984000,51830.0,52500.0,51735.0,52360.9,658.38868392,4759
1707998400,52360.9,52843.0,51554.8,51980.0,969.62296173,8358
1708012800,51980.0,52389.9,51769.3,52081.5,544.49880644,5364
1708027200,52081.5,52081.5,51335.2,51947.1,1096.75538254,8382
1708041600,51947.1,52368.5,51879.0,52319.3,219.48376344,3202
1708056000,52319.3,52389.9,51778.9,51778.9,237.47876219,3011
1708070400,51779.0,52400.0,51625.0,52229.9,427.75640041,3653
1708084800,52230.0,52574.2,51667.5,51888.0,636.3059354,5939
1708099200,51888.0,52272.5,51712.9,51775.3,295.32126215,4803
1708113600,51776.8,52243.6,51744.1,52185.3,251.17545526,3842
1708128000,52185.3,52192.0,51911.8,51991.8,315.50731068,3291
1708142400,51991.8,52047.6,51860.7,51955.1,61.73951013,1511
1708156800,51955.1,51955.1,51453.4,51735.7,214.06365991,2539
1708171200,51735.7,51739.2,50581.2,51004.5,885.72656108,7215
1708185600,51003.8,51446.7,50778.2,51417.2,309.94476536,4033
1708200000,51417.2,52000.1,51343.7,51700.0,324.68975458,3659
1708214400,51700.1,51819.0,51231.1,51488.9,130.31838714,2300
1708228800,51488.9,51737.7,51423.7,51670.8,184.00433519,3501
1708243200,51670.8,52043.4,51670.8,51850.0,425.59676131,2677
1708257600,51849.9,51911.8,51564.2,51792.2,180.8878511,2312
1708272000,51792.3,51995.4,51636.0,51810.1,204.28896002,3587
1708286400,51810.1,52392.1,51615.0,52156.3,522.07997464,5878
1708300800,52157.1,52439.8,51929.9,52065.5,293.49708057,3863
1708315200,52067.7,52475.6,52020.0,52403.3,289.16164452,2832
1708329600,52403.4,52430.7,52128.4,52346.4,301.34702232,2384
1708344000,52346.4,52450.0,52047.6,52127.9,202.63481173,3448
1708358400,52128.0,52225.9,51704.8,51837.0,323.11793803,4571
1708372800,51837.0,52091.3,51737.7,51771.1,220.1565307,3592
1708387200,51771.2,51801.2,51318.4,51585.4,529.44200236,3453
1708401600,51585.5,52004.9,51550.0,51849.8,384.67858465,2262
1708416000,51849.9,52404.4,51601.0,52279.9,587.69947365,3576
1708430400,52280.0,52991.8,51378.2,51706.5,1343.121274,9376
1708444800,51706.5,52098.0,50663.7,52094.2,1086.17137721,7786
1708459200,52092.1,52494.4,51894.7,52270.1,683.62884674,4814
1708473600,52270.1,52359.9,52024.1,52024.1,148.1989681,2500
1708488000,52024.1,52095.3,51522.0,51558.1,313.86142214,2885
1708502400,51558.2,51745.7,50827.9,50970.9,424.27166858,4292
1708516800,50970.8,51436.5,50636.4,51146.5,371.33776287,5841
1708531200,51145.7,51414.9,50688.0,51061.4,461.9899162,6515
1708545600,51062.2,51936.6,50872.7,51866.9,459.96266833,6713
1708560000,51866.9,51866.9,51146.1,51575.4,239.80426779,5281
1708574400,51575.4,51850.0,51340.3,51800.0,102.80851253,3002
1708588800,51800.1,51974.1,51539.4,51607.3,322.87642424,3080
1708603200,51607.4,51671.6,50890.2,51569.9,337.67119935,3993
1708617600,51569.9,51725.3,51420.0,51495.1,217.17115537,3394
1708632000,51495.1,52035.0,51199.1,51300.1,711.26550132,5415
1708646400,51300.1,51472.4,51000.0,51061.0,239.35186694,3231
1708660800,51061.1,51299.1,50910.0,50925.0,215.85767875,2371
1708675200,50925.0,51216.2,50857.5,51204.2,146.0360286,2636
1708689600,51204.2,51308.4,50813.5,50905.4,342.47451283,4472
1708704000,50905.4,51156.0,50668.3,51071.9,341.84109897,4582
1708718400,51072.0,51157.4,50456.0,50739.4,225.22085954,4733
1708732800,50739.4,50896.9,50589.7,50835.0,128.36701512,3115
1708747200,50835.1,51045.2,50834.9,51045.2,99.75981779,1682
1708761600,51045.2,51157.2,50962.0,51093.5,140.51789275,1834
1708776000,51093.6,51111.0,51037.3,51110.9,79.61964513,1821
1708790400,51110.9,51650.0,51110.9,51547.7,407.08410587,4392
1708804800,51547.7,51645.8,51456.0,51554.5,86.91924248,2852
1708819200,51554.5,51855.2,51439.6,51609.8,193.77020005,2659
1708833600,51609.9,51799.9,51533.4,51722.0,61.47759775,1715
1708848000,51722.1,51764.7,51502.1,51641.5,200.75984941,1585
1708862400,51641.5,51758.6,51477.6,51502.9,72.82681575,1868
1708876800,51502.9,51706.6,51300.0,51677.8,166.93475479,2614
1708891200,51670.4,51936.7,51639.8,51733.8,526.27423759,3768
1708905600,51733.8,51759.2,51445.4,51545.1,230.89658618,2988
1708920000,51545.1,51586.3,51301.0,51301.1,219.64747954,2145
1708934400,51301.1,51380.3,50950.0,51107.9,438.5511986,3408
1708948800,51107.9,52862.5,50982.1,52859.4,1104.80126154,8717
1708963200,52859.4,54533.1,52800.1,54533.1,2117.38667062,16637
1708977600,54533.1,54920.0,54266.4,54525.4,1135.86899602,9587
1708992000,54525.4,57109.5,54478.8,55678.4,1735.1896932399,15041
1709006400,55736.1,56469.4,55661.7,56086.5,726.85003505,5830
1709020800,56086.5,56799.9,56081.7,56524.1,465.16165901,5337
1709035200,56524.1,57417.0,56500.0,56777.0,950.19158142,10236
1709049600,56777.0,57572.6,56186.3,57345.3,754.4836276,8260
1709064000,57345.4,57369.0,56628.0,57072.6,659.1527536,6173
1709078400,57066.2,57116.1,56738.9,56969.5,289.93035153,3949
1709092800,56969.5,58377.9,56969.4,58223.7,785.0226518,7014
1709107200,58241.0,59500.0,58209.9,58987.1,1542.35268633,12334
1709121600,58989.2,61364.8,58939.4,60976.6,2048.2997387099,19450
1709136000,60976.7,64015.8,56000.4,60999.9,4731.5421567106,47655
1709150400,61000.0,62680.8,59800.1,62487.8,1518.6043785499,15885
1709164800,62489.8,62489.8,61090.0,61554.6,775.24875536,8639
1709179200,61554.6,63583.5,61344.5,62691.9,914.12526831,12116
1709193600,62691.9,63301.7,62075.6,62920.5,566.99807472,10094
1709208000,62920.5,63549.8,62098.9,62800.0,914.36821748,11006
1709222400,62793.8,62893.9,60108.8,61618.0,2323.17022891,17739
1709236800,61617.8,62292.2,60684.8,61180.9,1322.12054372,10484
1709251200,61180.9,61793.3,60800.1,61124.5,369.48541971,6264
1709265600,61109.6,61759.6,61081.0,61465.0,235.36510155,4173
1709280000,61465.0,62250.0,61363.1,61897.8,383.98978046,3935
1709294400,61897.8,62684.9,61201.0,61284.4,939.26436806,7636
1709308800,61284.4,62489.0,61276.5,62248.3,599.7669356,6603
1709323200,62248.4,63150.0,62248.4,62434.3,998.52631047,8438
1709337600,62434.3,62500.0,62056.0,62336.0,1028.86373311,5422
1709352000,62336.1,62360.7,61867.2,62079.5,133.44484604,3054
1709366400,62078.5,62150.9,61770.1,61917.8,172.68421167,2775
1709380800,61917.8,62223.7,61663.3,61836.8,385.97330255,3771
1709395200,61836.8,62149.0,61714.9,62145.3,335.74744687,3938
1709409600,62145.3,62212.9,61800.0,62033.7,158.09053863,3266
1709424000,62028.6,62028.6,61737.0,61966.3,118.26211883,3174
1709438400,61966.4,62100.0,61400.0,61635.2,165.52427993,3996
1709452800,61636.3,61875.3,61450.1,61832.7,104.14804454,2416
1709467200,61833.6,62650.1,61833.5,62203.6,364.84756504,5359
1709481600,62203.6,63000.0,62152.5,62761.1,397.71850247,5766
1709496000,62761.1,63255.0,62616.1,63178.2,441.86529748,6204
1709510400,63178.3,64255.0,62262.0,63472.9,770.59235996,12312
1709524800,63472.8,64302.1,63293.0,64088.1,413.3953193,5584
1709539200,64088.2,65553.2,64088.1,65204.8,971.64498919,10351
1709553600,65206.6,66666.0,64664.0,66536.9,1063.84205416,12196
1709568000,66537.0,67550.0,66150.0,67459.9,1370.82695274,14146
1709582400,67480.9,68521.0,66855.7,68323.1,1519.94706819,15650
1709596800,68338.6,68786.7,67701.0,68215.0,894.72404454,11265
1709611200,68215.0,68472.0,64259.0,66244.0,930.16793446,15161
1709625600,66244.0,67149.0,65620.1,66687.3,562.26990863,7379
1709640000,66695.6,69218.0,66532.5,66860.7,2245.10015102,19074
1709654400,66856.0,67000.0,59150.0,61432.7,4085.7707226602,38535
1709668800,61432.8,64387.0,61173.4,63802.3,1936.2171697099,21107
1709683200,63805.2,64193.8,62876.6,63334.1,559.59527163,6475
1709697600,63334.1,66740.4,63334.0,66740.2,879.51270849,11503
1709712000,66740.3,67635.3,66126.6,67276.9,772.62341873,8722
1709726400,67277.0,67570.4,64663.2,66490.0,1271.45643915,13863
1709740800,66490.1,67538.8,66329.7,66815.1,892.91597994,9615
1709755200,66815.1,67465.1,65810.0,66098.9,527.06969746,8805
1709769600,66098.9,66512.9,65668.0,65882.2,299.51436241,6566
1709784000,65882.2,66440.2,65730.5,66432.5,289.21278862,4618
1709798400,66419.0,67291.2,66392.4,66895.8,356.99172741,4739
1709812800,66895.8,67980.0,66658.6,67368.7,904.7317771,9944
1709827200,67368.8,68034.2,67132.3,67595.1,797.82361715,9171
1709841600,67595.1,68050.0,66909.2,66936.5,502.03656884,8031
1709856000,66936.7,67351.9,66891.4,67208.3,133.20274025,4791
1709870400,67208.4,67671.0,66924.9,67385.0,190.92718388,4498
1709884800,67385.0,67754.0,67182.9,67754.0,216.77554276,4155
1709899200,67754.0,70000.0,67250.0,67752.3,1749.0543593999,20086
1709913600,67752.3,68977.7,65200.0,68977.7,1408.7285873799,16783
1709928000,68977.7,69492.2,68094.7,68333.0,745.45623807,10263
1709942400,68333.0,68460.0,68047.8,68443.3,127.75101529,4656
1709956800,68443.3,68650.0,68301.1,68425.8,125.14514014,3342
1709971200,68420.4,68549.9,68125.5,68400.0,177.39414525,2823
1709985600,68400.0,68657.4,68283.2,68435.9,142.44956555,2815
1710000000,68435.9,68493.7,68071.0,68361.6,302.05179675,4097
1710014400,68361.7,68555.0,68361.7,68459.1,90.62566767,3449
1710028800,68459.1,69386.9,68390.5,69261.9,310.80116175,6367
1710043200,69257.7,69734.1,69179.6,69502.4,608.15083776,6230
1710057600,69502.4,69981.0,69388.0,69698.2,445.47458923,6585
1710072000,69698.3,69949.0,68800.0,69346.2,355.65381984,6520
1710086400,69346.2,69862.4,69286.4,69525.0,143.47865047,5366
1710100800,69525.0,69525.0,68254.9,69040.1,500.65056233,7113
1710115200,69040.1,69040.1,67187.3,68629.2,583.51662916,8795
1710129600,68629.3,71224.0,68512.9,71022.5,1076.17835921,12326
1710144000,71022.5,72229.6,71022.5,71557.7,1088.99625074,11136
1710158400,71557.7,72720.6,71362.1,72100.0,1279.29250745,12979
1710172800,72100.1,72866.4,71866.9,72013.6,1050.66957746,10431
1710187200,72013.5,72745.0,71902.5,72100.0,473.09951221,7062
1710201600,72100.1,72444.0,71405.8,71613.3,336.03784983,6770
1710216000,71613.3,72349.9,71350.1,72157.9,356.861149,5196
1710230400,72157.9,72339.4,71500.0,72060.1,302.05776662,4502
1710244800,72060.0,73000.0,70840.4,71699.5,911.67235493,11000
1710259200,71699.5,71812.1,68660.2,71380.9,1595.6253024899,22292
1710273600,71380.9,71509.6,70687.0,71484.7,481.47040679,6835
1710288000,71480.8,72206.2,71336.1,72055.7,199.86573297,5454
1710302400,72055.7,73125.0,71942.5,72884.2,555.54621186,6705
1710316800,72884.3,73666.5,72877.0,73115.1,538.54672163,6744
1710331200,73115.0,73218.0,71725.5,72743.0,633.88692814,8237
1710345600,72743.1,73447.1,72436.1,73447.1,479.05625316,7093
1710360000,73447.1,73485.0,72906.2,73082.4,414.8858122,5809
1710374400,73089.7,73306.2,72555.0,73279.9,324.55794524,4742
1710388800,73280.0,73734.0,72777.0,73250.1,484.23007888,5770
1710403200,73250.1,73573.7,72690.5,72875.1,293.51222808,4626
1710417600,72875.1,73075.6,70558.4,70821.0,1016.1190107,13186
1710432000,70821.2,71399.9,68554.9,69318.0,2122.05590707,18500
1710446400,69318.0,71688.2,69250.1,71371.2,744.35603561,8878
1710460800,71371.3,72500.0,66727.7,68195.2,1591.6954641599,20550
1710475200,68209.1,68814.1,66925.0,68463.1,853.6756601,13476
1710489600,68463.1,68548.9,65600.0,67678.0,1077.49199454,14160
1710504000,67691.0,68682.1,67444.0,68165.0,627.51526637,10697
1710518400,68165.0,70574.7,67519.0,68942.4,1120.68397804,13141
1710532800,68942.5,69731.2,67483.2,69488.8,636.15120872,9420
1710547200,69488.9,69999.0,68979.6,69202.8,430.40093421,5556
1710561600,69202.8,69383.1,68613.2,69383.1,112.54359388,4021
1710576000,69383.1,69386.2,67742.6,68299.3,243.61682697,4629
1710590400,68274.4,68476.6,67544.0,68346.1,337.56355936,5552
1710604800,68346.2,68395.9,66666.6,66900.0,566.48068334,9075
1710619200,66900.1,67446.5,64802.6,65249.6,860.16485267,12284
1710633600,65249.6,66524.4,65083.8,66500.0,490.36425548,6519
1710648000,66500.0,66507.0,64555.0,65574.1,444.61833287,6144
1710662400,65574.2,67300.2,65274.5,66868.8,411.80019281,6117
1710676800,66868.7,67989.9,66425.8,67900.0,338.83698085,5773
1710691200,67900.0,68600.0,67688.9,68500.0,512.15170916,6347
1710705600,68500.0,68815.6,68000.0,68355.6,389.22985642,5266
1710720000,68355.6,68363.3,66800.1,67913.5,624.2501181,6587
1710734400,67913.5,68898.3,67650.2,68192.3,340.41086541,4597
1710748800,68192.3,68377.0,67300.8,68209.8,312.81970685,4807
1710763200,68211.1,68542.2,66610.2,67432.6,777.71183015,9550
1710777600,67432.7,67999.9,66569.4,66950.0,467.86218636,7620
1710792000,66950.1,67968.9,66950.1,67600.0,373.25468725,5678
1710806400,67600.0,68075.0,64897.6,65880.1,1178.67734942,10862
1710820800,65877.6,65938.3,63613.6,64656.7,1472.11951528,11609
1710835200,64656.7,64656.7,62500.0,63039.3,1197.17708756,13010
1710849600,63039.9,64026.3,62356.5,63996.9,1088.19515294,10827
1710864000,63991.6,65729.4,63922.4,64386.2,948.01396112,10701
1710878400,64390.7,64470.7,61537.5,61908.4,971.01917813,12168
1710892800,61905.3,63375.2,61645.2,61832.9,650.33342193,8441
1710907200,61837.0,63111.0,60778.2,62951.8,900.70653515,10004
1710921600,62940.5,63940.1,62667.0,63335.0,537.24771782,6186
1710936000,63345.3,64360.8,62975.8,63590.5,870.13279514,9112
1710950400,63590.5,66000.0,62100.1,65766.6,1690.62006005,15283
1710964800,65766.7,68137.3,65675.5,67866.0,1857.82392156,14943
1710979200,67866.1,68238.0,66403.5,66653.0,398.6286685,7132
1710993600,66653.0,67336.9,66100.0,67032.3,355.11019983,4625
1711008000,67032.3,67650.2,66653.4,67057.8,305.40854656,4238
1711022400,67057.8,67692.8,66071.1,66540.4,540.79383945,6855
1711036800,66540.5,66973.1,64889.4,65279.3,694.90971734,8230
1711051200,65279.3,65889.6,64564.4,65499.9,417.4333503,5711
1711065600,65500.0,66113.4,65170.8,65968.0,278.17965904,4380
1711080000,65968.0,66614.8,65777.8,66188.3,270.04381288,3904
1711094400,66188.4,66345.7,64126.2,64238.0,436.61593847,5814
1711108800,64238.0,64628.3,62600.0,63868.0,873.39225047,10132
1711123200,63868.0,64158.8,62800.1,63879.2,527.89114061,6867
1711137600,63875.3,63984.3,62204.1,63810.1,463.60406225,7373
1711152000,63810.0,64363.0,63050.4,63551.7,250.89481171,4401
1711166400,63551.7,64825.7,63550.7,64579.7,512.34857482,4055
1711180800,64579.8,64789.2,64224.0,64620.5,103.78408241,2258
1711195200,64620.6,65371.6,64342.0,65099.4,341.52435853,4262
1711209600,65100.1,65970.0,64807.0,64908.0,415.88721632,6259
1711224000,64908.1,65205.0,63969.4,64034.5,310.80335082,4573
1711238400,64034.4,64686.1,63958.9,64006.7,152.74543487,3363
1711252800,64006.7,64549.7,63825.0,64549.7,107.31856251,2767
1711267200,64549.8,65334.5,64495.8,65306.2,234.51433302,3705
1711281600,65306.3,65904.8,65244.3,65700.1,367.76198166,5501
1711296000,65700.1,66000.0,64666.0,65846.9,399.10284719,5531
1711310400,65847.0,67614.8,65765.2,67193.9,549.60004739,8524
1711324800,67199.1,67300.8,66438.4,67300.8,369.91892941,5042
1711339200,67301.8,67738.3,66800.1,66868.3,319.76947628,4042
1711353600,66854.2,67393.5,66800.1,66832.2,181.36279323,2930
1711368000,66840.1,70030.3,66810.8,69834.2,1629.18657517,13345
1711382400,69834.3,71064.8,69519.0,71032.9,1092.48497321,12409
1711396800,71033.0,71217.1,69635.1,69950.0,844.21488183,8435
1711411200,69950.1,70624.8,69761.9,70464.8,213.51697066,4109
1711425600,70459.8,71557.7,70313.1,70535.4,445.43826297,5927
1711440000,70535.4,71276.5,70367.2,70694.1,268.23344899,3890
1711454400,70694.2,71145.0,69116.8,70275.4,797.00756246,8498
1711468800,70275.4,70480.0,69438.4,69441.4,550.52309743,6879
1711483200,69441.4,70305.9,69391.1,70000.1,327.39210108,4441
1711497600,70000.1,70731.2,69883.2,70389.3,430.17682587,4483
1711512000,70389.3,70521.0,69660.8,69707.7,270.15641363,3250
1711526400,69737.9,70329.6,69498.1,70222.5,306.83959781,3525
1711540800,70222.4,71746.9,68500.1,68888.1,1889.58140621,14024
1711555200,68888.1,69390.0,68366.5,68626.9,644.11822291,6983
1711569600,68627.0,69562.5,68626.9,69437.3,369.77936534,4626
1711584000,69437.2,69907.7,68800.0,69249.3,521.86030512,4958
1711598400,69246.2,70400.0,69246.1,70400.0,500.74697547,4177
1711612800,70400.0,70900.0,70317.8,70602.1,328.056477,4403
1711627200,70600.0,71546.3,70330.7,71294.8,966.69123191,8804
1711641600,71305.0,71305.0,70415.1,70852.6,268.00433755,5228
1711656000,70852.7,71075.4,70600.1,70742.2,572.67402244,4456
1711670400,70742.2,70911.4,70367.0,70456.4,117.34547098,3176
1711684800,70456.8,70527.7,69800.0,69800.0,676.30024194,4696
1711699200,69800.1,70303.2,69622.0,70156.4,177.63523314,2909
1711713600,70156.4,70610.5,69128.7,69200.0,399.1775142,5743
1711728000,69199.1,69686.6,69151.5,69686.6,192.91496459,4506
1711742400,69686.6,69954.4,69400.1,69917.1,323.23735206,4080
1711756800,69917.0,70181.7,69794.3,69838.0,158.21172754,2978
1711771200,69838.0,70354.4,69837.9,69929.6,92.67337044,2327
1711785600,69929.6,70230.1,69863.3,70230.1,89.18163942,2001
1711800000,70230.1,70290.0,70000.1,70042.2,104.2108306,2613
1711814400,70042.2,70277.4,69750.0,69961.1,142.16067643,3418
1711828800,69961.2,69961.2,69607.6,69652.0,84.08526945,2973
1711843200,69652.0,70131.2,69600.0,69955.6,229.85657368,2700
1711857600,69955.6,70412.0,69938.0,70300.0,93.19072029,2205
1711872000,70300.0,70443.2,70218.9,70400.0,94.98439302,1718
1711886400,70400.1,70720.8,70266.4,70370.0,247.14166963,2914
1711900800,70370.0,71210.0,70369.9,71024.8,276.82469551,4710
1711929600,71306.7,71306.8,70544.8,70604.3,190.09039481,3217
1711944000,70604.3,70668.7,68971.2,69671.7,505.38523095,6482
1711958400,69671.8,69850.1,69244.7,69534.9,191.36086804,3143
1711972800,69535.0,70063.9,68124.0,68252.2,538.93456068,7633
1711987200,68252.3,69803.8,68101.0,69684.6,347.31341435,6195
1712001600,69684.6,69884.0,69384.5,69681.1,269.76308684,4066
1712016000,69681.1,69699.9,65992.2,66750.1,915.09225923,11290
1712030400,66750.0,67140.1,66206.0,66516.9,569.2097633,7153
1712044800,66516.9,66725.0,65075.6,65629.9,659.31997931,7969
1712059200,65629.9,66261.7,64572.7,64883.1,917.20068755,10636
1712073600,64903.6,66229.8,64624.0,65963.6,510.74270031,7071
1712088000,65975.0,66119.2,65283.0,65457.6,325.09465024,5049
1712102400,65457.6,66261.7,64541.2,66216.0,292.1301798,5411
1712116800,66216.1,66500.0,65990.1,66186.1,220.94834873,3839
1712131200,66186.1,66656.2,65616.0,66123.0,211.18417335,4001
1712145600,66122.9,66902.0,65688.0,65874.5,263.48215157,5455
1712160000,65874.6,66593.7,65530.2,65828.7,297.5553232,4791
1712174400,65820.8,66280.0,65550.0,65991.5,222.93726699,4328
1712188800,65991.4,66341.7,65555.1,65678.6,198.65228254,3431
1712203200,65678.6,66221.9,65116.1,66063.2,284.87288421,3902
1712217600,66061.0,66453.0,66014.1,66342.7,120.32875672,2996
1712232000,66349.9,67974.7,66349.7,67673.0,610.61108992,7483
1712246400,67673.1,69354.7,67600.1,68507.1,1007.61737137,10702
1712260800,68516.0,68595.8,67400.1,68527.4,562.72017396,7451
1712275200,68527.4,68755.0,67500.0,67891.9,335.02901935,4821
1712289600,67891.9,68040.4,66360.8,66879.8,793.65131051,6675
1712304000,66879.9,67642.2,66338.6,66449.5,719.10235203,7969
1712318400,66444.2,68661.5,66004.5,68274.2,999.49707146,10061
1712332800,68269.3,68373.3,67369.5,67452.3,296.65904904,4953
1712347200,67452.3,67971.0,67422.1,67856.5,123.80540039,3757
1712361600,67856.5,68043.0,67513.7,67842.1,99.51018016,3080
1712376000,67842.2,68240.0,67667.9,68067.0,319.87003925,2849
1712390400,68066.9,68162.8,67706.4,67715.2,165.85266561,2270
1712404800,67715.2,68300.0,67606.6,68129.9,115.4317982,3226
1712419200,68130.0,68509.3,67979.2,68289.3,225.59694647,3691
1712433600,68289.3,69693.1,68200.2,68908.6,699.30087021,6678
1712448000,68908.6,69750.0,68888.0,69434.2,250.64506385,4970
1712462400,69434.3,69561.7,69100.0,69373.8,185.43487065,2915
1712476800,69373.8,69577.8,69217.9,69385.0,141.60365638,2932
1712491200,69385.2,69865.5,69224.6,69571.3,210.44117571,4396
1712505600,69568.8,70300.0,68954.6,69085.8,632.69649858,6887
1712520000,69085.8,69473.4,68950.0,69386.1,172.81613123,3276
1712534400,69386.0,69799.9,69114.5,69450.0,160.71267951,2994
1712548800,69450.0,70800.0,69331.9,70721.4,494.59323859,4581
1712563200,70721.5,72609.8,70692.2,72351.2,1190.54550492,11705
1712577600,72351.3,72731.5,71277.2,71749.6,825.01950564,7723
1712592000,71749.6,72100.0,71300.0,71667.9,426.01070587,4892
1712606400,71709.7,71981.3,71508.7,71650.0,428.78718977,3935
1712620800,71650.1,71738.0,70875.0,71296.5,563.98116322,4361
1712635200,71293.0,71333.0,70420.0,70423.9,419.04935613,3904
1712649600,70424.0,70912.3,69700.0,70797.4,375.26854579,5336
1712664000,70797.5,70967.5,68550.0,69233.5,1100.96340269,8326
1712678400,69236.5,69238.5,68263.2,69010.1,868.12612249,6937
1712692800,69010.1,69491.7,68900.0,69159.9,658.99032655,4290
1712707200,69159.9,69580.1,68484.6,69145.1,267.75139929,3854
1712721600,69145.2,69469.6,69013.5,69316.1,122.28553775,2328
1712736000,69316.2,69332.1,68668.2,69030.6,162.16481748,2436
1712750400,69030.7,69203.2,67500.0,68688.4,1135.21704419,10076
1712764800,68688.5,70014.5,68586.1,70014.5,574.17938987,6641
1712779200,70020.0,71100.1,69619.8,70612.2,646.44650667,6551
1712793600,70612.3,71000.0,70291.4,70850.3,282.19436794,4056
1712808000,70850.4,71250.9,70406.5,70790.7,235.72090649,3270
1712822400,70782.3,71191.1,69905.4,70000.1,333.23239532,3364
1712836800,70005.3,71038.3,69600.1,70003.9,474.47560238,5783
1712851200,70003.9,70538.6,69629.5,70483.8,319.48147287,4383
1712865600,70483.8,70738.0,69858.0,70046.4,327.70282661,3623
1712880000,70046.4,70988.8,70022.2,70988.8,274.4235061,3443
1712894400,70988.8,71200.0,70604.1,70762.6,214.45585355,2979
1712908800,70763.8,70900.0,70553.2,70900.0,157.91698465,2556
1712923200,70900.0,70900.0,69210.0,69340.0,1320.38317476,10062
1712937600,69340.1,69550.8,65118.0,66861.6,2780.3971320201,28963
1712952000,66861.5,67464.5,66684.0,67205.2,1111.73528491,9236
1712966400,67199.8,67199.9,65785.6,67143.5,707.49197961,7193
1712980800,67143.5,67946.1,67062.1,67477.7,369.60180666,4278
1712995200,67477.6,67819.2,67150.1,67381.9,185.25834414,2161
1713009600,67381.9,67909.9,67184.0,67709.0,270.85341179,3178
1713024000,67709.1,67775.6,63700.0,64885.7,1245.06525033,14117
1713038400,64837.2,65631.6,60495.0,64042.4,2914.4111151502,40101
1713052800,64018.6,64341.5,63000.0,63142.3,475.07500731,6170
1713081600,63142.3,64636.1,63142.3,64189.7,385.86105203,3653
1713096000,64215.3,64883.0,63363.0,64175.6,509.70431265,6360
1713110400,64175.6,64687.3,62665.7,64198.3,460.3791941,8374
1713124800,64198.3,65835.1,63289.1,65700.0,589.04049187,8301
1713139200,65700.0,65869.0,64955.0,65191.5,250.557241,3753
1713153600,65190.2,66612.4,64776.2,66376.5,357.8509093,5098
1713168000,66376.5,66898.7,65901.5,65969.2,374.43231222,4395
1713182400,65928.6,66464.8,63842.3,64617.7,770.61008987,8027
1713196800,64617.7,64904.8,62355.9,63344.0,959.58558107,10372
1713211200,63335.9,63681.3,62636.3,63408.4,475.54849479,5413
1713225600,63441.8,63857.5,62811.7,62990.6,439.5419742,4479
1713240000,63004.1,63812.5,61777.0,63534.8,407.39122243,5998
1713254400,63546.5,63699.2,61551.0,63103.6,494.3206411,6102
1713268800,63110.8,63399.9,61787.8,61825.8,519.2595116,6841
1713283200,61825.8,63259.0,61720.1,62763.1,790.61314455,7224
1713297600,62730.0,64341.9,62557.4,63832.6,439.58146657,5333
1713312000,63832.6,64303.4,63623.8,63872.0,214.32531471,3508
1713326400,63871.9,64444.0,63330.4,63330.4,465.85910891,3792
1713340800,63335.1,63605.0,62600.3,62632.8,219.7107227,3353
1713355200,62640.8,62971.1,59850.0,60277.1,1491.28584405,17849
1713369600,60277.1,61966.2,59700.0,61020.1,1121.48760149,11424
1713384000,61020.2,61721.5,60801.2,61284.4,346.45618102,4693
1713398400,61284.4,62221.0,60985.5,61983.6,258.23933197,4270
1713412800,61983.7,62025.6,60857.6,61224.1,389.2095103,4463
1713427200,61224.2,63101.6,60908.8,62618.6,532.31793138,5199
1713441600,62627.3,64142.7,61627.2,63500.1,905.73808498,9544
1713456000,63500.1,63880.5,62355.7,63533.1,442.58257892,6301
1713470400,63532.2,63849.0,63262.6,63509.1,199.15739331,4038
1713484800,63499.5,63504.3,59666.0,61797.5,1115.95310453,12656
1713499200,61797.6,65157.8,61779.0,64576.4,952.60916347,8595
1713513600,64578.8,65499.9,64200.1,64934.8,743.68563848,6455
1713528000,64930.1,65487.2,63895.9,64465.4,543.89552776,6766
1713542400,64465.5,64793.0,63550.0,64316.9,556.53968034,6233
1713556800,64342.6,64514.6,63025.6,63849.1,550.55600201,6530
1713571200,63846.0,64199.9,63164.0,63977.0,279.69820167,3930
1713585600,63977.0,64270.2,63883.6,64017.5,108.47015497,1940
1713600000,64017.6,64017.6,63355.1,63730.1,168.21869099,2555
1713614400,63735.5,65000.0,63599.9,64822.6,550.69878702,4271
1713628800,64832.4,65424.1,64504.5,64908.7,780.31443149,6782
1713643200,64908.7,64993.8,64589.1,64993.7,162.16312081,3287
1713657600,64993.8,65715.3,64664.1,65194.9,267.1282667,3711
1713672000,65194.9,65275.3,64931.5,65157.6,149.41370367,2311
1713686400,65157.6,65431.4,64800.1,65276.5,157.66907072,3039
1713700800,65276.5,65383.4,64861.4,65060.7,238.55763368,3197
1713715200,65060.8,65080.0,64281.0,64572.0,336.87687333,4382
1713729600,64572.1,65121.0,64381.5,64953.6,192.5474433,3630
1713744000,64953.0,66077.5,64543.1,65709.3,490.24791527,5637
1713758400,65709.4,66500.0,65542.1,66013.6,322.6310823,4453
1713772800,66016.4,66219.1,65770.0,65910.3,331.21116357,3347
1713787200,65910.3,66450.0,65727.2,66029.7,634.35386251,5692
1713801600,66033.5,66817.6,65971.4,66588.7,486.64124596,5879
1713816000,66588.7,67200.0,66371.8,66831.4,366.771622,5146
1713830400,66831.4,67190.0,66500.0,66512.4,226.11171639,3558
1713844800,66512.4,66658.0,66103.7,66136.0,190.02873806,3530
1713859200,66136.1,66327.9,65894.7,66048.5,378.22961423,3168
1713873600,66049.8,67124.7,65853.8,66424.6,406.17839622,5094
1713888000,66423.1,66873.0,66400.1,66452.9,354.53977741,3641
1713902400,66452.9,66460.7,66011.5,66419.8,324.71723432,3786
1713916800,66419.8,66893.2,66402.1,66600.8,156.56935679,2840
1713931200,66600.8,67000.0,66600.1,66673.5,219.9855294,2633
1713945600,66673.5,66731.2,66223.6,66574.6,246.93590364,2682
1713960000,66577.0,66684.4,64505.0,64600.0,775.12115613,8965
1713974400,64600.0,65095.3,63776.5,63958.0,695.39825182,7807
1713988800,63919.8,64339.9,63583.4,64291.3,328.4628764,5534
1714003200,64291.3,64699.2,63876.5,64278.4,200.96215999,3909
1714017600,64278.5,64380.1,63865.7,63992.5,233.8902031,2868
1714032000,63992.6,64141.6,63300.8,63849.7,386.30262051,4295
1714046400,63849.8,64232.8,62743.5,64103.2,715.62813974,6813
1714060800,64103.2,64915.9,64003.0,64657.0,443.05102149,4612
1714075200,64659.3,65300.0,64434.3,64489.1,450.59135651,4395
1714089600,64489.1,64612.8,63950.0,64346.4,206.96009619,3507
1714104000,64346.4,64580.2,64050.0,64305.1,361.76690531,2426
1714118400,64305.1,64521.9,64076.3,64218.3,225.19536534,2172
1714132800,64218.3,64760.8,63338.4,63481.9,551.11606135,6263
1714147200,63481.9,64095.4,63350.0,63748.2,179.2798053,3698
1714161600,63742.8,64079.9,63689.1,63750.8,95.56549775,2762
1714176000,63750.8,63893.0,62396.6,63085.1,461.47247014,6134
1714190400,63085.1,63103.8,62777.6,62925.0,108.66563548,2590
1714204800,62925.0,62989.2,62666.1,62832.0,43.49363803,1984
1714219200,62832.0,63315.8,62537.8,62857.6,462.84577553,3723
1714233600,62857.7,63557.0,62718.4,63312.1,205.44808209,3988
1714248000,63312.2,63484.3,63129.4,63425.0,69.13995549,2176
1714262400,63425.1,64301.0,63425.0,64043.8,171.89741384,3040
1714276800,64043.8,64043.8,63788.6,63923.2,110.01909673,2032
1714291200,63923.2,63932.4,63346.7,63464.4,140.81254748,1797
1714305600,63464.4,63789.8,63444.6,63514.7,76.78756264,1801
1714320000,63514.7,63908.0,63501.5,63706.6,49.1317435,1932
1714334400,63706.7,63707.2,62785.8,63114.9,219.39154895,3419
1714348800,63114.1,63300.0,62178.4,62280.2,137.92147751,3261
1714363200,62280.2,62616.1,61920.0,62358.2,231.91465777,3752
1714377600,62358.2,62671.2,62154.6,62253.0,107.83729307,2393
1714392000,62253.1,63063.2,61774.6,63045.9,447.20379466,5563
1714406400,63045.9,63179.6,62546.7,62967.2,376.02941745,4480
1714420800,62967.2,64125.0,62850.0,63822.1,359.6707143,4457
1714435200,63822.1,64738.3,63150.0,63629.6,626.40960397,5724
1714449600,63629.6,63692.6,63088.3,63148.1,177.69878226,2362
1714464000,63148.0,63233.4,61050.0,61205.1,622.45399116,8206
1714478400,61205.1,61500.0,60500.0,60750.0,914.75213025,9640
1714492800,60750.0,60843.7,59110.0,59140.5,1117.33170676,13952
1714507200,59176.5,60950.0,59164.6,60610.0,647.78581472,6870
1714521600,60610.0,60775.0,59541.7,60168.0,466.09695125,5223
1714536000,60168.0,60229.0,57062.4,57429.8,1128.26408385,14113
1714550400,57437.6,57831.8,56378.0,57828.8,1186.48313422,9910
1714564800,57828.8,58214.3,56625.0,56791.5,835.11580211,8669
1714579200,56791.6,59386.3,56600.0,56894.2,1711.76060843,13100
1714593600,56874.7,58439.4,56687.9,58272.2,493.50157235,5828
1714608000,58272.3,58497.7,56929.9,57422.7,494.00573283,5132
1714622400,57422.8,57859.6,57203.9,57622.9,158.94739058,2869
1714636800,57623.0,58611.0,57548.0,58530.6,405.26445064,4422
1714651200,58530.6,59400.0,58226.1,59232.8,667.20533156,7083
1714665600,59232.8,59602.1,58960.0,59382.2,355.12575713,6629
1714680000,59368.5,59600.0,58684.8,59124.1,471.23503294,5129
1714694400,59113.2,59977.0,58848.7,59729.0,576.94428587,4555
1714708800,59729.1,59844.5,59115.8,59173.3,80.64942962,2334
1714723200,59173.4,59521.5,58882.3,59265.0,255.39805665,3224
1714737600,59265.1,62075.0,59030.7,61691.3,1145.95917974,10061
1714752000,61696.4,62186.7,61569.1,62112.6,589.00727337,4884
1714766400,62125.2,63284.0,62002.9,62925.8,1137.70279856,8372
1714780800,62925.8,63589.1,62550.4,62720.7,691.49830073,4700
1714795200,62737.6,63489.9,62707.1,62969.6,238.09879941,2812
1714809600,62969.6,64500.0,62952.3,63859.8,537.76911609,5191
1714824000,63859.8,64135.1,63476.4,63622.1,310.24038653,3826
1714838400,63622.2,64044.0,63325.5,63926.1,398.75130229,3635
1714852800,63935.7,64200.0,63606.3,63895.3,311.23774738,3561
1714867200,63898.0,64187.8,62937.0,63248.1,323.42825093,3708
1714881600,63245.7,63901.9,63188.8,63758.9,97.01145491,1662
1714896000,63746.6,63943.0,63573.5,63818.6,115.31430932,1723
1714910400,63818.5,64646.7,63667.7,64430.5,345.13314607,3700
1714924800,64430.5,64511.6,63864.5,63890.6,180.55944492,2978
1714939200,63888.0,64189.0,63581.2,64067.5,184.8918177,2975
1714953600,64067.5,64458.0,63780.9,63887.7,196.29824498,2861
1714968000,63887.7,64558.6,63799.8,64558.6,180.35636308,2622
1714982400,64558.6,65500.0,63888.1,64211.0,808.99326954,6861
1714996800,64211.1,64302.1,62926.2,63677.4,870.36698702,7365
1715011200,63677.4,63728.4,62720.2,63171.5,596.6867224,5507
1715025600,63171.6,63579.5,63035.0,63161.7,270.41645011,3601
1715040000,63161.7,63918.8,62899.3,63251.2,334.08274949,3696
1715054400,63251.2,63821.3,63106.1,63682.3,249.2002648,2983
1715068800,63682.3,64332.9,63429.8,63493.0,498.30987624,3966
1715083200,63493.1,64264.6,63125.0,63710.6,436.58325229,4208
1715097600,63710.7,63870.0,62777.3,63022.8,572.67443927,5366
1715112000,63022.9,63149.6,62305.0,62325.0,227.01612498,4457
1715126400,62325.0,62935.1,62117.4,62855.0,105.66318457,2700
1715140800,62885.6,62966.2,62073.4,62188.1,170.84359732,3269
1715155200,62188.1,62480.0,62068.9,62258.6,105.19488565,3150
1715169600,62258.5,62790.6,61826.5,62254.1,662.46284941,6234
1715184000,62252.7,62729.5,61980.6,62135.7,141.7258562,3777
1715198400,62126.8,62167.5,60888.9,61172.1,439.66943018,7437
1715212800,61172.1,61720.8,61127.6,61667.0,93.79059314,2732
1715227200,61667.0,61720.8,61150.3,61178.6,120.79138129,2569
1715241600,61178.6,61394.2,60650.7,61029.2,115.79529129,3464
1715256000,61027.6,62249.2,60879.5,62144.5,272.22119046,5037
1715270400,62144.5,62643.2,61795.3,62468.0,437.60630535,5798
1715284800,62447.6,63418.5,62380.9,63051.9,399.29454325,6368
1715299200,63052.0,63052.0,62668.0,62910.0,82.05067674,3372
1715313600,62910.1,63521.1,62700.0,63128.3,267.92065243,4499
1715328000,63128.4,63243.0,62824.9,63243.0,241.23810746,3053
1715342400,63243.0,63437.4,60699.8,60930.6,704.8458503,8567
1715356800,60921.0,61229.0,60220.2,60615.0,501.03278349,7333
1715371200,60615.0,60984.8,60449.9,60794.6,273.21335191,3901
1715385600,60790.8,61056.7,60637.3,60731.9,123.70769565,2294
1715400000,60732.0,61011.8,60701.2,60989.1,36.51566786,1470
1715414400,60989.1,61041.7,60484.0,60680.7,61.39504449,1996
1715428800,60680.8,61437.2,60610.6,61150.1,255.22242115,2936
1715443200,61154.0,61359.8,60976.3,61101.2,263.7126212,2831
1715457600,61101.2,61105.0,60760.9,60805.0,54.46361524,2125
1715472000,60805.0,61036.7,60783.7,60911.6,66.37029544,1477
1715486400,60911.6,61076.9,60638.9,60761.6,24.63155484,1220
1715500800,60761.9,61340.3,60761.9,61140.4,112.20305002,1693
1715515200,61121.7,61499.9,61092.9,61400.1,73.03808599,1721
1715529600,61400.1,61800.0,61200.1,61382.2,338.05965509,3485
1715544000,61382.3,61474.1,60944.6,61444.6,54.35184079,2045
1715558400,61444.6,61725.4,60773.2,61138.0,142.01644429,3301
1715572800,61138.1,62420.3,60789.2,62317.0,208.63750699,3367
1715587200,62317.0,63200.0,62317.0,62695.2,486.48493883,5196
1715601600,62695.3,63139.4,62433.1,63007.1,301.59974223,4481
1715616000,63007.1,63400.0,62601.0,63179.0,459.81529692,6014
1715630400,63179.1,63179.1,62718.4,62910.0,132.46358055,3361
1715644800,62910.0,63075.0,62344.8,62438.8,179.03583514,3262
1715659200,62438.8,62673.4,61392.0,61965.1,268.14898676,4241
1715673600,61965.1,61965.1,61500.0,61772.0,383.10043321,4283
1715688000,61772.0,62223.7,61000.0,61735.0,370.03917596,6457
1715702400,61739.5,61757.3,61150.0,61538.8,354.2748557,4546
1715716800,61538.8,61767.7,61445.7,61568.6,290.65955009,3172
1715731200,61568.6,61980.1,61325.4,61923.9,87.61694647,2443
1715745600,61923.9,62216.5,61812.1,62178.1,95.46335138,2125
1715760000,62178.2,62959.7,61959.7,62453.9,432.42978909,4596
1715774400,62454.0,65032.6,62429.0,64729.7,1739.12982941,15586
1715788800,64729.7,66450.0,64729.7,66102.2,1389.13867673,12753
1715803200,66102.2,66411.7,65810.2,66233.0,522.30735396,6591
1715817600,66233.1,66660.4,65716.3,66010.3,422.63745848,5371
1715832000,66010.4,66257.6,65701.0,66165.0,166.32440604,3189
1715846400,66165.0,66564.5,66057.0,66524.5,275.46514662,3496
1715860800,66524.6,66700.0,65400.1,65841.9,547.25215554,6288
1715875200,65842.0,65842.0,64557.0,65174.8,1003.13214291,7846
1715889600,65174.9,65474.8,65056.4,65228.4,136.83455063,3356
1715904000,65228.4,65849.0,65121.1,65608.8,149.93244031,3391
1715918400,65608.9,66460.6,65417.7,66380.0,234.65658914,3926
1715932800,66379.9,66520.0,66065.2,66241.8,207.92433471,3298
1715947200,66241.8,67443.0,65828.0,67227.1,642.86050841,8453
1715961600,67227.0,67271.1,66295.3,67069.6,692.95328045,6732
1715976000,67069.6,67069.6,66745.7,67043.5,252.47723806,3627
1715990400,67043.6,67068.0,66798.2,66995.0,82.86697802,2571
1716004800,66995.1,67207.7,66820.0,66927.0,144.69476333,2377
1716019200,66927.1,67362.9,66927.0,67210.2,98.4037893,2322
1716033600,67210.2,67210.2,66620.4,66870.6,146.57084039,2933
1716048000,66870.7,66964.2,66767.1,66942.6,39.86152385,1857
1716062400,66942.6,67037.5,66846.4,66920.0,53.06154503,2036
1716076800,66920.1,67254.7,66903.0,67167.2,66.60102147,1786
1716091200,67167.2,67323.5,66916.4,67323.4,71.73426652,2187
1716105600,67323.5,67984.0,66998.2,67333.9,421.2447305,3909
1716120000,67333.8,67333.9,66732.4,66901.6,163.93179167,3682
1716134400,66901.7,66989.3,65922.0,66047.2,266.00258061,4478
1716148800,66049.1,66416.9,66015.3,66262.4,107.72253821,2533
1716163200,66262.5,66700.0,66111.0,66693.7,100.36993916,2868
1716177600,66693.7,67245.0,66333.3,66852.7,150.8445034,3625
1716192000,66852.6,67300.0,66738.2,66991.4,179.69513924,3785
1716206400,66991.5,67450.0,66790.7,67421.9,333.31884682,4654
1716220800,67421.9,70000.0,67421.9,70000.0,1172.01824173,15467
1716235200,70000.0,71464.9,69000.0,71408.1,1234.63758058,13928
1716249600,71399.0,71896.4,70750.0,71283.3,672.26774634,8249
1716264000,71279.3,71367.8,70833.8,70893.4,257.97838729,4207
1716278400,70892.8,71400.0,70856.9,71135.0,164.35996654,3467
1716292800,71130.9,71389.3,69700.0,69787.6,518.34220749,7193
1716307200,69787.6,70198.6,69202.0,69306.0,487.03260584,6421
1716321600,69306.0,70367.1,69233.4,70145.1,267.9771201,4952
1716336000,70145.1,70342.0,69834.1,69944.8,156.23408143,3146
1716350400,69944.8,70003.5,69236.5,69744.9,96.73650313,2952
1716364800,69745.0,70217.9,69638.2,69780.0,624.11378252,3514
1716379200,69739.6,70536.9,69426.9,70422.4,588.58836296,5306
1716393600,70422.4,70594.2,69277.0,69597.2,566.8606028,5741
1716408000,69600.0,69937.9,68725.2,69144.0,642.97171811,6058
1716422400,69144.1,69561.3,69144.0,69420.0,108.40876628,2316
1716436800,69420.1,70500.0,69300.3,69737.5,573.21986576,3407
1716451200,69726.8,70299.8,69497.0,69957.5,766.17624422,3897
1716465600,69939.4,69989.0,67600.0,68023.4,706.77607947,9403
1716480000,68023.4,68137.7,66713.0,67106.3,707.13582682,7685
1716494400,67106.4,68324.0,66250.0,67940.8,678.50559452,7989
1716508800,67947.0,67983.1,67616.4,67842.0,74.54403199,2692
1716523200,67842.1,67860.8,66876.7,67145.4,174.34878193,3722
1716537600,67153.5,67487.1,66652.4,67332.0,175.61382201,2677
1716552000,67332.0,68381.9,66924.0,68307.7,539.90223786,5520
1716566400,68307.8,69285.3,67905.9,69142.1,603.56101936,6360
1716580800,69142.1,69208.5,68515.6,68539.1,236.32293087,3732
1716595200,68541.0,68846.4,68540.6,68723.1,83.02591818,2207
1716609600,68723.1,68801.6,68620.9,68749.8,65.00920143,1722
1716624000,68749.9,69608.3,68749.8,69128.8,173.503744,3362
1716638400,69128.7,69292.3,68888.0,68941.6,153.12801494,2484
1716652800,68941.7,69243.3,68888.1,69152.5,87.29903755,2198
1716667200,69152.5,69347.3,69035.0,69278.7,66.57989672,2267
1716681600,69278.7,69304.8,68837.8,69049.4,159.6736548,2088
1716696000,69049.5,69364.3,68922.4,69283.3,58.18777444,1495
1716710400,69283.3,69461.2,68996.0,69065.9,46.17013882,1900
1716724800,69066.0,69322.6,68681.6,68790.0,61.76599811,2866
1716739200,68790.0,68919.6,68706.2,68839.1,61.25609238,3225
1716753600,68839.1,68849.1,67971.1,68476.4,94.82691104,2681
1716768000,68474.4,69200.0,68446.8,68824.2,89.51155858,2617
1716782400,68824.2,68855.5,68336.9,68606.6,75.86553338,1923
1716796800,68606.6,68846.7,68266.6,68394.8,133.52839801,3008
1716811200,68394.9,70420.6,68352.4,70314.8,413.71449261,6112
1716825600,70314.8,70600.0,69045.7,69205.0,460.44213781,6514
1716840000,69205.1,69778.7,69128.7,69377.8,168.08481212,3159
1716854400,69377.8,69509.6,67711.1,68030.2,598.71804892,5444
1716868800,68030.2,68091.1,67460.1,67648.4,185.34312068,3431
1716883200,67648.4,68805.8,67517.6,68315.4,146.73551242,3172
1716897600,68315.5,68476.6,67500.0,68330.9,323.06142192,4828
1716912000,68331.0,68536.2,67243.1,68369.1,376.32330272,6106
1716926400,68369.1,68550.0,68099.5,68324.9,98.06593751,3011
1716940800,68325.0,68824.0,68230.1,68712.6,205.27954625,3100
1716955200,68712.7,68843.3,67508.0,67920.1,330.14466502,3100
1716969600,67920.1,67920.5,67600.1,67682.2,190.58517088,2958
1716984000,67688.0,68140.0,67265.5,67339.2,471.37627841,4906
1716998400,67332.9,67678.5,67100.0,67205.3,458.93295973,4780
1717012800,67211.3,67716.3,67106.1,67575.4,261.17024043,3143
1717027200,67575.4,68058.6,67410.4,68051.1,114.83996958,2677
1717041600,68051.1,68300.0,67497.5,67561.4,127.73428076,3135
1717056000,67561.5,68033.5,67099.9,67794.7,244.34446122,3150
1717070400,67794.7,68772.9,67763.0,68512.3,606.85263276,5402
1717084800,68512.4,69550.0,68371.7,68619.3,844.62452606,7327
1717099200,68619.3,68646.2,68088.0,68365.0,161.07319624,3494
1717113600,68365.0,68649.2,68287.2,68547.9,65.4721278,2220
1717128000,68548.0,68628.0,68090.0,68149.5,97.04247575,1934
1717142400,68149.5,68394.3,67869.9,68311.2,99.80874403,2370
1717156800,68311.2,69000.0,67140.0,67170.9,459.65715111,7176
1717171200,67162.5,67857.6,66652.4,67569.6,381.82880182,6368
1717185600,67569.7,67696.8,67183.9,67498.1,111.01690884,2865
1717200000,67498.1,67685.0,67383.3,67664.8,35.97403759,1947
1717214400,67664.8,67712.1,67516.5,67618.1,55.67103624,1538
1717228800,67618.1,67634.1,67618.0,67618.0,14.08149232,1036
1717243200,67618.1,67757.2,67618.0,67660.1,44.09576318,1670
1717257600,67660.1,67764.1,67530.8,67705.2,52.47177079,1977
1717272000,67705.2,67817.9,67656.5,67717.2,60.15461729,1838
1717286400,67717.2,67837.1,67634.4,67737.1,33.55179989,1667
1717300800,67737.2,67806.3,67682.0,67697.6,80.33053688,1407
1717315200,67697.6,68200.0,67372.5,68188.5,68.81797102,1649
1717329600,68188.6,68379.9,67767.7,68095.2,242.19404771,3221
1717344000,68095.2,68149.5,67283.0,67740.8,179.11774919,2986
1717358400,67740.9,67927.5,67600.0,67729.1,86.051271,1755
1717372800,67729.2,68700.0,67636.9,68352.5,204.03019709,3541
1717387200,68352.6,69169.4,68283.6,68838.6,190.07771384,3414
1717401600,68839.1,69332.8,68839.1,69061.0,171.32487301,3169
1717416000,69061.1,70253.4,68566.9,69578.2,701.1185276,8273
1717430400,69582.0,69698.2,68781.0,69159.5,242.14178844,4027
1717444800,69180.8,69440.0,68756.4,68800.0,139.09295427,2979
1717459200,68800.0,69319.2,68701.0,69150.0,162.72675186,2194
1717473600,69150.0,69223.8,68781.1,68988.0,112.16623349,1988
1717488000,68988.0,69137.5,68600.1,68933.0,158.65489355,2222
1717502400,68933.0,70461.3,68868.7,70413.8,773.96332305,6321
1717516800,70413.9,71050.0,70084.0,70475.5,977.73026217,10332
1717531200,70475.6,70739.7,70175.2,70558.6,196.11757266,3592
1717545600,70558.7,71238.9,70443.4,70954.4,431.64990119,4625
1717560000,70954.4,71296.0,70858.0,71200.7,198.41480541,3149
1717574400,71200.8,71226.8,70713.0,70975.0,193.99178616,2426
1717588800,70975.0,71682.0,70378.9,71594.1,513.68318307,5946
1717603200,71594.1,71709.0,70922.1,71260.4,537.41428678,5476
1717617600,71299.2,71366.5,70800.0,71103.6,290.90346205,3714
1717632000,71116.3,71229.3,70955.4,71071.3,62.43845696,2013
1717646400,71071.3,71097.3,70801.3,71013.1,100.04118904,2127
1717660800,71013.2,71137.6,70918.9,71137.6,93.3135449,2042
1717675200,71148.1,71596.5,71000.5,71287.2,481.56988828,4211
1717689600,71287.2,71333.0,70450.0,70450.1,367.85679636,4542
1717704000,70458.5,70900.0,70100.0,70752.1,355.26605375,4325
1717718400,70752.1,70958.0,70646.4,70951.3,44.1983002,1987
1717732800,70951.3,71404.8,70951.2,71045.1,198.112069,3040
1717747200,71045.1,71664.6,71028.9,71660.7,340.70839974,2644
1717761600,71660.7,71900.0,70586.2,71069.2,853.48685023,7261
1717776000,71069.2,71153.3,68409.0,69241.8,952.697079,14238
1717790400,69241.8,69482.2,68979.4,69317.0,144.36785191,3693
1717804800,69317.1,69499.2,69257.1,69420.1,90.40050413,2163
1717819200,69420.1,69503.1,69212.1,69503.1,79.22980195,2046
1717833600,69511.1,69511.2,69300.0,69331.8,112.07317332,1702
1717848000,69331.8,69468.8,69138.0,69406.9,80.37097372,2129
1717862400,69407.0,69460.6,69323.6,69452.7,33.91874705,1958
1717876800,69452.7,69452.7,69169.8,69291.5,205.53486207,2393
1717891200,69291.5,69291.5,69155.3,69248.0,20.30591505,1881
1717905600,69248.0,69373.1,69241.9,69282.2,35.0087837,2370
1717920000,69282.3,69364.2,69261.7,69364.1,38.72655985,1032
1717934400,69364.2,69747.9,69244.1,69538.5,212.54193417,2986
1717948800,69538.5,69800.0,69523.0,69730.8,42.84699216,2243
1717963200,69730.9,69809.8,69574.5,69649.9,72.98450882,2225
1717977600,69649.9,69717.9,69453.5,69599.4,54.53580052,1984
1717992000,69599.4,69634.3,69286.4,69286.4,56.2308194,2032
1718006400,69286.5,69499.0,69186.7,69448.2,84.05610507,1609
1718020800,69448.5,70142.5,69233.9,70049.7,318.13524374,3569
1718035200,70049.7,70095.8,69394.7,69493.0,241.43181499,4015
1718049600,69493.0,69676.4,69329.5,69522.1,474.53058525,4244
1718064000,69522.2,69558.7,67920.0,68420.0,352.72261767,5935
1718078400,68420.0,68420.0,67364.8,67524.3,285.24466444,4378
1718092800,67524.3,67619.3,66740.4,66832.9,563.88276383,6509
1718107200,66832.9,67222.7,66059.3,66222.3,549.57445532,7417
1718121600,66212.0,67547.7,66170.0,67377.0,516.93620771,5789
1718136000,67377.0,67573.9,67203.6,67348.6,231.79934312,3806
1718150400,67348.6,67552.0,66923.0,67396.5,110.9803111,2604
1718164800,67396.5,67567.0,67212.1,67433.0,61.440197,1800
1718179200,67433.0,67985.8,67350.0,67751.0,206.41297986,2680
1718193600,67751.0,69969.0,67750.7,69746.6,662.1573618499,9616
1718208000,69746.7,69808.9,67148.3,67554.1,685.97483882,9306
1718222400,67526.1,68600.0,67450.0,68233.7,176.16824379,3833
1718236800,68233.7,68375.1,67019.1,67424.5,144.52402867,3659
1718251200,67424.6,67714.0,67313.0,67713.9,72.64173767,2368
1718265600,67714.0,67941.0,67206.0,67677.9,146.52474837,3000
1718280000,67705.8,68412.0,66301.0,66450.0,464.26730887,6913
1718294400,66450.0,67037.4,66244.9,66612.4,291.98086355,4846
1718308800,66612.5,66941.4,66507.7,66756.5,130.75533463,3434
1718323200,66756.4,66924.9,66500.9,66698.9,103.98488433,2896
1718337600,66698.9,67144.0,66698.8,66903.6,222.57780257,3056
1718352000,66890.2,67161.4,66756.5,67007.1,80.73079858,2370
1718366400,67007.1,67275.7,66293.1,66342.6,249.48959844,4537
1718380800,66344.0,66471.0,65075.0,65495.2,841.71928588,11301
1718395200,65495.2,66573.6,65484.8,65992.1,207.15894949,3823
1718409600,65992.1,66200.0,65981.2,66199.9,57.49645491,1561
1718424000,66200.0,66370.1,66024.7,66038.6,158.28416028,1935
1718438400,66038.7,66299.7,66038.7,66279.6,40.29880039,2178
1718452800,66279.7,66405.3,66157.4,66277.2,100.46204918,3234
1718467200,66277.2,66316.7,66060.0,66123.5,42.96174225,1915
1718481600,66123.5,66218.0,65794.7,66198.1,48.50766595,2024
1718496000,66198.1,66200.0,66039.4,66095.0,52.27820623,1369
1718510400,66095.1,66277.5,66020.0,66247.8,42.8140111,987
1718524800,66247.9,66694.1,66188.3,66440.3,154.48401638,2147
1718539200,66440.3,66752.2,66440.2,66664.0,90.17975451,1864
1718553600,66664.0,66699.4,66493.6,66493.8,124.07157334,1923
1718568000,66493.8,66868.7,66419.0,66635.4,78.67202234,1969
1718582400,66630.0,66853.2,66134.6,66199.4,83.90716844,2265
1718596800,66199.4,66489.0,65929.1,66170.1,96.90312203,2064
1718611200,66170.2,66258.7,65558.7,65777.6,157.41319359,2856
1718625600,65777.5,65777.5,65110.0,65302.3,282.59147168,4638
1718640000,65302.3,67267.0,65157.8,66619.0,384.16164557,6795
1718654400,66619.0,66712.5,66138.8,66487.6,174.65485781,3835
1718668800,66487.7,66556.5,64611.3,65500.1,583.8280825,9445
1718683200,65500.1,65817.9,65349.8,65652.3,267.8917538,3667
1718697600,65652.3,65750.1,65105.0,65372.5,469.55142619,3923
1718712000,65372.5,65372.5,64272.2,64628.1,532.63996954,7950
1718726400,64628.1,64830.3,64050.0,64375.3,289.16591525,4770
1718740800,64375.3,65243.8,64200.0,65169.7,310.88252324,4538
1718755200,65169.7,65519.5,64746.9,65389.0,184.34731126,3422
1718769600,65389.1,65660.1,65197.0,65306.6,89.05004509,2284
1718784000,65306.6,65463.5,65001.6,65178.9,94.11339678,2308
1718798400,65179.0,65258.8,64768.1,64850.0,107.62898094,2569
1718812800,64850.0,65200.0,64799.9,64872.1,112.44907769,2600
1718827200,64872.1,65065.7,64700.0,64949.0,58.30622608,2273
1718841600,64949.1,65374.3,64860.0,65168.0,136.70453481,2625
1718856000,65168.0,65890.0,65097.6,65800.6,204.43674428,2874
1718870400,65800.6,66444.7,65595.9,66144.5,198.90334985,3062
1718884800,66144.5,66269.0,64620.6,64793.5,511.86590777,5412
1718899200,64793.5,65134.4,64550.0,64965.0,188.60191039,3350
1718913600,64965.1,65096.7,64833.2,64833.3,62.79324899,2040
1718928000,64833.3,64999.9,64365.2,64451.0,136.45912533,2967
1718942400,64451.0,64690.4,64200.0,64200.1,116.82629581,2601
1718956800,64200.1,64324.3,63532.8,63724.4,249.61761165,4980
1718971200,63724.5,64288.0,63335.6,63643.6,294.03585561,5129
1718985600,63643.6,64185.6,63450.0,64161.2,243.79945965,4233
1719000000,64161.2,64365.2,63831.2,64087.9,139.59807227,3058
1719014400,64088.0,64290.1,63932.2,64263.8,65.19298475,1866
1719028800,64263.8,64442.5,64205.8,64442.5,61.44697408,1388
1719043200,64442.5,64442.5,64200.1,64231.9,70.41168569,1258
1719057600,64232.0,64342.8,64231.9,64269.7,64.48544766,1754
1719072000,64269.7,64328.5,64203.2,64272.0,57.29523907,1804
1719086400,64272.0,64305.1,64224.7,64253.0,36.97249199,1408
1719100800,64253.0,64496.6,64252.9,64427.3,80.62295274,2214
1719115200,64427.3,64427.3,64341.6,64361.9,22.54036058,1249
1719129600,64361.9,64392.3,64217.2,64285.4,69.36138261,1449
1719144000,64285.4,64377.5,64042.6,64054.6,70.47496421,1930
1719158400,64054.6,64128.4,63882.0,64077.1,57.65572887,1818
1719172800,64077.2,64077.3,63176.0,63176.1,253.65595729,3874
1719187200,63176.1,63277.8,62700.0,62815.8,237.93401415,3991
1719201600,62815.8,62904.2,62128.0,62406.2,228.31038554,4890
1719216000,62405.9,62903.2,60612.1,61272.1,849.12289649,9921
1719230400,61272.1,61657.7,60650.0,60814.9,316.96470352,5982
1719244800,60815.0,60989.2,58994.8,59259.9,1080.08316463,12952
1719259200,59260.0,60374.4,58448.0,60297.0,990.56850936,8923
1719273600,60297.1,61576.2,60245.0,61283.8,314.3813144,4777
1719288000,61283.8,61384.1,60646.2,60646.3,115.58005528,2643
1719302400,60646.3,61500.0,60641.5,61162.3,281.52406501,3355
1719316800,61150.3,62069.5,60967.2,61836.5,348.36948907,5755
1719331200,61833.1,62364.8,61169.5,61996.5,340.968143,5551
1719345600,61996.5,62146.7,61681.0,61794.0,136.14755297,3106
1719360000,61794.1,62454.4,61646.6,61917.1,118.53284279,3487
1719374400,61915.0,61968.0,61529.1,61702.8,67.42914806,2267
1719388800,61702.9,61703.4,61150.0,61407.3,140.10906958,2390
1719403200,61407.3,61925.7,61209.1,61445.5,192.45306635,3639
1719417600,61445.6,61500.0,60689.9,60943.6,226.12647528,5154
1719432000,60943.6,61090.0,60719.0,60815.1,84.20460225,2981
1719446400,60815.2,61199.6,60726.1,60994.5,108.05390636,2731
1719460800,60995.0,61124.2,60580.7,60767.2,78.19957235,2125
1719475200,60767.3,61341.1,60708.8,61147.4,96.9803005,2509
1719489600,61147.5,62297.8,61128.4,61536.0,397.68827992,6486
1719504000,61533.5,61900.0,61337.0,61338.8,134.69693592,3782
1719518400,61367.8,61630.9,61304.7,61617.1,63.05699428,2584
1719532800,61617.1,62100.0,61450.0,61769.7,73.02867017,2881
1719547200,61769.7,61769.7,61192.8,61289.3,50.12620559,2083
1719561600,61289.3,61707.2,61187.1,61581.1,75.69189107,2180
1719576000,61581.1,61750.0,60683.7,60967.0,316.7764755,5686
1719590400,60967.0,60993.8,59942.7,59979.9,257.15077702,5563
1719604800,59979.9,60319.6,59949.1,60319.6,108.52735678,3093
1719619200,60319.6,60897.6,60307.7,60653.3,99.49145428,2617
1719633600,60653.3,61024.3,60617.4,60940.3,148.38356064,1995
1719648000,60940.3,61102.1,60814.9,61026.6,55.77177804,1513
1719662400,61026.6,61062.3,60844.0,60956.4,131.57758534,1939
1719676800,60956.4,60987.0,60840.4,60954.1,23.07776456,1749
1719691200,60954.1,60980.0,60796.0,60860.0,39.33673186,1795
1719705600,60860.0,60950.0,60688.1,60784.7,27.15940379,1629
1719720000,60784.8,61663.1,60660.7,61388.0,164.9058962,2282
1719734400,61388.0,61547.7,61275.4,61425.4,106.55304617,1713
1719748800,61425.4,61724.6,61280.0,61594.6,104.19237691,2184
1719763200,61601.9,61971.8,61520.0,61935.2,139.13047994,2431
1719777600,61933.2,62916.3,61785.2,62680.3,277.70671648,5029
1719792000,62680.4,63675.0,62503.5,63338.0,256.26314922,4708
1719806400,63338.0,63367.8,63218.0,63231.1,63.05546086,1900
1719820800,63231.1,63231.1,62543.0,62578.2,99.41416966,2564
1719835200,62571.9,63000.0,62489.9,62999.9,266.91814206,4066
1719849600,62999.9,63798.9,62906.0,63241.2,569.67139297,6597
1719864000,63185.8,63348.2,62744.4,62858.5,153.75630206,3336
1719878400,62858.6,63160.6,62731.4,63105.3,48.13265159,2622
1719892800,63105.3,63168.6,62501.0,62549.5,77.14568326,2200
1719907200,62549.5,62748.5,62337.2,62710.8,100.89715475,2499
1719921600,62710.9,63000.0,61804.9,61860.3,350.576632,5262
1719936000,61860.3,62281.7,61747.0,61798.5,213.44464554,4560
1719950400,61800.4,62064.4,61784.7,62019.9,134.0602069,2912
1719964800,62020.0,62178.9,60526.0,60881.0,247.57228396,5098
1719979200,60881.0,61067.9,60750.0,60798.3,152.29704867,3284
1719993600,60798.4,60858.0,59580.0,60279.1,322.34163654,5888
1720008000,60279.1,60595.3,59646.4,60125.0,292.39211077,6397
1720022400,60125.0,60573.4,59640.0,59640.1,277.86860811,5611
1720036800,59640.0,60290.7,59341.6,60146.6,323.66881849,5367
1720051200,60146.6,60399.3,57890.0,59082.7,491.03809876,10000
1720065600,59082.7,59082.7,58059.0,58159.9,337.80561016,4989
1720080000,58160.0,58420.1,57000.0,57720.3,441.59781236,7836
1720094400,57720.2,58256.7,56777.0,58082.3,563.52965088,8951
1720108800,58101.0,58648.5,57727.8,58291.7,573.52064936,5395
1720123200,58291.8,58750.3,56877.1,57021.1,322.06463264,5099
1720137600,57031.4,57520.4,55002.9,55206.6,852.89219229,12854
1720152000,55210.0,55305.1,53563.3,54335.0,1057.73940243,14892
1720166400,54335.0,55626.5,53900.0,55473.6,452.84876561,6136
1720180800,55473.7,56630.1,54838.0,56630.1,561.37183109,8305
1720195200,56630.1,56989.0,55858.7,56474.7,817.69352357,7567
1720209600,56472.2,56841.2,56322.8,56650.1,363.25492028,4062
1720224000,56650.1,56980.0,56197.6,56398.3,243.55450874,3147
1720238400,56398.3,56650.5,56028.6,56623.1,96.75025946,2388
1720252800,56607.8,56834.3,56453.2,56742.0,121.04679264,1922
1720267200,56742.1,57403.2,56527.8,57313.0,223.75132085,3471
1720281600,57313.0,58082.2,57213.0,57863.5,219.20401098,4093
1720296000,57863.6,58468.0,57838.5,58234.9,92.10431477,3051
1720310400,58234.9,58396.7,57859.6,57943.5,97.26640669,3174
1720324800,57943.5,57996.6,57090.7,57368.9,212.12737393,2949
1720339200,57366.6,57898.8,57349.4,57432.8,81.86150434,1901
1720353600,57432.9,57593.6,56600.0,56811.3,174.42385154,3330
1720368000,56811.3,57361.9,56788.0,57129.2,110.37983107,3057
1720382400,57129.3,57298.2,55727.7,55845.4,264.9767882,4811
1720396800,55845.4,56016.9,54301.3,55177.9,536.25460642,7635
1720411200,55177.9,55888.7,54996.1,55859.0,165.93311334,3065
1720425600,55858.4,58129.8,55741.9,57098.7,444.73560326,5170
1720440000,57098.8,57585.0,54954.2,55742.1,768.89626461,7078
1720454400,55748.6,56533.9,55433.0,56480.7,200.04768806,4473
1720468800,56480.6,56943.6,56217.1,56699.3,170.01568994,4127
1720483200,56699.3,57300.0,56325.2,57157.1,183.54786726,4238
1720497600,57157.1,57698.0,57008.0,57097.0,176.20594079,3293
1720512000,57105.8,57869.8,57008.6,57439.5,155.02144214,3324
1720526400,57439.8,58112.1,56923.2,57465.2,351.5896375,5581
1720540800,57465.2,58245.2,57399.8,57856.8,409.41120567,4947
1720555200,57856.8,58207.8,57734.8,58001.6,137.52945105,3363
1720569600,58001.6,58175.1,57369.4,58175.0,208.25715943,3534
1720584000,58175.1,59474.1,58175.1,58950.0,351.04185307,5767
1720598400,58950.0,59004.4,58319.7,58466.3,182.52944958,3637
1720612800,58466.3,58529.6,57521.0,57738.8,395.36420365,6405
1720627200,57738.8,57970.1,57311.2,57398.7,230.28469821,5993
1720641600,57398.7,57848.3,57154.1,57743.1,144.64801342,3419
1720656000,57742.1,58355.9,57075.5,57561.0,199.02452391,4309
1720670400,57561.1,58249.7,57507.5,58197.3,60.15160688,2358
1720684800,58197.3,58864.0,58061.7,58781.7,229.21602067,2979
1720699200,58779.3,59500.0,57327.5,57359.9,677.62745763,8216
1720713600,57360.0,57987.3,57219.0,57377.7,220.70751492,3905
1720728000,57377.8,57573.1,57187.1,57350.0,147.11726686,3585
1720742400,57350.0,57554.9,56593.3,56930.0,270.94093668,5280
1720756800,56930.0,57350.0,56743.2,57063.8,86.91404879,2548
1720771200,57063.9,57282.6,56777.7,57199.3,86.09819969,2538
1720785600,57201.4,58276.3,57114.6,58221.5,221.62168516,5107
1720800000,58226.1,58494.9,57570.8,57637.5,346.1591043,5845
1720814400,57605.0,57914.5,57200.0,57911.4,124.08216929,3219
1720828800,57911.5,57955.1,57784.1,57836.8,116.67553665,2243
1720843200,57836.9,58188.0,57813.1,58180.1,57.32446511,1872
1720857600,58180.1,58770.0,57964.7,58545.8,128.26674866,2356
1720872000,58545.9,58870.9,58464.9,58851.0,112.96106583,2174
1720886400,58844.6,58945.7,58628.5,58650.1,88.0077092,2535
1720900800,58650.1,59836.5,58297.9,59222.8,484.319551,5195
1720915200,59222.8,59844.0,59222.8,59475.4,275.97394352,3691
1720929600,59475.5,60345.1,59454.5,60122.2,362.32504001,4051
1720944000,60122.3,60378.2,59952.3,60115.2,160.99120064,2362
1720958400,60120.0,60182.2,59535.8,60100.1,286.27897415,3779
1720972800,60100.1,60172.2,59917.3,59932.3,91.88416203,2072
1720987200,59932.3,61373.5,59895.9,60810.0,363.26402478,6095
1721001600,60810.0,62800.0,60704.5,62679.7,452.58091443,7049
1721016000,62680.5,63058.8,62479.2,62867.9,328.00390218,4308
1721030400,62868.0,63231.0,62320.9,62478.6,298.52311046,4294
1721044800,62478.6,63343.2,62461.5,63023.9,478.85533629,4817
1721059200,63023.9,63853.7,62942.9,63471.0,884.34622312,8685
1721073600,63471.0,64900.0,63322.0,64764.2,550.43678312,9022
1721088000,64764.3,65000.0,64479.9,64788.2,253.62964982,5815
1721102400,64788.3,64998.0,62763.6,62936.6,570.59290927,9165
1721116800,62940.6,63837.3,62466.0,63741.7,325.18866892,5702
1721131200,63741.7,64965.3,63105.3,64898.1,548.80207366,8361
1721145600,64898.1,65212.6,64133.9,65200.9,643.71018696,10017
1721160000,65200.9,65416.3,64200.0,65088.7,846.75582849,7910
1721174400,65077.1,66100.3,65008.1,65736.4,391.61328555,7213
1721188800,65736.5,66026.4,65275.4,65309.9,241.01855243,4717
1721203200,65309.9,65479.2,64600.0,64719.2,292.72160007,5012
1721217600,64719.2,65379.6,64554.5,64771.8,288.30339688,4463
1721232000,64767.1,64767.1,63853.1,64580.0,429.08601786,5764
1721246400,64580.1,64653.3,64084.0,64120.0,312.16744089,3460
1721260800,64120.1,65073.1,63908.4,64831.5,299.72013413,4014
1721275200,64831.6,65000.0,64450.2,64719.7,97.35457303,2406
1721289600,64713.6,64954.7,64458.0,64733.9,88.99267891,2399
1721304000,64734.0,65097.1,63458.0,63531.7,435.7320771,6182
1721318400,63532.1,63904.3,63225.5,63525.1,328.37542106,4867
1721332800,63525.1,64095.5,63445.6,63960.7,246.07276025,3111
1721347200,63960.7,64334.3,63350.0,64301.0,91.28834143,2894
1721361600,64304.1,64427.0,63650.4,63701.3,149.6688921,2731
1721376000,63698.6,64121.6,63414.6,64079.9,107.2527129,2337
1721390400,64080.0,65868.6,64052.6,65800.0,448.5840364,7573
1721404800,65800.0,67429.0,65799.9,67216.7,927.63558531,11875
1721419200,67232.3,67350.0,66661.7,66708.9,346.76008788,6279
1721433600,66708.9,66885.0,66301.4,66660.0,205.75512913,4762
1721448000,66660.1,66742.0,66475.5,66601.3,71.28944883,2075
1721462400,66601.3,66742.0,66507.7,66536.9,48.26801374,1525
1721476800,66537.0,66851.3,66381.0,66821.6,101.74346257,2595
1721491200,66821.6,67612.9,66757.3,67245.9,282.77903917,6301
1721505600,67246.0,67458.6,66876.7,67166.1,169.62738994,3939
1721520000,67166.1,67406.0,66994.6,67178.8,56.51140803,2902
1721534400,67178.8,67207.3,66638.8,66713.5,207.50865471,2258
1721548800,66721.6,67074.6,66712.3,66895.0,25.32866788,1305
1721563200,66895.1,67497.0,66684.4,67206.1,243.62982413,3750
1721577600,67206.1,67677.7,65857.0,67450.0,519.73904512,8510
1721592000,67450.0,68313.0,67304.5,68137.1,462.89858209,7789
1721606400,68137.2,68531.4,67785.0,67889.6,234.08140135,4885
1721620800,67889.6,67962.3,67174.3,67272.9,140.19187238,3440
1721635200,67273.0,67586.5,67001.6,67560.0,146.29324093,3486
1721649600,67560.1,67997.6,66600.0,67073.1,309.86105066,6871
1721664000,67073.1,68240.0,66853.7,68216.9,307.50535514,5704
1721678400,68216.9,68240.0,67301.2,67595.1,244.79651487,6122
1721692800,67595.2,67761.1,67240.0,67500.0,278.62625523,4755
1721707200,67500.1,67501.7,66300.0,66566.9,321.53438103,5151
1721721600,66567.0,67173.6,66500.0,66705.0,140.4118416,3709
1721736000,66705.1,67370.4,66000.0,66611.3,250.95836533,7327
1721750400,66611.3,66765.0,65458.8,65525.4,747.16839247,8022
1721764800,65531.8,65984.0,65501.3,65900.8,806.84851678,4894
1721779200,65900.8,66100.1,65471.3,66042.9,283.17802934,2940
1721793600,66043.0,66043.4,65668.4,66019.9,85.85056008,1698
1721808000,66019.9,66571.4,66019.8,66384.9,281.61917221,2879
1721822400,66384.9,67098.3,66100.0,66231.5,281.55070851,5511
1721836800,66172.9,66700.7,65597.1,65686.0,308.23219642,5817
1721851200,65633.8,66061.2,65134.4,65367.0,327.87923396,4536
1721865600,65360.4,65600.0,63816.9,64086.1,415.71748776,7527
1721880000,64086.2,64322.1,63781.0,64131.7,115.12010213,2780
1721894400,64131.8,64442.5,63895.8,64100.7,146.89779605,3004
1721908800,64100.7,64954.9,63427.5,64734.9,459.65430618,6462
1721923200,64735.0,65142.0,64320.1,64674.1,351.31520129,5496
1721937600,64674.1,66090.9,64439.6,65795.4,295.50816309,4684
1721952000,65794.2,67424.6,65755.6,67056.6,584.63120385,6083
1721966400,67056.6,67172.3,66849.9,66910.1,349.47840462,3690
1721980800,66910.1,67430.0,66910.1,67298.9,147.04027026,3683
1721995200,67299.0,69000.0,66929.5,67584.5,812.38827637,9800
1722009600,67584.6,68115.8,67343.8,68031.8,293.93906749,5693
1722024000,68017.1,68211.4,67442.9,67914.7,301.81422969,6457
1722038400,67914.7,68076.2,67677.6,67825.0,110.25135424,3365
1722052800,67825.1,68245.0,67825.0,68080.3,93.70919494,2780
1722067200,68080.4,68263.1,67950.1,68229.5,272.24809573,3420
1722081600,68229.6,69398.3,68229.5,68865.8,647.3436981,9132
1722096000,68865.9,69000.0,67734.2,68286.0,521.71121687,8663
1722110400,68286.0,69100.0,66624.3,67900.8,1425.9280565,13914
1722124800,67912.9,68229.5,67258.0,67945.0,292.47731676,3589
1722139200,67945.1,68029.5,67090.9,67500.0,185.10588319,2969
1722153600,67500.0,67945.0,67256.3,67862.6,101.60713006,1903
1722168000,67862.6,68099.5,67603.5,67659.0,168.7630352,2779
1722182400,67659.1,68282.0,67637.7,68149.9,151.32962533,3535
1722196800,68150.0,68250.0,67871.1,68250.0,96.27594723,2626
1722211200,68250.0,69722.8,68174.6,69348.4,337.51294233,7619
1722225600,69348.5,69820.6,69282.9,69519.5,240.78199407,4663
1722240000,69519.6,69812.1,69377.6,69600.0,205.40162826,4687
1722254400,69600.1,69985.0,67643.2,68100.1,700.49288776,11707
1722268800,68100.1,68100.1,66429.9,67292.5,700.69402807,10137
1722283200,67279.3,67508.4,66605.7,66755.3,555.75538378,5643
1722297600,66755.4,66830.1,65853.1,66612.9,485.05552002,6174
1722312000,66607.0,66965.5,66365.1,66920.0,114.02188234,2728
1722326400,66920.0,66973.7,66445.0,66607.3,101.80949861,2489
1722340800,66602.6,66868.7,65550.0,66194.6,372.47626496,6201
1722355200,66194.6,66500.0,65572.3,65897.1,234.3331648,4935
1722369600,65897.1,66316.3,65337.5,66175.1,421.85826625,4516
1722384000,66175.1,66395.5,65912.7,66057.1,62.52621753,2954
1722398400,66057.1,66500.0,65478.9,66220.5,217.42943999,3262
1722412800,66220.6,66346.8,65952.3,66055.3,81.45291269,2657
1722427200,66055.3,66788.5,66000.0,66360.5,296.26011644,5871
1722441600,66360.4,66799.9,64916.1,65230.9,490.65230724,8406
1722456000,65230.9,65377.0,64524.6,64638.1,417.44066433,7938
1722470400,64638.1,64795.8,63750.0,63903.7,243.87326217,7925
1722484800,63903.8,64460.6,63570.0,64289.7,212.29006487,4775
1722499200,64289.7,64621.4,64287.2,64618.2,92.14869368,2997
1722513600,64618.2,64888.0,62573.4,62849.9,684.80270072,9204
1722528000,62850.0,63417.6,62250.0,63394.4,668.67083121,8904
1722542400,63394.4,65550.0,63275.8,65300.0,520.76441113,7552
1722556800,65300.1,65500.0,63588.5,64526.4,411.12468983,6284
1722571200,64526.4,64537.7,63789.0,64126.3,159.79823682,3723
1722585600,64126.3,64895.8,63995.6,64602.9,130.23847817,2916
1722600000,64603.0,65465.2,62422.4,63358.6,914.02738178,10686
1722614400,63358.6,63553.6,62436.2,62557.2,370.30584086,5929
1722628800,62557.2,63073.1,61205.0,61409.9,673.23739173,10445
1722643200,61410.0,61885.0,60477.0,61832.1,680.3317549,8770
1722657600,61841.7,61916.4,61216.8,61654.5,480.17096901,4803
1722672000,61654.6,61957.6,61418.7,61877.1,105.80581559,2077
1722686400,61877.1,62126.7,60773.9,60870.7,241.33681831,4569
1722700800,60868.3,61221.1,59900.0,60213.3,777.410795,9073
1722715200,60213.4,60826.1,59826.5,60688.5,276.61252328,5072
1722729600,60688.6,61040.4,60297.2,60707.7,121.73108888,2552
1722744000,60706.1,60877.0,60250.0,60316.9,97.64391611,2034
1722758400,60317.0,60945.3,60088.4,60875.2,73.36455537,2264
1722772800,60875.3,61040.4,58956.2,59029.2,520.33725187,7658
1722787200,59044.5,59428.7,57176.3,59241.6,827.47445342,13278
1722801600,59239.1,59511.8,58000.0,58103.0,354.92818588,5365
1722816000,58103.1,58270.3,52430.0,53846.9,2385.4752804001,27871
1722830400,53889.8,54555.7,49111.0,52710.4,2253.8622922299,27582
1722844800,52691.4,53206.8,50680.8,51360.2,1131.24907534,14653
1722859200,51347.8,55000.0,49527.7,54365.3,2983.15187925,29818
1722873600,54362.8,55555.9,52575.1,53494.4,1328.5383245799,28087
1722888000,53494.5,55193.4,53494.5,54006.5,552.05687261,7865
1722902400,54012.4,56372.4,53978.6,55694.1,735.50705448,7940
1722916800,55692.0,56169.9,55300.0,56069.3,320.8313101,6886
1722931200,56069.3,56158.3,54640.3,55240.0,478.55803252,7040
1722945600,55239.9,56651.3,54376.1,56412.2,789.74057015,9228
1722960000,56412.2,57056.5,56300.1,56818.3,475.11008427,7098
1722974400,56818.3,56920.0,55832.3,56080.0,350.5470876,7909
1722988800,56080.0,57258.7,55581.1,56918.1,484.79089126,7336
1723003200,56918.1,57250.0,56630.1,56964.0,244.21286093,5449
1723017600,56975.0,57720.8,56932.0,57000.0,274.29905704,5984
1723032000,57000.1,57473.7,55685.9,56110.5,641.27971046,8927
1723046400,56110.6,56325.2,54701.0,54750.1,641.93878883,8253
1723060800,54751.6,55571.0,54556.5,55091.0,496.55788962,6213
1723075200,55138.1,57643.2,54760.3,57107.8,544.57866354,7145
1723089600,57107.9,57401.0,56683.7,57220.1,318.2754523,3862
1723104000,57220.1,57664.0,57025.6,57347.1,127.25155614,3531
1723118400,57347.1,59500.0,56696.5,59482.9,1063.31757049,12713
1723132800,59481.1,59844.0,59279.2,59427.6,415.37722572,8102
1723147200,59427.7,62700.0,59323.1,61704.7,1105.93629321,12030
1723161600,61701.9,61732.2,60800.1,61333.1,402.1346227,6381
1723176000,61376.0,61376.0,60617.1,60860.4,273.55643729,4002
1723190400,60860.5,61216.5,60225.6,60696.5,226.983408,4152
1723204800,60684.3,61135.9,59572.9,59836.6,563.62363072,7940
1723219200,59836.7,60758.6,59750.6,60693.1,624.73928323,5882
1723233600,60693.2,61025.7,60000.0,60859.9,1453.05396772,7425
1723248000,60859.9,61444.6,60287.6,60449.6,209.86409551,4440
1723262400,60449.7,60835.7,60284.3,60835.6,55.2954615,2434
1723276800,60835.7,61113.7,60650.7,60939.4,63.449728,2200
1723291200,60939.5,60960.2,60450.0,60600.1,83.24754441,3089
1723305600,60561.7,61199.3,60414.6,61029.0,255.53613418,3743
1723320000,61029.1,61177.4,60821.1,60951.7,77.87527238,2837
1723334400,60951.8,61375.0,60938.7,61132.8,60.27160767,2841
1723348800,61132.8,61261.2,60911.0,61260.8,53.31480735,1951
1723363200,61260.9,61800.0,60447.1,60693.0,345.17262689,3949
1723377600,60693.0,60725.8,60000.0,60136.2,279.02326815,4708
1723392000,60150.4,60338.1,59585.8,59678.8,261.30824065,4250
1723406400,59678.9,59678.9,58329.9,58717.7,658.99111252,8791
1723420800,58717.7,59037.8,58155.2,58540.1,238.60608508,5000
1723435200,58540.2,58952.9,57690.0,58675.2,232.25482722,4430
1723449600,58675.2,59960.0,58186.8,59873.2,235.92097947,5226
1723464000,59873.2,60658.4,57822.6,60192.4,597.39423868,10357
1723478400,60192.4,60390.6,58501.6,59049.4,308.18560525,6056
1723492800,59036.7,59729.0,58586.2,59359.9,162.03643344,4619
1723507200,59359.5,59913.3,58902.5,59019.6,138.09884014,5819
1723521600,59019.6,59445.5,58866.4,59213.7,61.91778746,2621
1723536000,59213.8,59338.1,58441.2,58809.0,126.12055669,3329
1723550400,58808.9,59803.6,58755.2,59525.1,940.36145826,7017
1723564800,59525.1,61555.0,59500.7,60852.9,927.64896678,10184
1723579200,60853.0,61125.0,60461.0,60600.0,249.92325615,3953
1723593600,60600.1,61275.3,60461.0,61008.2,213.62772491,3428
1723608000,61008.2,61175.0,60700.5,60955.1,88.97456716,2376
1723622400,60955.1,61438.6,60700.5,61321.7,275.6418129,3297
1723636800,61321.7,61773.4,58889.7,59436.1,1132.58407825,9738
1723651200,59436.1,59468.3,58718.4,58900.0,453.98878804,5688
1723665600,58900.1,59172.6,58500.0,58693.6,132.79466565,3586
1723680000,58693.7,59030.7,58061.3,58447.8,216.43050675,3854
1723694400,58447.9,58600.2,57736.4,58063.9,206.23826531,3188
1723708800,58063.9,58838.9,58000.0,58740.0,149.76748897,2641
1723723200,58740.0,59761.2,58596.0,59730.0,541.91023782,5014
1723737600,59730.0,59885.4,56725.0,57050.4,873.5839505,9778
1723752000,57050.4,57875.8,56117.7,57554.9,592.86724326,6654
1723766400,57555.0,58485.1,57100.9,57852.8,283.97492765,4427
1723780800,57852.8,58614.3,57808.6,58460.4,84.47769466,2431
1723795200,58460.4,58677.6,58277.7,58414.1,104.99356833,2537
1723809600,58414.1,58864.1,57514.7,58100.1,364.91051152,5355
1723824000,58100.1,59800.0,58043.3,59721.3,530.45270242,5665
1723838400,59726.6,59726.6,58782.3,58898.4,291.2690633,3946
1723852800,58895.6,59393.0,58812.4,59168.8,51.69054267,2210
1723867200,59177.1,59263.9,59093.2,59231.4,40.69397709,1311
1723881600,59231.4,59482.5,59101.7,59131.7,87.41968644,1697
1723896000,59131.8,59676.5,59115.9,59400.9,89.40978337,2059
1723910400,59400.9,59682.2,59330.0,59505.0,106.0395722,2515
1723924800,59505.1,59510.0,59205.9,59473.3,81.11406374,2040
1723939200,59473.4,60210.0,59351.9,59351.9,242.79540151,3439
1723953600,59353.1,59656.5,59314.8,59568.0,65.49039617,1784
1723968000,59568.1,60150.3,59460.9,59998.1,115.05736821,2114
1723982400,59998.1,60234.4,59691.5,59864.6,130.42119416,2424
1723996800,59864.7,59926.1,59400.2,59713.1,118.14169383,2414
1724011200,59713.1,59854.2,58451.6,58466.5,143.02895033,3844
1724025600,58466.5,58725.0,58263.8,58724.9,113.55319328,3232
1724040000,58724.9,58748.1,58396.4,58519.0,179.179965,2295
1724054400,58519.1,58654.5,57860.8,58397.4,319.90507971,3356
1724068800,58397.4,58988.7,58103.2,58560.0,296.97220673,5117
1724083200,58560.1,59300.0,58431.8,58956.5,268.61256425,4529
1724097600,58956.5,59593.0,58956.4,59493.7,135.17670458,3714
1724112000,59493.7,60910.3,59402.0,60619.7,493.96446039,6379
1724126400,60619.7,61391.9,60619.7,60937.8,263.96650749,4422
1724140800,60937.9,60999.2,60488.0,60524.7,185.38134821,3234
1724155200,60524.8,60937.0,58695.3,58835.4,719.05019019,8883
1724169600,58838.4,59569.5,58572.7,59505.2,239.69312361,5186
1724184000,59505.3,59700.3,58925.0,59023.3,200.33878321,4088
1724198400,59023.3,59475.6,58844.0,59319.8,93.63672367,3492
1724212800,59319.9,59734.1,59199.2,59727.9,75.63024773,2289
1724227200,59728.0,59927.5,59123.1,59371.5,114.40272198,2561
1724241600,59371.5,60208.5,58901.0,59550.1,511.74479888,5903
1724256000,59550.1,61650.7,59421.6,61610.1,856.95902815,8134
1724270400,61610.1,61800.0,60938.0,61179.7,501.12372634,5595
1724284800,61179.8,61236.2,59805.7,60579.0,429.42538485,5200
1724299200,60579.0,61124.3,60488.9,61033.8,164.35405849,2778
1724313600,61033.8,61416.7,60822.1,61379.4,151.99022075,3502
1724328000,61379.5,61399.3,60122.0,60424.6,432.43206117,5830
1724342400,60424.6,60602.5,60152.6,60263.7,260.49098284,4045
1724356800,60263.7,60696.7,60263.7,60391.1,155.52012954,3067
1724371200,60391.1,60961.3,60390.0,60608.3,101.22018039,2885
1724385600,60608.3,61317.7,60607.6,61072.3,160.28809004,2989
1724400000,61078.3,61347.4,60709.6,60718.7,139.41268579,2756
1724414400,60718.7,62300.0,60718.6,61551.1,896.58650857,9446
1724428800,61563.9,63855.9,61400.0,63684.3,1136.55129446,10890
1724443200,63684.3,64950.9,63573.0,64087.4,723.00799999,8835
1724457600,64087.5,64238.6,63688.0,63878.3,150.01153997,3807
1724472000,63878.4,64342.0,63878.3,64342.0,118.53511332,2613
1724486400,64342.0,64481.2,63947.0,63963.1,167.31512906,2670
1724500800,63963.2,64258.9,63947.0,63997.9,125.94495002,2792
1724515200,63997.9,64424.4,63974.4,64248.9,221.25989472,4071
1724529600,64249.0,64311.0,63641.0,64176.0,170.21949096,4047
1724544000,64176.1,64503.9,64044.0,64150.6,154.95005165,3880
1724558400,64150.6,64200.0,63866.0,63905.6,66.40187634,2159
1724572800,63905.7,64025.4,63834.5,63891.8,69.26859045,1869
1724587200,63891.8,64295.7,63850.0,64132.2,82.44756148,2490
1724601600,64132.2,64241.8,64063.8,64216.8,56.6910034,2290
1724616000,64216.8,65070.7,64162.4,64288.1,277.34211283,4893
1724630400,64288.1,64455.5,63850.0,64128.7,159.87054045,3755
1724644800,64128.7,64170.0,63620.0,63644.8,95.97923958,2469
1724659200,63647.9,64034.0,63300.0,63877.9,177.27376556,3874
1724673600,63878.0,63970.9,63072.4,63545.9,337.63137037,5589
1724688000,63546.0,63850.0,63232.2,63316.7,186.5650179,4926
1724702400,63316.6,63533.5,62851.0,62854.7,179.56582332,5045
1724716800,62851.1,63200.0,62664.1,62983.8,201.95603986,4567
1724731200,62983.8,63200.0,62760.0,62860.0,82.76279191,2437
1724745600,62860.1,62965.0,62252.0,62415.1,161.83295851,3754
1724760000,62415.1,62480.4,61509.7,61679.5,494.3376878,6473
1724774400,61679.5,62196.8,61555.8,62092.4,244.24056106,4359
1724788800,62092.9,62092.9,58009.6,59458.0,1133.39266316,13646
1724803200,59458.0,59650.2,58940.0,59650.2,398.75006431,5810
1724817600,59647.3,59647.3,58593.2,58596.3,122.17681914,3160
1724832000,58596.3,60216.2,58594.0,59947.0,301.93237897,3931
1724846400,59947.0,60160.6,58476.4,59037.3,480.10272161,6194
1724860800,59037.3,59852.3,57870.8,58868.1,496.824349,8280
1724875200,58882.3,59578.9,58675.6,59025.6,163.84404829,4437
1724889600,59025.6,59314.7,58931.8,59160.9,83.82398571,2632
1724904000,59160.9,59747.2,59086.0,59597.1,61.04194328,2011
1724918400,59597.1,60488.3,59390.2,60104.4,204.95914112,3092
1724932800,60088.5,61143.1,60030.8,60800.0,408.26158391,5195
1724947200,60800.0,60964.7,58952.9,59273.1,524.04540794,7451
1724961600,59273.1,59641.5,58717.4,59385.5,182.95020822,3909
1724976000,59385.5,59477.4,58948.2,59060.6,106.56912954,3306
1724990400,59060.7,59539.9,58700.0,59326.5,141.77763671,3222
1725004800,59326.5,59650.9,59301.8,59406.6,71.19301304,2444
1725019200,59406.6,59899.0,57916.8,58085.1,563.52367649,8452
1725033600,58085.1,59343.2,57755.0,58759.6,526.73218136,6471
1725048000,58736.6,59231.9,58736.5,59105.0,111.66946659,3035
1725062400,59110.0,59443.0,59100.1,59231.4,80.79276016,3171
1725076800,59231.5,59314.0,59100.1,59100.1,95.66639327,2043
1725091200,59100.2,59169.0,58850.0,59148.3,31.52270696,1633
1725105600,59148.3,59229.4,58930.6,59007.2,208.81641315,2881
1725120000,59007.3,59122.9,58736.9,58854.9,97.58142132,3201
1725134400,58855.0,59100.0,58794.2,58972.3,47.70458741,2363
1725148800,58972.3,59026.7,58282.4,58515.2,102.05281815,3170
1725163200,58515.2,58590.4,57802.5,58431.7,167.54464625,4110
1725177600,58431.7,58491.4,57843.8,58190.6,164.66705856,3034
1725192000,58190.6,58400.0,57210.0,58189.9,760.65000443,5631
1725206400,58190.0,58750.0,57893.2,58504.4,311.58184859,4268
1725220800,58504.4,58654.4,57231.3,57321.2,266.88304415,5543
1725235200,57318.5,57720.8,57124.2,57720.8,241.65852151,3986
1725249600,57720.9,57929.1,57394.3,57534.9,163.09221466,2978
1725264000,57535.0,58650.1,57510.1,58420.0,588.92303618,4348
1725278400,58420.0,58774.0,58099.8,58540.5,360.28585088,3819
1725292800,58540.5,58639.7,58301.9,58437.7,149.02904959,2981
1725307200,58437.8,59388.0,58429.8,59128.6,233.18921273,4805
1725321600,59128.7,59773.0,59029.3,59095.5,144.1085975,3912
1725336000,59095.6,59250.1,58882.2,59090.0,115.78927345,2685
1725350400,59090.0,59182.2,58702.8,59049.2,95.51730951,2532
1725364800,59049.2,59314.8,57541.5,57737.2,397.47063281,6963
1725379200,57707.3,58226.5,57600.0,57994.6,376.47739311,5810
1725393600,57994.6,58172.9,57406.4,57497.6,317.78689656,4007
1725408000,57482.4,57918.0,55617.7,56642.9,651.60310482,10835
1725422400,56643.0,56825.0,56171.8,56730.0,184.39206721,4244
1725436800,56730.0,56888.3,56446.7,56577.5,251.98323702,3484
1725451200,56577.5,58132.3,56200.0,58132.2,524.09478884,7974
1725465600,58132.3,58508.0,57637.9,58035.5,495.76719974,6746
1725480000,58035.6,58368.7,57912.7,57970.0,146.69183773,4177
1725494400,57970.1,58285.9,56914.7,57124.6,329.53960295,4906
1725508800,57124.6,57272.6,56567.0,57148.1,176.41311968,3591
1725523200,57148.1,57217.5,56636.0,56700.1,114.49142123,3182
1725537600,56700.1,57265.3,55849.0,55974.4,785.71209985,9645
1725552000,55974.4,56698.7,55800.0,56015.5,396.49536077,6653
1725566400,56009.5,56237.4,55601.5,56163.9,314.61018005,5702
1725580800,56163.9,56827.5,55970.7,56575.3,211.8683716,4326
1725595200,56575.3,56708.5,55302.5,55804.8,269.23930656,5095
1725609600,55804.9,56239.0,55640.1,55980.4,185.94039766,4010
1725624000,55980.5,56964.1,53456.0,54020.0,1916.20158404,19862
1725638400,54020.0,54400.0,53225.8,53473.5,766.70610856,12568
1725652800,53476.2,53948.3,52569.0,53948.3,460.92391803,9194
1725667200,53948.3,54040.7,53739.0,53808.5,373.91372324,4869
1725681600,53808.5,54379.3,53797.9,54284.9,71.47143244,3093
1725696000,54284.9,54451.1,54205.0,54320.4,79.97106113,2232
1725710400,54320.4,54802.5,54320.4,54779.2,178.74329357,3639
1725724800,54779.2,54810.2,54010.1,54411.9,165.21146361,4303
1725739200,54411.9,54411.9,53835.0,54146.4,146.6298842,3470
1725753600,54146.5,54500.0,53977.0,54367.0,105.55337604,2589
1725768000,54367.1,54555.5,54290.0,54454.1,46.64354471,2025
1725782400,54454.2,54693.3,54345.6,54551.5,83.6502314,2226
1725796800,54553.3,54555.0,53643.7,53686.6,177.68459023,3723
1725811200,53689.6,54510.9,53636.6,54341.5,237.36787454,3675
1725825600,54341.5,55317.6,54186.1,54856.8,329.99511972,5691
1725840000,54856.9,55371.0,54739.4,55117.0,202.61512104,4257
1725854400,55118.2,55147.1,54580.3,54974.4,73.52691646,2775
1725868800,54968.6,55500.0,54968.6,55245.0,138.56045072,2825
1725883200,55245.0,55756.4,54843.2,55375.2,335.05366762,5811
1725897600,55379.6,57183.2,55367.2,57142.4,670.61593401,9213
1725912000,57142.4,58050.8,56818.2,57062.7,387.21023307,5954
1725926400,57062.7,57073.7,56562.5,56562.5,184.11569816,3051
1725940800,56562.5,57286.2,56440.2,57212.9,109.94583373,2061
1725955200,57217.3,57379.9,56908.2,57237.7,137.30819631,2693
1725969600,57237.6,57441.0,56515.7,56643.7,355.66752783,4385
1725984000,56637.0,58000.0,56609.7,57999.9,327.80369668,5079
1725998400,58000.0,58000.0,57446.8,57630.0,122.09883578,3313
1726012800,57630.0,57737.1,56684.5,56802.5,307.31169793,3961
1726027200,56814.3,56814.3,56125.0,56725.7,172.54440049,3063
1726041600,56706.6,56892.2,56393.9,56772.0,86.77841266,2345
1726056000,56772.0,57127.6,55548.1,56716.5,564.19141119,6772
1726070400,56716.6,57990.0,56653.1,57634.0,829.74521842,6646
1726084800,57634.0,57670.1,57258.7,57350.6,150.1221008,2840
1726099200,57350.7,58450.2,57339.0,58252.0,386.82542144,5049
1726113600,58252.1,58430.9,57866.6,58129.5,131.03277405,2389
1726128000,58129.5,58308.8,57894.3,58053.2,98.33268254,2170
1726142400,58053.2,58546.4,57345.0,57494.1,358.08963357,5562
1726156800,57494.2,58449.0,57482.3,58382.1,271.71836191,5029
1726171200,58382.1,58382.1,57821.5,58133.1,147.4646004,3147
1726185600,58133.4,58240.0,57866.6,57867.4,116.65273207,3114
1726200000,57867.5,58124.0,57776.4,58124.0,42.04275724,1950
1726214400,58124.0,58326.8,57712.9,57811.4,725.54596109,3923
1726228800,57811.4,59722.2,57658.3,59662.9,719.67686903,7537
1726243200,59662.9,60029.8,59306.5,59772.1,925.63763261,8992
1726257600,59772.1,60657.4,59669.3,60581.0,466.96404051,6957
1726272000,60581.1,60650.0,60324.6,60365.3,379.09788768,5680
1726286400,60365.4,60369.9,59915.7,60166.6,84.65737616,2750
1726300800,60166.6,60175.8,59640.0,59730.2,238.20246141,2193
1726315200,59730.3,60023.6,59674.4,59896.7,87.70283201,2597
1726329600,59896.7,59995.0,59478.3,59820.4,182.67086092,2990
1726344000,59822.2,60111.8,59810.7,60000.1,39.78802392,2028
1726358400,60000.2,60255.0,60000.2,60153.1,106.2321836,2051
1726372800,60153.1,60214.3,60116.9,60208.5,19.38305675,1160
1726387200,60208.5,60215.0,59893.8,60018.4,112.44155107,1434
1726401600,60018.4,60350.0,59937.2,60349.9,74.5502734,2343
1726416000,60350.0,60350.0,59724.6,59889.7,178.07667063,3096
1726430400,59890.2,59900.0,58679.1,59135.1,425.7708203,5521
1726444800,59135.1,59176.7,58128.0,58565.0,303.54384278,4510
1726459200,58565.1,58910.4,58327.0,58901.8,144.18391958,2182
1726473600,58901.9,59144.0,58522.8,58685.6,112.526876,2469
1726488000,58685.6,58769.9,57550.0,57894.2,405.79394903,5592
1726502400,57894.2,58250.0,57488.7,57881.7,270.44772648,5023
1726516800,57881.7,58384.6,57637.9,58197.2,161.74889722,3604
1726531200,58197.3,58342.5,57619.9,58052.1,151.4098977,2895
1726545600,58059.4,58720.0,58042.0,58703.0,104.75816334,2075
1726560000,58703.1,59279.2,58649.6,59119.9,183.89984801,3074
1726574400,59119.9,61300.0,58875.2,61123.2,988.63111786,10522
1726588800,61123.2,61201.8,59643.1,60002.2,693.00587717,8000
1726603200,59992.1,60435.3,59757.3,60317.2,262.63567405,4468
1726617600,60317.1,60736.1,59930.0,60506.6,119.49139822,4339
1726632000,60509.9,60690.5,60200.0,60420.2,280.90954795,2710
1726646400,60423.7,60423.7,59391.0,59884.9,323.81607559,3787
1726660800,59875.3,60144.3,59330.9,59424.0,226.57591911,5218
1726675200,59424.0,61300.0,59164.6,60075.3,982.555738,12010
1726689600,60075.3,61777.7,59542.4,61777.7,443.08110245,6489
1726704000,61777.7,62535.0,61599.2,62110.9,555.36937299,7318
1726718400,62111.0,62150.0,61825.8,62095.1,176.84305075,2858
1726732800,62095.1,62700.0,61900.0,62677.3,336.39112171,3158
1726747200,62660.6,63472.4,62640.1,63146.6,602.86499222,6970
1726761600,63146.6,63840.0,63000.2,63289.3,669.15820179,7364
1726776000,63289.2,63289.3,62650.0,62922.1,335.18432413,4436
1726790400,62922.2,63700.0,62609.1,63700.0,213.69201589,8882
1726804800,63700.0,64087.0,63450.0,63554.9,395.49620561,4751
1726819200,63555.0,63676.4,63161.8,63440.9,158.35106447,3157
1726833600,63440.9,63501.0,62566.3,63149.2,600.63881193,7827
1726848000,63149.2,63250.0,62373.3,62853.3,467.82301382,6907
1726862400,62853.3,63296.9,62708.5,63210.2,399.13411043,5877
1726876800,63210.3,63290.5,62869.1,62915.0,282.03539825,4156
1726891200,62915.1,63133.5,62801.0,63100.6,266.42720127,3402
1726905600,63095.7,63153.6,62983.2,63113.8,298.06005037,2836
1726920000,63113.9,63330.0,63075.6,63229.2,320.42672453,5482
1726934400,63225.1,63400.0,63133.9,63238.3,279.5981013,4439
1726948800,63238.4,63539.5,63071.8,63376.1,323.89754235,4980
1726963200,63376.1,63470.1,62867.7,63128.0,343.48895211,4586
1726977600,63128.0,63197.8,62860.0,62974.1,272.09545841,3775
1726992000,62963.8,63047.6,62600.0,62840.3,306.72464881,4577
1727006400,62840.3,62936.4,62461.5,62713.0,342.01113987,3972
1727020800,62713.0,63222.2,62502.8,63202.0,333.40041688,5734
1727035200,63202.0,64000.0,62440.6,63615.2,596.4727787,8158
1727049600,63615.2,64777.3,62643.0,64366.3,701.46783587,9802
1727064000,64366.3,64450.0,63416.8,63555.8,355.44474666,5736
1727078400,63555.8,63696.8,63314.3,63424.0,382.15532214,4440
1727092800,63424.1,63779.4,63080.8,63640.1,457.13332556,6760
1727107200,63640.1,63800.0,63135.0,63309.0,357.88902887,5723
1727121600,63309.1,63470.1,63150.0,63332.4,175.86614463,3276
1727136000,63332.4,63393.4,62739.4,63106.6,173.85955849,4781
1727150400,63111.5,63536.7,62935.5,63536.7,89.29948116,2411
1727164800,63536.7,63937.0,63374.0,63469.2,195.69996256,6526
1727179200,63469.2,63757.9,62761.0,63168.9,352.51321023,5416
1727193600,63156.2,64326.5,63100.1,64306.2,411.14616017,5225
1727208000,64306.2,64681.0,63967.9,64271.8,508.88745167,7433
1727222400,64271.9,64770.0,64003.3,64456.2,330.24852147,5649
1727236800,64456.2,64456.2,63673.8,63815.0,89.36741636,3174
1727251200,63815.0,63875.4,63416.8,63832.8,207.13660305,3107
1727265600,63832.8,63940.3,63346.0,63508.6,363.97485753,4803
1727280000,63508.6,63653.4,63005.7,63180.1,307.76254358,5712
1727294400,63180.1,63527.4,62917.4,63139.2,174.46682102,4264
1727308800,63139.2,63500.0,62673.3,63500.0,127.5114009,3651
1727323200,63500.0,63811.0,63329.2,63811.0,82.11793225,2162
1727337600,63811.0,64450.0,63575.2,64386.9,272.85160768,3627
1727352000,64386.9,65499.0,64169.5,65241.9,807.01772889,9884
1727366400,65239.4,65764.9,64752.5,64757.8,796.07889486,8878
1727380800,64751.2,65244.9,64699.4,65183.5,291.85726039,4892
1727395200,65179.3,65389.0,64841.2,65376.0,172.26032853,3350
1727409600,65376.0,65530.0,65036.2,65490.7,137.24300245,2892
1727424000,65490.7,65947.7,65361.4,65440.0,248.44277081,3793
1727438400,65440.0,66452.8,65360.0,66025.5,548.63381138,6556
1727452800,66025.5,66358.6,65581.4,65688.9,351.54703431,6012
1727467200,65688.9,65946.0,65630.4,65788.9,123.39520471,3410
1727481600,65788.8,66218.7,65775.0,66075.0,74.79582056,2755
1727496000,66075.0,66096.2,65800.0,65849.4,57.02923019,1820
1727510400,65849.5,65849.5,65475.7,65780.5,121.73543329,2401
1727524800,65780.6,65792.3,65490.0,65635.1,35.69212874,2318
1727539200,65635.1,65829.2,65555.0,65727.8,62.58652168,2394
1727553600,65727.8,65944.4,65491.5,65878.4,83.57699906,2380
1727568000,65862.7,65944.9,65700.1,65813.8,29.30474475,1779
1727582400,65813.9,65813.9,65477.3,65477.3,45.58470994,1589
1727596800,65479.2,65727.1,65474.4,65700.1,153.0655638,1596
1727611200,65700.1,65860.1,65619.0,65746.9,118.60965617,2482
1727625600,65746.9,65932.2,65700.0,65932.2,91.59223082,2430
1727640000,65932.1,66055.0,65544.9,65610.0,103.87955261,3449
1727654400,65610.1,65610.1,64186.9,64557.4,482.22428721,7533
1727668800,64557.5,64701.6,64340.6,64555.8,144.16876082,2742
1727683200,64555.8,64555.8,63288.1,63843.8,413.8737423,6103
1727697600,63843.9,64125.3,63567.0,63567.0,320.98271456,4748
1727712000,63567.1,63704.8,63067.8,63460.7,244.14926281,5383
1727726400,63456.2,63818.7,62883.9,63338.5,208.25387247,4721
1727740800,63325.0,63688.1,62984.0,63679.2,217.93307553,3493
1727755200,63679.2,64100.0,63622.2,63999.9,109.50754781,2632
1727769600,64000.0,64056.0,63718.9,63720.2,91.63082591,2770
1727784000,63722.4,63790.1,61850.0,62624.1,796.13690115,10773
1727798400,62624.2,62748.5,61071.8,61695.4,790.94340384,10663
1727812800,61695.5,61740.8,60203.4,60819.1,628.6632797,8407
1727827200,60819.1,61849.2,60728.7,61760.1,197.6832649,4093
1727841600,61760.1,61890.0,61350.0,61738.4,171.1867556,2838
1727856000,61738.5,61872.0,60856.5,61147.7,122.5653988,2839
1727870400,61147.7,61931.5,60564.5,61885.0,392.37226423,5672
1727884800,61885.0,62350.0,60000.0,60210.1,500.7748106,7747
1727899200,60202.3,60956.0,60137.0,60635.3,257.33986178,4498
1727913600,60643.9,61410.1,60517.6,61410.0,237.04483446,3450
1727928000,61410.1,61467.5,60813.1,60945.0,155.46585837,3273
1727942400,60945.1,61050.6,60158.0,60744.3,247.2962762,4963
1727956800,60742.6,60843.0,59850.0,60612.0,482.74529946,6777
1727971200,60612.0,60989.2,59950.0,60989.2,298.2569779,6144
1727985600,60995.0,61057.0,60594.5,60739.6,373.43513003,4409
1728000000,60739.7,61250.0,60451.6,60930.6,158.14428339,4043
1728014400,60932.0,61466.7,60932.0,61464.0,95.57309776,2384
1728028800,61464.0,61632.0,61272.6,61447.4,203.39580715,3209
1728043200,61447.4,61948.0,60800.0,61842.3,437.01485591,6782
1728057600,61840.3,62470.0,61628.0,62375.9,512.01532161,6257
1728072000,62376.0,62459.4,61992.6,62081.0,209.31371553,3653
1728086400,62081.0,62192.1,61700.0,61892.1,154.72968135,2368
1728100800,61892.1,62244.0,61819.7,62115.6,83.19328602,1810
1728115200,62115.7,62268.5,62094.6,62195.4,60.27482464,1641
1728129600,62195.4,62328.3,62114.3,62159.9,47.66917242,2179
1728144000,62159.9,62159.9,61792.1,61819.9,133.99756209,2801
1728158400,61820.0,62077.4,61723.0,62049.0,64.76731267,2339
1728172800,62048.5,62096.9,61874.9,61891.5,65.5510551,2159
1728187200,61889.7,62010.1,61824.9,61941.0,73.79979093,1427
1728201600,61941.1,62139.5,61933.0,62100.1,43.04644882,1413
1728216000,62100.0,62756.0,62099.9,62700.0,188.06138034,3585
1728230400,62700.0,62921.0,62580.6,62626.1,112.84747569,3610
1728244800,62623.9,62869.1,62324.0,62809.3,75.51076321,3633
1728259200,62809.4,63949.2,62646.5,63515.2,343.52847703,5863
1728273600,63515.3,63672.4,63338.5,63552.6,90.72759112,3195
1728288000,63552.6,63653.3,62670.6,63110.9,260.9512861,4652
1728302400,63111.0,64419.3,62821.0,63649.5,527.71914438,6992
1728316800,63649.5,63842.2,62779.8,63324.0,309.58899503,6217
1728331200,63324.0,63400.7,62150.8,62234.6,224.01218276,5815
1728345600,62221.1,62800.0,62186.4,62605.3,203.27865658,4512
1728360000,62605.4,62754.0,62015.1,62269.0,207.50749438,4178
1728374400,62269.0,62627.1,62209.4,62627.0,149.05498462,3063
1728388800,62626.9,63180.2,61850.0,62249.9,532.97406691,7360
1728403200,62250.0,62523.0,61825.4,62195.6,281.35739345,6067
1728417600,62187.7,62493.0,62027.4,62117.9,78.22602162,3618
1728432000,62120.6,62428.7,62016.4,62333.4,294.70292748,3236
1728446400,62333.4,62493.0,62171.3,62259.0,69.24690773,3410
1728460800,62259.0,62259.0,62016.4,62140.3,97.58986995,3384
1728475200,62140.4,62335.7,61581.2,62257.2,227.183054,5425
1728489600,62257.3,62291.7,60777.3,60990.5,439.21559753,7022
1728504000,60966.2,61062.7,60300.0,60558.0,298.47071527,6109
1728518400,60558.0,60880.5,60300.0,60810.1,107.46555057,3802
1728532800,60810.1,61084.4,60788.6,60880.0,102.91292584,2081
1728547200,60880.1,61223.8,60609.6,61218.1,103.01094638,2611
1728561600,61218.2,61237.4,60423.7,60741.1,276.91185663,5292
1728576000,60741.2,60916.0,58888.0,59668.9,843.55750393,10774
1728590400,59669.0,60279.6,59564.4,60279.5,226.35752262,4186
1728604800,60275.9,60683.2,60063.4,60595.1,153.96237022,3010
1728619200,60595.2,60839.0,60541.4,60625.6,69.86471681,3798
1728633600,60625.6,61213.5,60618.0,61135.7,182.31957377,4582
1728648000,61135.7,62380.0,61135.6,62294.4,384.70593814,8082
1728662400,62294.4,63414.5,62133.8,63093.1,960.3793749899,12812
1728676800,63095.3,63155.0,62350.4,62502.5,206.45907954,6509
1728691200,62502.5,63012.6,62495.0,62538.3,105.89909807,4764
1728705600,62538.3,62785.4,62538.3,62751.0,47.41968478,2361
1728720000,62751.1,63200.0,62664.0,62913.9,102.78061986,3625
1728734400,62913.9,63445.0,62816.3,63151.1,170.18491877,5954
1728748800,63142.9,63345.2,62922.2,63008.6,165.92218589,7264
1728763200,63008.6,63300.8,63001.5,63184.0,95.08364023,3147
1728777600,63184.9,63273.0,62693.2,62700.0,101.98156795,2744
1728792000,62700.1,62956.2,62700.0,62787.9,31.82654054,1324
1728806400,62788.0,62919.7,62510.7,62555.1,239.56807201,1788
1728820800,62555.1,62768.3,62029.9,62205.1,214.33651289,3056
1728835200,62205.1,62824.6,62139.9,62687.9,152.83136215,3528
1728849600,62688.0,63067.8,62585.0,62834.9,68.20284225,3285
1728864000,62834.9,64292.0,62465.0,64206.7,259.34268492,6145
1728878400,64206.7,64575.0,63750.3,64575.0,396.33120185,6050
1728892800,64575.0,65000.0,64271.8,64872.2,318.98083776,5333
1728907200,64860.2,66159.9,64630.0,65789.6,852.84769996,23410
1728921600,65786.2,65976.0,65344.9,65870.7,318.76319876,14162
1728936000,65870.8,66400.0,65720.3,66025.5,276.37082261,6197
1728950400,66025.6,66245.0,65283.0,65381.0,260.75091273,4885
1728964800,65354.4,65770.9,65186.0,65646.0,200.78898358,3726
1728979200,65645.4,65775.2,65246.9,65341.8,181.00556932,3276
1728993600,65341.9,67871.1,64686.1,65979.4,2257.25919562,23342
1729008000,65979.4,67335.4,65979.4,66977.7,654.42716834,8776
1729022400,66961.8,67120.9,66152.5,67060.5,438.30106881,5750
1729036800,67056.0,67500.0,66751.5,67120.0,247.16512291,5044
1729051200,67120.1,67300.0,66796.5,66969.6,148.671158,4945
1729065600,66965.6,68328.6,66940.0,67887.4,622.76014761,7693
1729080000,67887.4,68250.0,67150.0,67700.0,515.11324608,7438
1729094400,67700.0,68050.0,67505.6,67774.3,326.74392025,5317
1729108800,67774.3,67904.4,67500.0,67589.9,129.88511611,3455
1729123200,67590.0,67899.9,67383.1,67593.8,248.56887693,5475
1729137600,67580.9,67580.9,67059.1,67217.2,180.8473328,3262
1729152000,67217.3,67441.4,66777.2,66853.7,216.39343844,3685
1729166400,66853.8,67611.0,66644.5,67538.0,535.77959763,8630
1729180800,67538.0,67565.1,66732.4,66815.1,203.62468037,6758
1729195200,66815.1,67450.0,66807.2,67407.8,200.84226055,4137
1729209600,67407.8,68177.7,67189.9,67513.8,309.61255427,5828
1729224000,67513.8,68333.0,67513.8,67917.1,217.35481819,3980
1729238400,67917.1,68006.9,67674.5,67674.6,109.14097397,2645
1729252800,67674.6,68852.3,67646.6,68776.4,443.05617656,7834
1729267200,68776.4,68980.3,68410.7,68649.3,325.16282389,7253
1729281600,68649.4,68649.4,68218.0,68440.3,115.97567878,4503
1729296000,68440.2,68632.7,68318.4,68472.0,94.10313772,3293
1729310400,68472.0,68538.8,68308.1,68340.1,51.67584935,2308
1729324800,68340.2,68450.3,68076.1,68076.1,86.24198958,2625
1729339200,68076.1,68283.3,68076.0,68214.6,107.7719825,2744
1729353600,68217.2,68217.8,68062.2,68170.8,31.18897057,2360
1729368000,68170.9,68388.0,68170.8,68374.9,31.74709506,2504
1729382400,68375.0,68393.2,68129.4,68183.3,66.67764147,2259
1729396800,68183.3,68400.0,68166.0,68357.0,49.33972579,1659
1729411200,68357.0,68440.0,68357.0,68412.9,46.55152549,1429
1729425600,68413.0,68738.3,68247.3,68574.0,151.31922762,3876
1729440000,68574.0,68640.1,68450.0,68494.1,63.29480986,3010
1729454400,68494.1,69315.0,68459.0,69010.5,319.7759782,8461
1729468800,69010.5,69447.8,68593.7,68868.2,302.77028227,7390
1729483200,68868.2,69163.4,68438.7,68479.7,263.8720115,4114
1729497600,68479.8,68613.4,68105.2,68190.6,138.37638408,4533
1729512000,68190.6,68285.5,66838.6,67313.9,920.0140397499,13354
1729526400,67314.0,67900.0,66863.8,67730.0,548.87180097,8614
1729540800,67735.4,67899.8,67385.0,67385.1,76.40803049,4938
1729555200,67385.1,67640.8,66564.4,67350.9,307.01072505,6232
1729569600,67351.0,67732.8,67277.2,67343.5,86.53847457,3513
1729584000,67343.6,67456.0,66741.9,67260.6,275.78216584,4550
1729598400,67260.7,67649.0,66612.3,67266.1,352.90490491,7512
1729612800,67266.1,67593.7,66901.5,67485.4,174.65723887,6639
1729627200,67485.4,67750.0,67276.2,67387.6,135.694174,4847
1729641600,67384.2,67407.5,66884.7,66999.0,123.39482422,5027
1729656000,66999.0,67233.3,66778.6,66793.3,44.61887566,3495
1729670400,66793.4,66950.8,66201.0,66320.0,255.93267192,5512
1729684800,66320.0,66815.0,65820.7,66163.1,481.06524501,8591
1729699200,66159.8,66485.3,65199.0,66337.8,574.1303085,11483
1729713600,66337.9,66700.0,66255.2,66633.4,158.77040254,4550
1729728000,66630.5,67500.0,66452.2,67160.1,212.06893353,5687
1729742400,67160.1,67390.0,67015.0,67054.5,129.27232189,3597
1729756800,67054.5,67230.1,66700.0,67207.1,158.82947347,3630
1729771200,67207.2,67898.0,67205.9,67680.0,313.66810618,7586
1729785600,67680.0,68286.2,67335.9,68248.6,439.06007988,8789
1729800000,68257.4,68794.2,67966.1,68170.1,458.60609208,8705
1729814400,68170.1,68232.5,67836.1,67978.4,136.3720419,4945
1729828800,67978.4,67992.1,67235.0,67439.2,157.75448717,4493
1729843200,67439.3,68123.7,67278.7,68082.0,233.41376195,3515
1729857600,68082.1,68699.0,67418.8,67701.0,423.67590201,8601
1729872000,67700.1,67789.7,65887.0,66732.3,580.1525280699,14247
1729886400,66739.4,67230.0,65531.0,66606.8,433.16761987,10589
1729900800,66606.8,66879.9,66364.0,66823.8,71.13442583,5897
1729915200,66823.8,67111.4,66729.0,66958.4,113.17600369,2818
1729929600,66958.5,67127.5,66906.0,67050.0,68.21004466,1778
1729944000,67050.0,67072.0,66700.4,66788.3,83.39135809,2955
1729958400,66788.3,67074.0,66723.7,67074.0,143.54248119,2807
1729972800,67058.2,67348.4,67026.0,67026.0,74.02228458,2831
1729987200,67026.1,67156.0,66850.4,67156.0,50.85315586,2698
1730001600,67156.0,67156.0,67034.6,67111.9,59.26915317,1002
1730016000,67111.9,67156.0,67010.0,67055.0,46.52223988,1108
1730030400,67055.1,67724.6,67055.0,67710.0,198.23208009,3398
1730044800,67710.0,67876.7,67489.0,67726.1,150.53540928,3847
1730059200,67726.1,68196.0,67662.7,67941.2,164.57889413,4649
1730073600,67941.3,67995.0,67572.8,67640.4,253.16989603,3956
1730088000,67640.4,68546.0,67535.0,68347.5,94.18794786,3207
1730102400,68341.1,68710.4,68149.3,68665.4,310.40462312,3975
1730116800,68665.5,69204.3,68410.7,68433.0,435.9446003699,9769
1730131200,68436.1,69807.8,68412.9,69607.9,946.57959588,11772
1730145600,69610.0,70200.0,69429.6,69911.9,628.5294843,8434
1730160000,69912.0,71482.1,69720.1,70868.8,446.79046613,9755
1730174400,70868.9,71273.0,70835.4,70910.0,149.81755575,3881
1730188800,70910.9,71500.0,70910.9,71408.0,351.89188458,5908
1730203200,71408.0,72362.0,70909.8,72361.9,931.2884401799,13048
1730217600,72362.0,73574.9,72359.6,72489.9,900.6968426499,16990
1730232000,72490.0,72949.8,71822.8,72661.0,334.68005448,10957
1730246400,72661.0,72719.2,71878.8,72133.7,313.56047973,11503
1730260800,72133.7,72499.0,72099.3,72190.8,130.83414873,4451
1730275200,72190.8,72550.0,71823.5,71895.0,142.96486775,4564
1730289600,71895.0,72464.7,71400.0,72046.2,411.06020628,8902
1730304000,72046.3,72136.9,71662.4,71841.3,203.77670449,5107
1730318400,71841.3,72887.9,71669.9,72331.1,549.25370346,6623
1730332800,72331.1,72539.3,72041.8,72313.3,85.58552536,3673
1730347200,72313.4,72454.0,72180.1,72393.0,247.97374968,2582
1730361600,72393.0,72662.0,72130.0,72206.3,185.52858953,3491
1730376000,72206.3,72251.7,70450.0,70549.4,562.0447292999,10538
1730390400,70549.5,70839.3,69958.6,69958.6,378.48454776,7821
1730404800,69958.7,70536.3,69602.0,70250.1,397.37161522,6857
1730419200,70250.1,70350.0,68810.0,69294.8,427.78068237,7194
1730433600,69294.8,69610.0,69034.9,69200.4,181.84583602,3329
1730448000,69200.5,70139.6,69179.9,69945.0,248.92739296,4148
1730462400,69945.1,71576.0,69079.4,69355.6,787.5003758199,11996
1730476800,69356.4,70454.9,68810.0,69266.6,530.32050455,10895
1730491200,69249.1,69553.0,68841.0,69490.1,250.35871146,5242
1730505600,69490.1,69858.8,69490.0,69574.5,85.45972891,2727
1730520000,69574.6,69780.3,69475.0,69775.5,132.54364004,2268
1730534400,69775.5,69791.8,69387.8,69600.0,134.36192826,2302
1730548800,69600.1,69683.3,69060.0,69401.5,181.19794898,4672
1730563200,69401.5,69571.5,69215.1,69519.4,117.42547421,3885
1730577600,69519.4,69553.0,69153.5,69300.0,152.21261752,3421
1730592000,69300.9,69363.3,67604.3,68393.9,963.24345113,9502
1730606400,68393.9,68736.8,68282.9,68376.1,132.54370438,3030
1730620800,68376.1,68566.7,68193.8,68324.9,162.38940101,3283
1730635200,68325.0,68472.5,67483.7,68078.3,333.25219556,8133
1730649600,68078.4,68620.0,67724.6,68600.0,243.34763737,5806
1730664000,68600.0,69263.2,68525.1,68748.7,281.18200113,5596
1730678400,68748.7,69430.6,68219.0,69014.1,215.07484753,5399
1730692800,69014.1,69333.0,68564.6,68564.6,59.17305317,3101
1730707200,68564.6,68962.9,68435.3,68755.0,190.74934265,3050
1730721600,68755.0,69211.9,68205.8,68640.0,312.48378443,4434
1730736000,68640.1,68756.4,67213.0,67797.9,366.76230161,7070
1730750400,67805.3,68054.7,66836.0,67783.3,404.75073413,7912
1730764800,67787.8,68189.0,67481.4,68189.0,194.13302309,4170
1730779200,68189.0,68895.0,68189.0,68874.5,106.20490606,3209
1730793600,68874.6,69066.5,68605.7,68796.1,146.29452274,2553
1730808000,68796.3,70277.0,68656.9,69587.4,644.85438387,7049
1730822400,69591.0,70482.0,68764.3,69007.1,624.85157317,7597
1730836800,69007.1,69854.1,68838.9,69382.7,292.58135896,6265
1730851200,69382.7,75000.0,69341.0,74286.5,3137.5371543702,21593
1730865600,74286.6,75359.4,73139.0,73372.8,1945.3662316,13719
1730880000,73372.9,74444.0,72747.5,74322.8,695.91860307,6438
1730894400,74322.8,74804.5,73476.0,74374.8,1030.09134545,7324
1730908800,74374.9,75889.9,74193.2,75889.9,1079.42884533,9701
1730923200,75889.9,76457.6,75609.5,75642.0,1074.53389482,11110
1730937600,75642.1,76000.0,75059.8,75082.0,475.4285101,6684
1730952000,75082.1,75082.1,74500.0,74837.0,225.71355659,4552
1730966400,74837.1,75149.0,74717.1,74800.0,177.02722809,3143
1730980800,74800.1,76100.0,74557.0,76100.0,867.52878534,6657
1730995200,76100.0,76746.8,75635.5,76597.3,737.16752952,10395
1731009600,76597.4,76937.5,75500.0,75949.2,673.46098009,10127
1731024000,75949.3,76404.6,75713.0,75963.1,208.17668197,4553
1731038400,75960.4,76300.0,75793.5,76270.2,108.05075427,2977
1731052800,76270.3,76325.0,75865.8,76038.0,147.61824143,3110
1731067200,76028.0,76555.0,75725.0,76474.9,352.54520376,6242
1731081600,76473.0,77242.0,75911.1,77057.6,975.50920765,9810
1731096000,77057.7,77186.0,76404.6,76550.4,532.45686151,6129
1731110400,76550.5,76658.2,76177.9,76390.5,111.8246712,3356
1731124800,76390.5,76775.2,76366.4,76540.0,66.08580612,2363
1731139200,76540.0,76727.9,76437.6,76525.6,139.32428153,2212
1731153600,76525.6,76536.0,76325.0,76349.1,83.67577734,2988
1731168000,76349.1,76698.9,75785.2,76242.1,246.0883682,6275
1731182400,76242.1,76911.0,76213.0,76728.3,379.16375256,6112
1731196800,76728.3,77494.1,76569.9,77272.2,278.44296541,7650
1731211200,77272.2,79760.7,77217.0,78875.9,1396.9049028699,14790
1731225600,78876.0,80000.0,78875.9,79920.6,607.20948403,7459
1731240000,79920.6,80070.0,79271.7,79749.9,715.37000732,8442
1731254400,79750.0,81060.0,79461.1,79791.8,1131.97570261,13150
1731268800,79790.0,81480.7,78555.0,80423.3,872.0544419499,13363
1731283200,80423.3,81852.5,80299.9,81737.8,577.50191227,10085
1731297600,81737.8,81742.8,80579.9,81209.4,243.09166631,6787
1731312000,81209.5,82384.6,81097.1,82210.6,397.52341516,7595
1731326400,82217.7,84396.1,81600.0,84153.1,1405.3925666199,16706
1731340800,84153.2,86750.1,84000.0,86289.8,1645.1694715599,22391
1731355200,86289.9,89600.0,86256.0,88737.6,2826.4842328101,29965
1731369600,88737.5,89492.1,86615.5,88200.0,1446.95489089,17493
1731384000,88200.1,89920.0,87814.2,89079.6,815.25475421,11694
1731398400,89079.6,89337.0,85302.8,87209.5,1418.31331309,17171
1731412800,87209.5,87838.8,85136.0,86688.3,1074.43580135,14051
1731427200,86688.6,89852.5,85835.8,88811.3,1074.75213473,14360
1731441600,88811.4,89900.0,87424.2,88087.3,994.43082224,10782
1731456000,88087.3,88608.8,87196.3,87227.4,411.67047062,5981
1731470400,87227.5,87772.7,86258.0,87485.6,609.2913847,6413
1731484800,87485.7,88199.5,87202.8,87797.5,308.25173687,4359
1731499200,87797.5,92889.9,87627.1,92749.9,2301.61642883,22509
1731513600,92750.0,93435.0,90038.0,90349.7,2372.53607472,23100
1731528000,90349.7,91274.5,88135.3,90490.9,1633.67284625,15276
1731542400,90496.8,90600.0,89590.7,90023.1,461.4814523,6723
1731556800,90023.2,90885.8,89201.7,90849.9,496.20378045,7658
1731571200,90842.4,91632.5,90435.1,91592.8,547.4980948,8636
1731585600,91592.8,91780.0,87850.0,87916.9,2214.6930641,15144
1731600000,87917.0,90000.0,87600.0,89479.9,1255.03431622,11120
1731614400,89479.9,89479.9,86621.9,87313.2,1280.74535026,12496
1731628800,87314.4,88470.9,87256.1,88252.4,395.49673339,5722
1731643200,88252.4,88364.8,87135.0,87659.9,370.579672,5122
1731657600,87657.5,89711.0,87415.8,89710.9,555.47347389,5861
1731672000,89710.9,90659.8,87755.4,88459.7,934.51845614,10734
1731686400,88454.8,90851.0,88392.1,90393.6,732.47715921,10683
1731700800,90400.5,91850.0,90380.6,91062.0,891.93880846,10489
1731715200,91062.0,91721.0,90872.0,91320.0,331.49608063,5673
1731729600,91320.1,91750.0,91165.1,91200.1,190.63387101,3756
1731744000,91200.1,91599.0,91027.8,91150.1,203.98748775,4330
1731758400,91150.1,91313.8,90149.0,90500.0,313.07599765,6968
1731772800,90500.0,91400.0,90284.0,91129.9,262.34358504,6691
1731787200,91129.9,91149.9,90336.6,90555.1,168.79599817,5432
1731801600,90567.7,90881.1,89474.5,90267.9,315.30294036,6982
1731816000,90268.0,90859.3,90183.9,90549.1,143.81633584,3702
1731830400,90549.2,91399.0,90496.3,90730.0,253.1933333,4363
1731844800,90730.0,91103.4,90000.0,90270.0,275.53730634,4625
1731859200,90270.1,90593.8,89741.1,90029.8,282.86138518,4704
1731873600,90029.9,90202.0,88728.6,89850.0,553.53222017,6717
1731888000,89850.0,90888.8,89700.0,90660.7,258.3139638,4985
1731902400,90660.8,92200.0,90499.9,91774.9,367.13868003,6479
1731916800,91774.9,92192.3,90066.1,90257.5,347.04195107,7252
1731931200,90257.4,92536.7,89400.0,92345.1,924.09390297,11624
1731945600,92345.1,92607.2,89738.7,90700.0,776.26147154,10786
1731960000,90700.0,92077.6,90326.7,90507.9,1012.2437331,8865
1731974400,90508.0,91500.0,90424.6,91465.9,168.03743023,4931
1731988800,91466.0,92023.5,91310.3,91643.7,184.26365748,4160
1732003200,91643.8,91900.0,91298.4,91717.0,177.02605027,3574
1732017600,91716.9,92798.2,90997.4,92484.3,954.11022675,12096
1732032000,92484.3,94000.0,92281.1,93299.9,1421.6356929999,16048
1732046400,93300.0,93677.7,91500.0,92376.1,1215.9283312899,13122
1732060800,92376.1,92487.3,91636.1,92154.6,215.04401655,7332
1732075200,92154.7,92869.9,92016.0,92869.9,168.93356116,4520
1732089600,92871.7,93684.0,92860.3,93549.9,435.96387665,6602
1732104000,93549.8,94900.0,93403.7,94836.8,1044.94381007,14379
1732118400,94836.8,94925.0,93251.1,94050.0,1042.18184071,13725
1732132800,94050.0,94699.5,93852.2,94364.5,572.89931906,8559
1732147200,94356.8,95980.0,94135.0,95880.3,608.22575928,11900
1732161600,95880.3,97829.7,95880.2,96952.0,887.88867616,15736
1732176000,96952.1,98354.2,96774.1,97969.7,566.51521981,11776
1732190400,97969.8,98212.1,95697.0,96692.5,1065.07357025,13842
1732204800,96689.6,98999.0,96338.7,97877.5,941.29451918,15679
1732219200,97877.6,98821.0,97699.7,98496.0,920.68832656,11020
1732233600,98496.0,99280.0,97925.3,98900.0,586.17580294,10271
1732248000,98900.0,99488.9,98629.9,99273.0,490.13519524,7825
1732262400,99273.0,99337.0,98279.2,98948.1,461.14730951,6734
1732276800,98948.1,98993.6,97218.3,98803.2,567.02103762,12178
1732291200,98803.3,99650.0,98349.3,99230.0,753.59233067,13976
1732305600,99230.1,99550.0,98675.5,99000.0,487.61034355,11281
1732320000,99000.0,99000.0,98367.9,98730.2,354.79881699,9414
1732334400,98730.2,98897.0,98400.0,98657.9,139.92080384,5558
1732348800,98657.9,98674.6,98399.2,98537.7,189.47726103,3780
1732363200,98537.7,98991.4,98522.9,98579.9,239.48692402,6011
1732377600,98579.9,98610.0,97500.0,97628.5,689.90695383,12467
1732392000,97628.6,98107.0,97219.2,97759.1,209.53882494,7309
1732406400,97759.1,98607.4,97737.8,98279.9,137.81794929,4840
1732420800,98280.0,98498.9,98031.4,98447.9,160.50197586,3656
1732435200,98447.9,98537.3,97384.6,97384.6,192.63290481,4563
1732449600,97384.7,97688.9,95941.0,95941.0,444.73421997,12125
1732464000,95941.3,96720.8,95751.2,96356.0,280.12711859,7914
1732478400,96356.0,98445.2,96215.5,97994.1,498.83133045,8967
1732492800,97994.1,98105.0,96957.8,97960.3,186.56250999,5049
1732507200,97960.3,98480.6,97689.8,98133.0,266.83334073,4640
1732521600,98133.1,98880.0,97988.8,98257.6,433.21395117,5409
1732536000,98257.6,98330.2,94500.0,96010.7,1209.08259661,14056
1732550400,96021.0,96483.2,94410.2,94650.0,1030.31003228,12457
1732564800,94650.0,95269.4,92550.0,93000.0,1163.52533821,14006
1732579200,93000.1,94872.9,92765.2,94491.0,322.01465733,6427
1732593600,94491.1,94995.0,93593.0,93765.1,283.05013409,4527
1732608000,93776.0,93776.0,91485.0,92343.1,714.48626845,10793
1732622400,92343.1,93555.0,91590.1,92826.4,854.68182886,10714
1732636800,92818.1,94646.0,91545.9,91651.0,1112.46841666,10528
1732651200,91651.0,92313.2,90736.0,91914.5,704.30773386,10196
1732665600,91914.6,92990.9,91818.3,92555.9,246.01820095,5543
1732680000,92556.0,93604.5,92321.9,93591.7,292.11515661,4255
1732694400,93583.1,93850.0,93106.1,93373.0,390.84910752,4941
1732708800,93373.0,95909.3,92808.1,95681.7,693.62852209,10690
1732723200,95627.5,96750.0,95303.8,96750.0,747.59594957,9614
1732737600,96750.0,97387.9,95831.3,95952.9,1307.30054253,10975
1732752000,95946.8,96652.0,94862.2,95520.4,263.16119027,5703
1732766400,95523.6,95952.8,95143.8,95346.1,106.03672766,3917
1732780800,95337.2,95759.2,94653.6,95455.7,239.04925222,5096
1732795200,95455.8,96235.9,94917.6,94999.7,221.44389167,5193
1732809600,94999.7,95434.0,94877.7,95089.9,86.87910574,4246
1732824000,95090.0,95957.9,94664.9,95637.8,225.37701997,5055
1732838400,95637.8,96800.0,95385.7,96594.3,180.23522098,4115
1732852800,96594.0,96626.6,95583.8,95590.2,115.37016516,3461
1732867200,95590.3,97362.0,95590.3,97300.1,538.83468028,5947
1732881600,97300.1,98670.1,96782.1,98175.1,1041.53360992,11847
1732896000,98175.1,98499.0,96976.5,97450.0,632.87984888,8337
1732910400,97450.1,97697.3,97104.6,97478.7,301.63713308,6088
1732924800,97478.7,97491.2,96346.0,96654.9,177.20398736,5383
1732939200,96655.0,97221.2,96603.8,96803.9,124.4927256,3778
1732953600,96804.0,97000.0,96185.0,96300.2,117.2891563,4068
1732968000,96300.1,96767.3,96300.1,96687.1,82.29855335,4013
1732982400,96687.1,97089.6,96573.9,97061.1,113.88646657,4485
1732996800,97061.1,97087.9,96367.0,96456.2,110.21240598,3778
1733011200,96456.3,96625.9,95754.4,96352.0,132.64934639,4443
1733025600,96352.0,96525.5,96263.8,96505.9,61.68322841,2430
1733040000,96506.0,97200.0,96500.0,97140.6,115.58731291,3252
1733054400,97140.5,97394.0,96744.8,97101.0,95.51561985,3803
1733068800,97099.6,97500.0,97023.5,97217.9,155.90905514,4227
1733083200,97218.0,97850.0,96906.7,97244.6,229.47896954,5322
1733097600,97245.0,98135.3,96503.6,96603.1,243.7716978,5592
1733112000,96603.2,96929.7,95820.9,96034.0,194.2330742,4609
1733126400,96033.9,96137.8,94850.0,95127.7,521.93023633,7213
1733140800,95127.7,97240.0,94801.0,97172.5,333.02414038,8279
1733155200,97172.5,97396.4,94450.0,95828.0,488.58980961,11946
1733169600,95828.0,96280.6,95092.9,95853.3,296.1336695,8131
1733184000,95853.3,96227.7,95418.2,96056.0,198.77717779,6860
1733198400,96056.1,96185.6,95310.0,95586.1,73.39640937,4436
1733212800,95568.2,95640.1,94605.1,94999.9,165.97448968,4167
1733227200,94999.9,96267.2,93565.1,95704.9,753.11498491,13855
1733241600,95705.0,96189.1,94892.8,95449.5,343.77514266,8359
1733256000,95449.5,96130.0,95310.1,95917.5,216.04665866,8312
1733270400,95917.5,96650.0,95313.7,95856.2,288.1815224,7081
1733284800,95856.3,96721.3,95754.1,96676.4,172.48857087,5113
1733299200,96676.4,97032.7,96232.7,96255.1,512.99768806,5823
1733313600,96246.1,96523.7,95309.1,95833.5,624.2109578,9828
1733328000,95833.6,97332.6,94656.9,97301.6,691.54816421,11766
1733342400,97301.7,99213.9,97295.1,98757.1,1720.9185121701,22393
1733356800,98757.1,104015.5,98120.0,103052.2,2488.6263563101,34944
1733371200,103052.2,103600.0,101383.0,102300.1,1230.8974570701,19579
1733385600,102310.0,103188.6,102310.0,102628.2,405.46216043,9075
1733400000,102628.2,103600.0,101102.1,101440.3,1335.02811817,16883
1733414400,101440.3,102049.0,98693.6,99058.4,865.73432737,15040
1733428800,99058.4,99565.6,91800.0,97087.3,2077.90625366,29297
1733443200,97087.3,98827.6,96510.3,97777.1,490.78516145,8310
1733457600,97777.1,98277.1,97422.5,98159.8,191.1172548,4156
1733472000,98159.9,98725.8,97786.4,98158.1,281.48479821,4928
1733486400,98158.1,99562.5,97599.8,99420.6,403.96083113,9159
1733500800,99420.6,101899.0,98927.5,101600.1,940.90674451,14654
1733515200,101600.1,101995.0,99196.4,99872.9,420.64924381,10410
1733529600,99873.0,100501.4,99398.8,99423.0,174.5736395,7135
1733544000,99426.0,99793.3,99000.0,99571.7,103.40365411,3943
1733558400,99571.7,99911.8,99423.5,99731.7,120.70015814,3138
1733572800,99731.7,99800.0,99180.0,99777.0,104.98350645,3878
1733587200,99777.0,100300.0,99540.0,100164.5,162.61338089,5536
1733601600,100164.1,100444.0,99700.4,99899.9,163.75611173,5911
1733616000,99900.0,100360.0,99750.0,100000.3,171.26887856,4566
1733630400,100000.3,100061.0,99427.3,99759.1,133.2873106,4361
1733644800,99759.1,99840.8,98699.7,99749.3,162.71328527,4195
1733659200,99749.3,100500.0,99384.4,99983.5,186.1794714,5627
1733673600,99983.4,100145.8,99539.6,100118.9,112.67849299,5126
1733688000,100118.9,101400.0,99760.1,101170.0,335.99397548,6823
1733702400,101170.0,101214.3,98550.0,99145.9,418.61487506,8277
1733716800,99147.4,99750.4,98346.6,99603.0,160.50065616,5496
1733731200,99603.0,99667.0,98000.0,98043.1,328.57884843,6589
1733745600,98043.1,100432.4,97555.0,97749.9,448.24301066,9704
1733760000,97750.0,98300.1,96930.4,96992.9,417.39920665,10118
1733774400,96992.9,97540.5,94140.9,97399.9,1102.65960698,26856
1733788800,97337.0,98160.7,95688.2,96918.2,631.16340999,10181
1733803200,96918.2,97489.8,96008.2,97190.0,156.13863115,5313
1733817600,97190.0,97935.4,97022.5,97776.0,182.01008817,4953
1733832000,97776.0,98267.9,95650.5,95660.9,405.87524495,8995
1733846400,95690.4,96473.0,94314.1,95868.0,799.93232063,15596
1733860800,95868.0,97244.5,95643.6,96655.1,285.69854276,9440
1733875200,96655.1,97580.6,95754.0,97400.0,199.5648615,7567
1733889600,97400.0,97774.3,97196.1,97416.0,186.57195476,4594
1733904000,97416.0,98442.0,97406.3,98320.5,205.05226133,4491
1733918400,98320.4,100774.8,98097.0,100420.1,552.56357887,10931
1733932800,100420.0,101234.0,99700.0,101211.6,893.79548829,12196
1733947200,101211.7,101900.0,100955.5,101177.0,495.02380181,9779
1733961600,101177.1,101817.9,100434.6,101050.2,257.79422026,6633
1733976000,101051.1,101211.0,100490.0,100510.9,158.53497646,5130
1733990400,100511.0,101128.1,100247.0,100368.5,146.70755326,4125
1734004800,100368.4,101880.0,100368.4,101849.5,273.15452779,7863
1734019200,101849.5,102500.0,99296.6,99514.4,749.58193983,17883
1734033600,99514.4,100483.1,99513.1,100050.1,374.24340464,7024
1734048000,100050.1,100326.8,99250.0,99778.8,92.32092367,5331
1734062400,99778.8,100243.2,99534.8,100203.3,150.14033664,4057
1734076800,100203.4,100750.0,99931.0,100415.1,153.13623993,3914
1734091200,100415.1,101350.0,99777.1,99897.8,233.66145715,8183
1734105600,99897.7,101850.1,99866.2,101528.4,453.65965763,8334
1734120000,101528.5,101905.2,101136.0,101483.1,275.75082523,6414
1734134400,101483.1,102637.2,101222.0,102138.1,338.78738575,6914
1734148800,102138.1,102138.1,101629.4,101855.4,95.86666369,3438
1734163200,101855.4,101855.4,101331.5,101567.5,102.82622832,2502
1734177600,101567.5,101727.0,100891.4,101608.1,157.87264514,4527
1734192000,101608.0,101680.3,100857.4,101317.8,142.62752969,5663
1734206400,101317.8,101448.7,100666.0,101400.1,89.3646694,4932
1734220800,101400.1,102100.0,101222.5,101742.1,128.98800352,4492
1734235200,101742.1,102750.0,101536.8,101671.9,329.3374803,4729
1734249600,101672.0,102628.7,101560.8,102623.7,154.35238103,3228
1734264000,102623.7,103224.0,102419.9,102644.8,431.534187,6536
1734278400,102644.7,103348.9,102600.0,103218.1,196.33597641,6048
1734292800,103218.1,105000.0,102650.0,104355.2,796.62606484,11652
1734307200,104355.3,106487.1,104300.0,104544.8,1046.97245867,15842
1734321600,104544.8,105338.0,104427.5,104959.7,247.64841514,5677
1734336000,104959.8,104959.8,103666.0,103759.1,313.49029254,5676
1734350400,103759.1,106471.4,103319.4,106354.8,756.95278793,13632
1734364800,106354.8,107777.0,104501.9,106590.0,1340.33720056,17940
1734379200,106590.0,106642.0,105524.0,106067.2,823.3892603,10957
1734393600,106070.2,106931.1,105696.9,106873.2,334.45579991,6757
1734408000,106873.2,107036.1,106357.8,106804.0,140.40607344,4341
1734422400,106804.1,107450.0,106734.3,106828.7,259.03213515,5288
1734436800,106828.7,108297.6,105750.0,106473.6,1313.27330668,13489
1734451200,106473.6,107649.1,105857.0,106481.1,1653.54637978,11626
1734465600,106481.0,106857.7,105124.0,106151.9,991.17909506,10428
1734480000,106152.0,106489.3,104599.9,104794.3,403.82459009,8203
1734494400,104794.3,104794.3,103207.8,104249.8,406.98734562,7351
1734508800,104249.9,104985.8,103761.0,104939.9,185.83989162,4303
1734523200,104939.9,105310.4,103610.8,104432.3,203.26961934,7357
1734537600,104432.3,104914.5,102769.5,102769.6,468.68075999,9319
1734552000,102769.5,102868.6,100027.8,100166.1,1347.277616,20406
1734566400,100166.1,101233.8,98728.4,101160.0,561.28435724,13874
1734580800,101160.1,101678.9,100612.4,101667.3,208.17178586,5582
1734595200,101667.3,102500.0,101317.4,102380.1,219.0159646,5576
1734609600,102380.1,102750.0,99477.1,100632.5,518.63751609,12291
1734624000,100632.6,101034.0,96112.2,97099.5,1348.54978271,23687
1734638400,97090.8,98307.7,95586.4,97431.4,728.82957545,15272
1734652800,97431.5,97653.8,95882.9,97008.5,248.74025191,6965
1734667200,97008.6,98064.7,96350.3,97687.1,150.76252671,6146
1734681600,97687.2,97720.0,92500.0,92565.5,1034.13493287,16278
1734696000,92565.9,97409.1,92159.0,96875.9,743.79655504,13575
1734710400,96875.9,97699.0,96261.4,97092.9,467.44550513,10491
1734724800,97092.9,97782.7,95350.0,97781.8,504.86522972,8442
1734739200,97781.8,97792.1,97184.0,97390.5,143.3649878,4948
1734753600,97390.5,99575.4,97338.5,98980.2,263.75833558,5487
1734768000,98980.3,99052.6,97777.0,98275.7,197.47036167,4555
1734782400,98275.7,98275.7,96359.8,97492.9,300.42392143,6623
1734796800,97492.9,97662.2,96763.4,97200.0,111.22408762,7147
1734811200,97200.0,97958.6,96555.0,97232.6,141.93440406,7191
1734825600,97232.7,97321.3,96509.2,96900.7,74.85439206,4444
1734840000,96900.7,97016.0,95842.8,96064.1,58.54137681,3217
1734854400,96073.2,97244.5,96073.1,97035.0,71.32111005,2910
1734868800,97035.0,97184.1,95063.9,95281.1,343.59809255,5138
1734883200,95281.1,96357.3,94664.7,94667.8,143.65101089,4992
1734897600,94743.4,95635.8,94201.1,95101.9,151.72464937,5853
1734912000,95101.9,95896.1,93666.0,95896.1,189.93410654,7131
1734926400,95896.1,96403.0,94621.6,95265.0,214.94405001,4440
1734940800,95287.4,96338.6,95000.0,95804.0,122.21798287,3078
1734955200,95804.0,96280.7,93001.0,93119.3,314.99003175,8782
1734969600,93119.3,94088.0,92595.3,92913.0,436.50899893,11374
1734984000,92912.9,95331.1,92417.0,94699.4,330.65272409,9241
1734998400,94699.4,94700.0,93500.0,94197.8,102.28206645,4995
1735012800,94197.8,94461.3,93738.7,94107.5,83.4844497,3682
1735027200,94107.5,94441.5,93738.7,94250.0,118.04671115,3667
1735041600,94250.0,98230.2,93942.7,98217.1,451.81379281,9321
1735056000,98217.1,99400.0,97533.9,97578.1,525.11580019,11067
1735070400,97578.1,98998.4,97221.2,98647.2,254.62918447,7249
1735084800,98647.2,98795.7,97690.8,97956.1,148.93483319,4928
1735099200,97956.2,98493.8,97783.2,98016.7,41.5807885,3738
1735113600,98016.7,99189.8,97717.4,97785.2,141.94552013,5660
1735128000,97785.2,98700.0,97600.0,98412.2,144.89437491,5853
1735142400,98424.1,99125.0,98049.0,98942.4,107.79604006,5453
1735156800,98942.4,99411.6,98325.0,99310.8,96.5231252,4974
1735171200,99328.2,99821.8,98477.5,98907.1,159.63423562,5654
1735185600,98907.1,98907.1,97700.6,97700.6,122.17813057,3572
1735200000,97700.4,97700.5,95166.7,95580.1,282.09997651,6161
1735214400,95580.1,96110.0,95139.1,95969.1,331.53912423,5908
1735228800,95969.1,96568.7,95347.5,96006.4,232.18638852,7572
1735243200,96006.4,96020.4,95207.0,95645.0,160.44223327,6846
1735257600,95660.9,96231.0,95275.2,96231.0,326.21044802,6413
1735272000,96231.0,96422.0,94561.9,94943.2,307.34419064,7318
1735286400,94943.2,97308.6,94943.2,96755.6,379.16902359,7175
1735300800,96755.6,96852.6,93876.8,94419.0,208.02234313,7932
1735315200,94430.3,94847.5,93300.0,94575.1,362.31739751,9171
1735329600,94575.1,94676.9,94033.7,94148.9,198.38025622,7180
1735344000,94147.6,94519.9,94033.5,94460.3,33.31768902,3921
1735358400,94460.3,94589.3,94161.8,94165.1,65.34823242,2931
1735372800,94165.1,94649.9,94165.1,94620.1,69.42916492,2311
1735387200,94620.1,95120.2,94250.0,94250.0,108.49502164,3972
1735401600,94250.1,95000.0,94250.0,94856.9,72.99069517,4325
1735416000,94856.8,95497.0,94713.9,95204.1,98.44201051,3981
1735430400,95204.1,95204.1,94725.0,95000.0,47.42246511,3091
1735444800,95000.0,95035.6,94853.0,95033.0,20.24418623,1972
1735459200,95033.0,95097.4,94909.8,94938.6,114.52631558,2092
1735473600,94938.6,95041.0,93963.9,94426.1,171.82072241,4653
1735488000,94426.1,94426.1,93255.0,93456.9,151.61384467,5463
1735502400,93456.9,93700.0,92860.7,93551.0,192.99164582,5686
1735516800,93551.0,94000.0,93246.4,93521.2,117.17956786,4561
1735531200,93521.3,93794.9,93033.0,93561.1,59.70072704,3896
1735545600,93561.1,93804.9,93314.5,93740.3,132.32152695,3740
1735560000,93740.3,94064.2,91256.6,91924.6,775.01761608,12369
1735574400,91909.7,94500.0,91648.9,94248.2,542.94777607,8888
1735588800,94248.2,94858.7,91769.9,92611.3,542.11826341,8994
1735603200,92611.3,92671.9,91934.1,92329.1,136.72035214,4320
1735617600,92329.1,92887.2,92187.6,92740.9,89.80413506,2341
1735632000,92741.0,94461.3,92740.9,94065.1,188.23566732,4867
1735646400,94065.1,96040.0,94065.0,95300.1,494.28180968,8696
1735660800,95300.1,95387.6,93100.1,93948.7,374.88845912,8842
1735675200,93948.7,94000.0,93253.8,93370.9,414.74688354,5458
1735689600,93370.8,94250.0,93282.0,93625.1,108.64832358,6035
1735704000,93625.1,93654.5,93327.8,93518.7,51.3552347,2874
1735718400,93518.7,93535.7,92588.1,93278.1,90.1870109,2963
1735732800,93278.1,94200.0,93278.0,94189.8,128.33700738,4533
1735747200,94189.8,94581.2,93603.8,94440.1,116.61792912,4673
1735761600,94440.1,94888.0,94348.9,94380.8,81.14188977,4833
1735776000,94380.9,95280.0,94167.2,94847.2,232.96768773,5120
1735790400,94847.3,95819.1,94847.2,95694.4,93.22486283,4352
1735804800,95694.4,96700.0,95493.9,96558.3,256.82614431,4473
1735819200,96558.3,97258.6,95900.3,96380.4,349.55141934,8780
1735833600,96380.3,97597.3,95957.9,97249.2,592.98323944,11458
1735848000,97249.1,97719.9,96587.0,96805.2,202.54300521,6790
1735862400,96805.3,97174.5,96579.0,96964.3,158.86189267,4587
1735876800,96964.3,96964.3,96247.9,96257.0,40.47094781,2464
1735891200,96257.1,96739.7,96034.1,96715.2,152.65892732,3044
1735905600,96715.2,97497.1,96407.1,97479.7,229.7472012,5835
1735920000,97479.6,98888.0,97348.9,98550.0,541.91646096,9487
1735934400,98550.1,98735.5,98030.0,98111.1,396.86560632,6965
1735948800,98111.1,98231.0,97773.0,98197.0,179.46740311,4927
1735963200,98190.1,98222.0,97851.8,98175.0,40.44608203,2846
1735977600,98175.1,98206.7,97548.4,97838.8,101.18903852,2607
1735992000,97838.8,98118.0,97571.6,97666.0,82.03957715,4068
1736006400,97666.1,98348.5,97552.4,98163.2,128.43535672,4659
1736020800,98163.3,98714.8,98154.1,98208.9,99.32928681,4275
1736035200,98208.9,98351.4,98030.0,98116.0,48.12490692,2809
1736049600,98116.0,98432.7,98116.0,98311.6,21.80500194,2490
1736064000,98311.6,98311.6,97554.3,97600.6,61.08288238,2247
1736078400,97600.6,98160.0,97250.0,97993.7,155.51568813,3653
1736092800,97993.7,98291.6,97595.3,98000.0,64.1569361,2966
1736107200,98000.0,98750.0,97999.9,98306.2,88.98846689,4541
1736121600,98306.3,99200.0,97974.0,98981.9,156.24097073,6097
1736136000,98982.0,99853.0,98982.0,99301.5,180.14786125,5329
1736150400,99301.6,99540.1,98709.3,99200.0,152.52157808,3614
1736164800,99200.0,102404.3,98714.1,102129.9,739.54022292,14204
1736179200,102129.9,102479.6,101305.4,101850.0,539.60174543,11394
1736193600,101849.9,102399.6,101647.0,102222.0,511.3031357,10364
1736208000,102222.0,102759.3,101614.0,101699.9,210.26973005,7432
1736222400,101700.0,101984.9,101653.4,101693.7,79.67603239,3687
1736236800,101693.7,101937.2,100448.9,100851.1,166.06233206,4946
1736251200,100851.1,100956.0,97064.9,97900.0,686.51054208,11808
1736265600,97900.1,98300.0,96326.0,96458.4,764.38490129,10675
1736280000,96458.4,97174.0,96100.0,96932.2,416.80451551,8192
1736294400,96932.2,97232.8,96191.9,96499.1,225.46118596,6252
1736308800,96503.1,96602.6,95276.9,95676.7,173.86464188,8680
1736323200,95676.7,96084.6,94500.3,95088.9,252.58274073,8497
1736337600,95081.1,96000.0,94608.8,95406.8,676.03145337,9937
1736352000,95406.7,95462.9,92501.0,94250.6,1023.20140568,14562
1736366400,94250.6,95251.1,93553.0,95060.4,325.74312547,6989
1736380800,95060.1,95251.1,93451.0,94000.1,313.3466324,8377
1736395200,94000.1,94506.6,93222.8,93222.8,63.21307011,3980
1736409600,93222.8,93806.2,92726.9,93414.3,350.85876397,7110
1736424000,93414.3,94540.4,91798.3,94211.8,690.2270998,10804
1736438400,94211.9,94695.0,91900.0,91900.0,670.44472551,8007
1736452800,91900.1,92631.7,91168.5,92531.7,484.71445468,8428
1736467200,92523.5,93659.9,92457.9,93659.9,190.74044641,5181
1736481600,93659.9,94959.2,93522.6,94467.8,433.47641728,6143
1736496000,94472.0,95231.0,94410.3,95025.9,183.66205793,5210
1736510400,95025.9,95098.5,92200.0,93704.6,832.10217798,14407
1736524800,93700.1,95771.2,93184.8,95321.3,685.24271205,12063
1736539200,95321.3,95395.2,94575.8,94698.8,86.54270129,5715
1736553600,94698.9,94698.9,94096.7,94158.4,45.63365775,3113
1736568000,94158.3,94400.0,93865.0,94206.3,21.1512394,2505
1736582400,94206.4,94660.4,94016.4,94600.1,36.9114709,1744
1736596800,94600.1,94600.1,94284.0,94359.3,41.20903273,2842
1736611200,94359.3,94665.5,93919.0,94187.5,65.52725188,4413
1736625600,94187.5,94986.6,94160.4,94562.1,105.04602369,4324
1736640000,94562.1,94617.0,94325.4,94560.7,20.23913886,2079
1736654400,94560.8,94599.0,94257.7,94257.7,33.95256188,1889
1736668800,94257.7,94262.0,93652.2,94214.6,71.15641025,4690
1736683200,94214.6,95300.0,94104.9,95000.0,167.68525273,3759
1736697600,95000.0,95197.3,94555.0,94580.1,52.70340971,3809
1736712000,94580.1,94726.4,93807.5,94449.9,87.01186049,6353
1736726400,94450.0,95808.2,93918.8,94210.0,175.3486699,8269
1736740800,94213.1,94779.2,93258.2,93513.1,131.88080104,7236
1736755200,93513.1,93538.6,90762.0,90762.0,648.05314579,12471
1736769600,90762.0,92998.0,89005.8,92141.9,1535.06110839,20736
1736784000,92115.8,92442.9,91249.9,92250.0,427.86787264,11105
1736798400,92250.0,94609.5,91891.1,94487.1,387.00852994,9471
1736812800,94487.1,95195.2,94313.0,94854.9,126.43944543,6837
1736827200,94855.0,95400.0,94700.0,94879.8,132.38357093,4078
1736841600,94879.9,97302.9,94879.8,96492.3,428.41761281,8174
1736856000,96492.3,97152.0,95750.0,96442.5,268.92421975,9482
1736870400,96442.5,97011.4,95313.9,96438.1,358.99238728,9173
1736884800,96438.1,96832.9,96150.0,96560.1,92.47162575,5444
1736899200,96560.1,97431.4,96522.0,97199.9,158.35836735,7045
1736913600,97200.0,97600.0,96765.7,97227.4,111.38933157,3862
1736928000,97227.5,97462.7,96500.0,96663.4,88.62728333,4035
1736942400,96663.5,99710.4,96500.0,99015.4,902.7637212,12290
1736956800,99015.0,99880.3,98631.3,99850.4,325.78204613,7243
1736971200,99850.1,100731.7,99468.4,100496.4,576.34340921,11902
1736985600,100496.5,100700.0,99225.0,99485.3,293.8401895,6578
1737000000,99485.3,99832.6,99355.8,99698.0,73.7217091,2297
1737014400,99698.0,99759.9,98619.4,99180.1,213.05748612,4096
1737028800,99180.1,99415.4,97333.0,99187.9,414.47701603,8755
1737043200,99188.0,100321.0,99082.0,100321.0,469.16295306,10216
1737057600,100321.0,100600.0,99325.9,99976.7,306.58472652,9095
1737072000,99976.7,102000.0,99952.8,101025.9,448.93276458,10322
1737086400,101025.9,101750.0,100950.0,101440.1,183.69461453,5153
1737100800,101440.1,102500.0,101440.0,102216.8,319.63220426,6451
1737115200,102216.7,104265.7,102198.5,104043.2,866.31652035,13146
1737129600,104040.0,105850.0,103933.5,105849.9,1000.48193223,15453
1737144000,105849.9,105883.0,104072.2,104089.8,690.51473534,10007
1737158400,104089.8,104635.1,103150.0,103536.4,245.50471627,5542
1737172800,103536.4,103688.1,102600.0,102804.2,377.30963576,5848
1737187200,102804.2,103794.6,102222.0,103513.8,222.08039579,4827
1737201600,103513.7,104907.3,103145.9,104485.6,437.58116262,6461
1737216000,104485.7,104605.4,103084.2,104277.0,309.22463441,8056
1737230400,104277.0,104566.6,103664.3,104382.0,185.54008248,5314
1737244800,104382.0,105280.0,103863.4,104855.0,237.49641836,5845
1737259200,104855.0,105420.0,104165.8,105015.7,232.59183808,7842
1737273600,105000.1,105200.6,103304.0,104141.4,505.7046235,11044
1737288000,104141.3,105448.6,104128.4,104760.0,360.88542697,9266
1737302400,104760.0,106000.0,104400.0,106000.0,370.06521583,9272
1737316800,106000.0,106246.6,99538.2,101191.1,2527.01766357,29925
1737331200,101191.0,102125.0,99500.0,101738.2,781.30876305,14563
1737345600,101743.8,109112.0,101465.3,106888.3,1357.8287489801,22022
1737360000,106948.8,109000.0,106927.4,108100.0,508.41933305,11350
1737374400,108100.0,108500.0,104380.6,104854.0,846.8916706599,18209
1737388800,104854.0,106800.0,100522.5,103626.7,1914.0995640999,28610
1737403200,103584.0,104215.9,101625.0,102162.8,744.6712092,9484
1737417600,102142.1,103062.3,100114.2,102806.2,425.24461787,10196
1737432000,102806.2,102806.2,101000.0,101885.6,171.70735395,5551
1737446400,101885.7,103849.6,101677.2,103690.8,133.17407077,5397
1737460800,103690.7,105176.9,102750.0,103813.9,744.88062105,10948
1737475200,103813.8,107200.0,103757.8,107064.6,925.59827643,15880
1737489600,107064.7,107138.6,105439.0,106162.8,368.67018977,9096
1737504000,106162.8,106293.4,105473.5,105594.8,180.62215576,5882
1737518400,105594.9,105895.0,105111.1,105111.1,97.0709502,5011
1737532800,105111.2,105396.9,104630.6,105049.1,203.20143392,4230
1737547200,105049.1,105557.0,103700.0,104223.4,326.55261985,7249
1737561600,104223.3,104693.6,103271.3,104646.0,380.15462198,7821
1737576000,104630.8,104750.0,103606.5,103648.5,204.29756045,6098
1737590400,103648.6,103754.6,102071.2,102376.7,409.26116889,8537
1737604800,102376.7,102869.9,101549.3,102664.4,268.31780564,5896
1737619200,102664.4,102664.4,101285.9,101933.5,164.31646169,4944
1737633600,101933.5,106000.0,101281.7,105230.2,1221.45984351,15372
1737648000,105233.5,106833.2,103500.0,103843.3,1048.29734963,12647
1737662400,103820.6,106480.0,102338.0,103920.2,1582.99931312,17147
1737676800,103920.2,104225.4,102800.0,103898.2,210.25752733,5203
1737691200,103898.2,105234.2,103801.3,104999.9,294.86148553,4854
1737705600,105000.0,105686.2,104914.3,105441.4,122.97463911,3432
1737720000,105441.4,106223.3,104679.6,105888.1,315.10267948,6296
1737734400,105888.1,107080.6,105600.0,105798.0,566.65840694,9170
1737748800,105798.0,105798.0,104469.7,104840.4,286.22235726,7332
1737763200,104840.4,105194.1,104400.0,105171.1,107.01746065,4787
1737777600,105171.2,105171.3,104250.0,104363.0,129.18628774,3009
1737792000,104363.0,104684.9,104250.0,104676.4,122.42063599,2647
1737806400,104676.4,104826.1,104456.1,104562.2,55.23729253,1816
1737820800,104562.2,105189.6,104557.3,104988.1,157.81776273,3830
1737835200,104988.1,105132.2,104673.4,104705.2,72.03920879,3069
1737849600,104705.3,105170.6,104536.0,105019.1,45.54035287,3109
1737864000,105019.1,105380.0,104914.0,104973.2,73.30072924,3044
1737878400,104971.7,105125.5,104500.0,104801.9,149.11529773,2546
1737892800,104801.9,105000.0,104704.9,104994.3,74.07920863,2413
1737907200,104994.2,105150.0,104885.4,105050.1,86.43661645,3070
1737921600,105050.1,105153.0,102544.1,102596.5,520.96157091,7848
1737936000,102596.5,103200.0,100700.0,101355.0,695.39538729,11502
1737950400,101355.0,101363.2,97688.7,99005.2,873.09736228,15901
1737964800,99002.7,99473.6,98279.1,98751.1,435.02748551,6985
1737979200,98751.0,102302.2,98728.5,101124.1,707.9129173,11994
1737993600,101111.8,101202.4,98850.0,99620.5,506.91403683,11394
1738008000,99620.5,102334.1,99555.3,102133.3,666.7155602,10304
1738022400,102133.3,102877.6,101319.8,102608.3,236.1773585,6095
1738036800,102608.4,103316.5,102550.0,102763.4,262.10699089,4868
1738051200,102763.4,103127.7,102325.5,102743.4,159.73368769,3396
1738065600,102743.4,103728.0,101834.0,102727.4,355.42082173,6911
1738080000,102746.7,103049.1,101849.1,102399.7,259.9273748,6492
1738094400,102399.8,102444.5,100200.0,101299.8,545.10676789,8066
1738108800,101299.9,102209.6,101277.6,101994.6,345.40101601,5050
1738123200,101994.6,102733.0,101917.9,102655.0,101.15586039,3766
1738137600,102655.0,102970.0,102185.2,102544.3,184.6143144,3206
1738152000,102553.7,102699.0,101580.0,101950.3,199.24838868,4373
1738166400,101950.3,103900.1,101396.0,103565.2,660.32318793,9743
1738180800,103565.3,104749.1,102911.0,103708.0,578.67080366,9716
1738195200,103708.1,105200.0,103252.5,105149.9,358.1568277,6177
1738209600,105150.0,105500.0,104809.0,105115.3,461.78392836,4703
1738224000,105115.3,105450.0,104937.7,105338.6,228.35709164,3565
1738238400,105338.6,106414.4,104667.8,105572.0,520.56832504,7269
1738252800,105571.7,105999.0,104742.4,105750.2,274.80520108,6078
1738267200,105750.3,105800.0,104750.0,104750.1,168.21477508,5046
1738281600,104750.1,104973.0,103882.2,104329.7,182.18342693,4943
1738296000,104329.7,104776.9,104004.0,104197.5,76.27154848,3247
1738310400,104201.1,104780.1,103916.2,104750.0,100.87635491,3056
1738324800,104750.0,106000.0,104100.0,105415.1,324.6255207,6809
1738339200,105445.6,105588.1,102125.0,102320.1,772.02983368,10584
1738353600,102320.1,102467.5,101500.0,102406.0,301.56468731,7977
1738368000,102406.0,102748.6,102222.0,102222.0,174.60281945,5563
1738382400,102228.0,102539.9,102140.0,102140.0,51.04024215,2827
1738396800,102145.1,102245.9,101427.7,101998.2,204.30829816,3051
1738411200,101998.6,102270.9,101709.6,102060.4,165.12930838,2965
1738425600,102060.4,102268.7,101500.0,101648.8,183.46621687,3919
1738440000,101641.9,101641.9,100147.0,100624.2,410.41821393,6876
1738454400,100624.3,101415.5,99164.2,99169.1,433.32679261,6216
1738468800,99174.9,100470.7,99101.0,99619.0,213.34688217,3955
1738483200,99619.0,100061.7,98679.6,98840.4,489.3793809,4739
1738497600,98840.4,99393.4,98135.4,99308.1,417.72602893,6263
1738512000,99308.1,99308.1,96749.0,98211.0,708.4216084,15829
1738526400,98211.0,98587.2,96100.0,97696.1,555.33725918,11075
1738540800,97696.0,97696.1,91000.0,94096.5,1843.67794014,33013
1738555200,94096.6,95486.8,92762.4,95410.5,508.48499339,9945
1738569600,95410.6,96000.0,94904.0,95154.7,314.73846569,10690
1738584000,95154.7,99684.6,94227.0,99070.0,1379.87919722,13475
1738598400,99075.0,102000.0,98190.7,101999.9,867.65001461,12206
1738612800,102000.0,102500.0,101029.8,101425.1,629.63350211,11113
1738627200,101425.1,101721.9,100639.6,100700.0,340.53514858,7515
1738641600,100700.1,100825.1,98371.2,98548.8,589.40197663,8725
1738656000,98506.6,99483.0,97919.6,99027.7,254.46373652,5524
1738670400,99031.4,100434.6,98411.1,99417.5,575.13280029,7628
1738684800,99426.9,100800.0,98815.5,98902.3,382.00151286,6052
1738699200,98930.5,99546.7,96250.0,97868.5,1023.32718812,10437
1738713600,97868.4,98953.9,97250.0,98087.0,145.85806994,3827
1738728000,98073.5,98347.5,97466.5,97950.1,86.59675881,3161
1738742400,97950.1,98283.4,97370.6,98246.4,102.00013683,2697
1738756800,98246.4,99125.0,97811.4,98151.0,273.00853157,4111
1738771200,98132.8,98296.6,96500.0,97383.9,454.51526866,6169
1738785600,97383.9,97724.1,96191.0,96623.8,282.38120499,4768
1738800000,96613.4,97421.9,96489.8,97376.3,135.02931181,4370
1738814400,97376.2,98418.4,97288.5,98205.3,214.12583871,2565
1738828800,98224.3,99100.0,97967.1,98893.3,238.09038869,2639
1738843200,98893.3,99045.1,97000.0,97334.3,680.98958018,4778
1738857600,97337.1,97513.4,95700.0,96000.1,446.5578565,7134
1738872000,96000.1,97060.4,95821.2,96559.2,308.19285793,5009
1738886400,96558.5,97765.5,96408.6,97452.5,187.99396168,4261
1738900800,97452.5,97837.5,96602.9,96735.0,148.5042384,4605
1738915200,96735.0,97728.0,96626.2,97728.0,126.57053719,4603
1738929600,97728.0,100181.7,97302.0,98302.0,737.50556378,12227
1738944000,98329.2,98548.0,96964.9,96965.0,310.22194137,9642
1738958400,96965.0,96965.0,95634.1,96547.5,422.25372308,8186
1738972800,96547.5,96860.1,96400.1,96729.0,49.53906406,3189
1738987200,96729.1,96729.1,95854.3,96253.2,66.89983962,2490
1739001600,96253.3,96282.4,95898.8,96120.6,49.36572921,2478
1739016000,96120.6,96442.7,95656.9,95836.2,59.41183458,2782
1739030400,95836.2,96700.0,95750.0,96585.1,65.89816151,3031
1739044800,96585.1,96700.0,96372.7,96496.5,92.80657413,2386
1739059200,96496.5,97248.1,96454.6,97248.0,88.68829246,2593
1739073600,97248.1,97291.2,96800.3,97098.0,75.38530211,1933
1739088000,97098.0,97279.0,96627.0,96627.1,56.78174759,1679
1739102400,96627.1,96706.7,95808.3,96503.2,130.56978223,3092
1739116800,96490.8,96558.3,95898.8,96075.4,84.33877573,4252
1739131200,96075.4,96700.0,94763.1,96473.0,269.32937156,6988
1739145600,96473.0,97088.0,95326.7,96751.1,256.82288273,4227
1739160000,96789.0,97560.1,96633.4,97425.7,263.55277933,2994
1739174400,97425.7,97967.4,97425.6,97718.3,138.60538845,3652
1739188800,97718.3,98300.0,96883.8,97224.9,198.29492228,4114
1739203200,97224.9,97606.9,96883.4,97425.5,174.83269952,3718
1739217600,97425.5,97500.0,97189.0,97441.2,134.44549949,3035
1739232000,97441.2,98122.2,97441.1,97643.1,201.90369162,4304
1739246400,97618.3,98442.3,97594.9,98308.2,135.01958632,2766
1739260800,98308.2,98308.2,97896.6,98177.5,70.83367479,2699
1739275200,98177.5,98177.5,96681.0,97000.1,245.61968213,4681
1739289600,97016.7,97036.8,94899.2,95100.0,414.21534242,7539
1739304000,95100.0,96483.2,94932.6,95767.1,262.37355551,6477
1739318400,95767.1,96188.4,95155.2,95333.5,88.58627595,3612
1739332800,95333.5,96107.7,95220.7,96058.1,106.13550088,3182
1739347200,96058.1,96432.9,95912.2,96071.5,83.59487906,2101
1739361600,96071.5,96585.1,94111.0,95786.5,519.06536425,8459
1739376000,95786.4,97625.0,95178.1,97154.4,371.19072751,6012
1739390400,97189.6,98042.8,96860.2,97874.0,295.0898925,6000
1739404800,97874.0,98077.1,97400.0,97511.9,57.14595761,2263
1739419200,97512.0,97553.0,95804.6,96038.0,260.71081748,3259
1739433600,96038.0,96347.1,95613.1,95931.6,100.7696114,2471
1739448000,95931.6,96457.8,95410.0,96002.8,248.20697808,4369
1739462400,96002.7,96371.4,95273.7,95648.1,280.89702196,4628
1739476800,95648.1,96700.1,95648.0,96628.0,344.01200125,4557
1739491200,96628.0,97163.0,96423.7,97122.9,346.46964619,4072
1739505600,97123.0,97198.4,96616.4,97017.9,55.25514185,2044
1739520000,97017.9,97193.9,96805.9,96905.1,136.10674752,2891
1739534400,96905.1,97502.1,96340.7,96959.3,221.71691707,5404
1739548800,96959.2,98826.0,96500.6,97967.5,549.08929308,8682
1739563200,97975.1,98269.0,96802.0,97464.0,216.94440838,5279
1739577600,97464.0,97902.0,97279.3,97716.1,59.46003977,2505
1739592000,97716.1,97766.0,97349.9,97379.6,38.28391351,1874
1739606400,97379.6,97738.2,97329.1,97580.6,76.82272983,2187
1739620800,97580.6,97898.0,97500.0,97640.0,61.16239988,2590
1739635200,97640.0,97686.9,97342.0,97545.9,101.04821411,2954
1739649600,97545.9,97700.0,97442.1,97588.2,40.30005897,2498
1739664000,97588.2,97700.0,97476.0,97500.0,30.53154076,1864
1739678400,97500.0,97636.0,97218.4,97221.4,30.78701175,1472
1739692800,97221.5,97367.6,97100.0,97246.4,38.70044899,1612
1739707200,97246.4,97323.8,96700.0,96978.3,61.81322277,2660
1739721600,96968.1,97158.1,96700.0,97059.9,65.22036538,2961
1739736000,97060.0,97200.0,96112.6,96144.1,84.54031648,3484
1739750400,96144.1,96607.5,96125.0,96224.5,71.61882156,2844
1739764800,96224.5,96431.1,95850.0,96054.4,103.54480201,2803
1739779200,96054.4,96399.4,95990.4,96050.1,121.83525573,1907
1739793600,96050.1,97032.6,95610.0,95684.5,291.90631043,3817
1739808000,95684.5,95947.7,95224.7,95561.4,200.87791363,5160
1739822400,95561.4,96404.7,95542.6,95772.8,223.12520961,4144
1739836800,95772.8,96223.1,95600.0,96186.1,35.10802098,2134
1739851200,96186.1,96234.6,95301.0,95478.1,190.42437198,3387
1739865600,95478.1,95833.0,95124.1,95629.1,100.77803632,2703
1739880000,95629.1,96650.9,95176.9,95504.1,232.11027475,5402
1739894400,95504.1,95600.0,93388.7,94066.6,657.87881114,12735
1739908800,94066.7,95600.0,93733.1,95600.0,258.84340759,6893
1739923200,95600.0,95831.3,94996.8,95639.2,150.62124993,5336
1739937600,95639.3,95781.0,95075.4,95670.6,194.34472032,4361
1739952000,95670.6,96367.5,95598.9,96354.0,189.68672761,3086
1739966400,96354.0,96682.9,95578.6,95911.0,234.26156479,4628
1739980800,95911.1,96465.8,95442.1,96120.8,177.20397808,4298
1739995200,96120.9,96875.0,96050.0,96625.7,170.88084612,4466
1740009600,96625.7,97291.2,96405.7,97041.2,156.51451206,3662
1740024000,97041.3,97300.0,96794.3,96874.5,97.47700109,3231
1740038400,96867.1,97379.4,96823.7,97202.3,125.31658825,2652
1740052800,97202.3,98054.8,96834.2,96921.9,343.16695409,6423
1740067200,96921.9,98522.4,96909.4,98399.0,366.43621199,7206
1740081600,98398.9,98744.0,98088.4,98339.1,191.32808759,5468
1740096000,98339.1,98494.3,98142.1,98187.8,78.06070698,3939
1740110400,98187.8,98538.0,98187.7,98199.8,60.31875819,2398
1740124800,98199.8,98913.9,98147.8,98645.4,119.76136404,3298
1740139200,98645.4,99481.1,97221.2,98100.0,749.76191376,10574
1740153600,98100.0,98684.9,95204.8,95243.3,758.06779668,10788
1740168000,95244.1,96148.1,94858.0,96099.5,415.44782504,6979
1740182400,96099.5,96441.6,95791.3,96222.1,135.95028661,3326
1740196800,96222.2,96500.0,96222.2,96357.6,24.07040186,2000
1740211200,96357.6,96600.1,96156.6,96600.1,79.77775187,1719
1740225600,96600.1,96900.0,96500.0,96665.4,114.97285482,2365
1740240000,96665.4,96777.0,96400.0,96628.1,100.17715381,2878
1740254400,96628.0,96688.3,96511.3,96600.1,29.37900968,2192
1740268800,96600.1,96621.6,96408.8,96469.0,21.55535654,1763
1740283200,96469.1,96571.6,96209.8,96568.1,66.96041456,1738
1740297600,96568.1,96568.1,96130.7,96130.7,39.34626253,1517
1740312000,96130.8,96130.8,95431.2,95433.0,99.79951156,2953
1740326400,95433.0,95877.3,95300.0,95740.4,99.42851129,2959
1740340800,95740.4,96305.6,95560.9,96303.4,32.64632617,2560
1740355200,96303.4,96483.0,95327.8,95429.7,95.52209428,3955
1740369600,95429.7,95937.6,95123.0,95856.7,109.97330656,3243
1740384000,95856.8,96178.6,95385.3,95815.4,161.32716736,2804
1740398400,95815.4,96000.0,93833.6,94348.4,444.00549071,8711
1740412800,94348.4,95200.0,93738.8,93924.2,441.68833055,7865
1740427200,93900.1,94518.0,91400.0,91534.4,1024.15132629,16489
1740441600,91534.4,92487.3,90888.0,92180.1,1054.3757999,13555
1740456000,92180.1,92295.7,88220.0,89351.0,766.13631227,18788
1740470400,89351.1,89940.9,86842.6,89192.3,1002.5280782,18270
1740484800,89203.3,89500.6,86000.0,87133.0,1038.95873612,14606
1740499200,87133.0,87920.0,86062.8,87816.0,823.31685026,10095
1740513600,87815.9,89335.0,87500.0,88632.6,528.52962976,9617
1740528000,88632.6,89271.0,88040.9,88791.1,398.41590555,7934
1740542400,88790.3,89104.1,88300.0,88634.1,114.35203534,4048
1740556800,88634.1,89203.7,88091.9,88528.2,184.51952697,3849
1740571200,88528.2,88615.0,85377.0,87410.4,1007.69884941,11793
1740585600,87410.5,87666.0,80525.0,83721.5,2967.2782234801,31971
1740600000,83721.5,85237.1,81804.8,84089.8,1208.3621489001,18229
1740614400,84089.9,85301.9,83971.5,85134.8,286.6823675,8228
1740628800,85134.9,86580.0,84639.1,86222.4,300.94211165,6452
1740643200,86222.4,86951.2,85794.7,86615.9,261.28179719,5239
1740657600,86615.9,86687.4,84590.8,85436.4,487.26373086,8299
1740672000,85436.5,85595.6,83515.7,83955.8,686.76827272,8918
1740686400,83955.7,84839.1,82611.0,84691.4,485.78823714,9549
1740700800,84668.4,84801.1,79415.4,80321.9,1095.3776546,21261
1740715200,80322.0,80836.4,78770.8,79089.9,906.91041943,17729
1740729600,79101.3,80765.0,78219.0,80468.7,597.57443697,9873
1740744000,80468.7,84416.0,80010.0,84000.0,830.2595255,13675
1740758400,84000.0,85061.0,83200.0,84421.7,789.83762765,9692
1740772800,84421.6,84765.8,83559.4,84309.2,285.60974553,5689
1740787200,84309.2,85599.0,83799.3,85234.0,337.72002452,5090
1740801600,85267.0,86515.9,84750.0,84750.1,251.85260183,4915
1740816000,84750.1,85465.8,84341.2,84595.3,209.10893953,3005
1740830400,84595.3,84852.7,84321.4,84760.4,91.28082055,3420
1740844800,84760.4,85465.8,84683.0,85384.0,87.93805312,4520
1740859200,85384.0,86197.0,85257.7,86020.8,139.27727406,4932
1740873600,86020.8,86400.0,85630.0,85859.9,117.46184595,4799
1740888000,85859.9,86466.4,85518.6,86194.7,111.62586218,2795
1740902400,86190.1,86209.9,85680.0,86084.1,97.93078578,2461
1740916800,86084.1,88608.8,84500.1,87392.0,935.15431092,9476
1740931200,87392.0,95000.0,87373.7,93527.9,3010.8193196502,32592
1740945600,93528.0,94801.9,93519.8,94285.0,887.21419382,10585
1740960000,94285.0,94401.6,92416.2,92672.7,600.37917557,7959
1740974400,92672.8,93313.4,91141.3,92350.1,500.43786297,5162
1740988800,92350.1,92845.4,91165.1,92679.5,590.88561608,6398
1741003200,92680.3,93670.4,89034.3,89973.7,1319.56437025,14048
1741017600,89964.6,90885.3,85379.8,85519.6,1420.5548009,17395
1741032000,85522.1,86955.4,85055.0,86144.7,707.72072877,12218
1741046400,86144.7,86715.6,82408.3,83905.1,967.99165425,12449
1741060800,83911.8,84486.9,83134.8,83134.8,904.09058279,5743
1741075200,83134.8,84244.0,83134.8,83918.2,365.68847401,4687
1741089600,83918.2,84890.4,81434.5,82899.9,913.85797481,12709
1741104000,82899.9,88470.9,82000.0,88179.4,1006.82278283,15623
1741118400,88192.8,88888.0,86561.9,87250.0,541.67968726,10588
1741132800,87250.0,87820.9,86378.4,86812.0,380.77740559,7161
1741147200,86812.3,87657.3,86705.3,87600.0,193.11194753,4418
1741161600,87600.0,90640.3,87597.5,89805.4,818.453121,9846
1741176000,89805.4,90866.0,87898.7,88343.9,1022.59103455,11103
1741190400,88335.1,90405.7,87600.0,89757.1,711.62714417,10085
1741204800,89757.2,90975.1,89674.3,90610.4,670.9784565,7429
1741219200,90610.4,92000.0,89951.4,91569.8,371.76034958,6767
1741233600,91569.9,92741.5,91241.2,91300.0,394.77528249,5108
1741248000,91300.0,91581.7,90608.9,91367.0,179.44103375,3984
1741262400,91367.0,91400.0,89185.1,90813.3,800.52873145,10263
1741276800,90813.2,91040.2,87836.3,88518.0,744.11271728,10535
1741291200,88518.1,90761.3,88499.7,89916.8,507.95730728,7874
1741305600,89925.3,91227.4,84665.7,86979.4,1610.82255586,18114
1741320000,86979.4,88564.4,86899.9,88281.9,238.93167384,4584
1741334400,88289.9,89649.2,88026.2,88931.0,175.82697461,4662
1741348800,88931.1,91060.7,88017.7,88410.8,1160.60584913,10283
1741363200,88410.8,88960.6,86569.9,87744.4,722.16750764,9904
1741377600,87783.1,88451.2,85585.0,86762.3,627.4420022,9339
1741392000,86762.3,86809.4,85230.0,85926.0,248.18692946,5501
1741406400,85926.1,86577.8,85650.0,86151.9,100.10152201,3334
1741420800,86179.0,86429.1,85768.1,85921.1,114.28900874,2856
1741435200,85921.1,86524.0,85817.3,86370.3,96.49679358,2967
1741449600,86370.3,86416.0,85671.1,86201.8,178.2812766,3734
1741464000,86201.8,86464.1,85907.9,86164.1,79.59419384,2613
1741478400,86164.1,86435.2,86000.0,86168.5,60.5060405,3430
1741492800,86131.1,86131.6,85800.0,85993.0,78.02063224,2488
1741507200,85993.0,86018.4,84730.0,85000.0,188.54955719,4020
1741521600,85000.0,85000.0,82783.6,83068.8,454.20297348,8465
1741536000,83068.8,83669.7,82200.0,82593.9,606.69908656,9099
1741550400,82600.1,83469.1,80006.7,80684.0,632.36050747,12070
1741564800,80709.9,82669.0,80060.3,82021.3,395.83998312,7933
1741579200,82040.3,82721.4,82000.0,82311.6,144.87926474,3684
1741593600,82316.5,83971.5,81150.0,83552.5,358.70493006,6690
1741608000,83552.5,83738.0,79214.6,80000.0,915.08782783,16269
1741622400,80000.1,80199.9,77414.3,78985.1,1177.73320527,21019
1741636800,79000.8,79787.0,78379.1,78558.8,423.03222738,8734
1741651200,78558.9,79845.2,76615.7,79459.0,892.61220153,13367
1741665600,79459.0,80537.2,79428.0,80443.7,307.79660685,4883
1741680000,80443.8,82000.0,80334.3,81709.3,536.30357663,5872
1741694400,81709.3,82141.8,79043.7,81183.6,1058.65662286,11795
1741708800,81189.9,83607.9,80634.7,83112.9,936.78046466,11790
1741723200,83112.8,83247.1,82572.6,82900.0,194.78859894,5085
1741737600,82900.0,83689.8,82108.3,82108.4,244.10876722,4955
1741752000,82108.4,82483.5,81296.6,82416.7,217.3433127,4679
1741766400,82416.7,83000.0,82015.1,82986.3,229.51886568,3697
1741780800,82986.3,84482.0,80628.9,81717.6,1193.22616691,11997
1741795200,81717.5,83100.0,81650.0,82929.9,398.12317806,6823
1741809600,82929.9,83810.5,82700.0,83673.4,235.72139948,4499
1741824000,83673.4,84282.4,83309.1,83551.2,207.78612918,4308
1741838400,83551.2,83638.1,82900.0,83128.3,198.13653914,2856
1741852800,83147.4,83459.2,82440.0,82920.0,295.29199395,3159
1741867200,82920.0,83900.0,80990.1,81007.9,601.22652122,7801
1741881600,81007.9,81231.8,79930.7,80133.0,509.85386057,8849
1741896000,80155.2,81440.0,80155.1,81112.3,187.67225783,4461
1741910400,81112.3,82206.8,80847.2,81873.9,201.50619933,3474
1741924800,81879.6,82394.0,81754.5,82245.1,85.27512315,2152
1741939200,82206.4,83279.1,82186.4,83271.0,261.94338807,3462
1741953600,83271.0,85278.7,82642.4,84724.2,750.53001803,10327
1741968000,84727.6,84947.9,83985.0,84589.8,565.81254259,6882
1741982400,84591.1,84591.1,83750.0,83997.6,212.1198844,4923
1741996800,83997.7,84659.4,83997.6,84500.7,106.37653236,3900
1742011200,84500.8,84559.4,83802.9,83838.9,105.04054436,2448
1742025600,83839.0,84121.0,83666.9,84121.0,75.14522257,2005
1742040000,84121.0,84473.4,84023.0,84343.2,178.09586788,3073
1742054400,84343.2,84500.0,84150.0,84293.0,53.46491936,2724
1742068800,84293.1,84430.2,84253.8,84332.9,69.45234102,2392
1742083200,84333.0,84333.0,83805.0,84314.7,83.81782937,3104
1742097600,84314.8,84400.0,84030.4,84290.0,19.90708668,1677
1742112000,84290.1,84334.2,82404.4,82409.5,179.87762331,3794
1742126400,82409.5,83419.1,82404.1,83312.8,99.11405056,3543
1742140800,83316.6,85021.0,82636.3,83096.7,232.39273886,6525
1742155200,83096.7,83425.4,82009.8,82599.9,227.88740058,4703
1742169600,82600.0,83720.0,82573.7,83702.4,160.39243601,2738
1742184000,83702.4,83838.8,82697.2,83566.1,161.3386651,2507
1742198400,83564.0,83709.9,83228.9,83527.6,117.15144695,2133
1742212800,83527.6,83931.1,82500.0,83517.9,287.30866388,5901
1742227200,83518.0,84700.0,83123.0,84469.9,422.14389307,5492
1742241600,84470.0,84489.0,83780.3,84015.2,115.19585795,3402
1742256000,84015.2,84015.2,82962.7,83138.7,110.8613093,3630
1742270400,83138.7,83239.1,82250.0,83174.1,281.42082511,3559
1742284800,83174.2,83434.1,82543.0,82595.1,124.76401945,2468
1742299200,82595.1,82791.8,81166.0,81572.5,624.81718173,7200
1742313600,81572.5,82454.9,81256.1,82262.6,267.87304149,5420
1742328000,82301.8,82793.1,81900.0,82705.4,117.44843039,3614
1742342400,82705.4,83168.1,82553.3,83059.6,205.49591914,2962
1742356800,83059.6,83309.1,82820.4,83212.4,156.00743163,1765
1742371200,83212.4,84049.0,83212.3,83909.8,372.841668,4091
1742385600,83909.8,84893.4,83554.7,84750.1,634.9249471,5870
1742400000,84750.1,85918.1,83600.0,85445.0,834.68118338,10837
1742414400,85445.0,87000.0,85221.1,86879.5,470.34456701,6456
1742428800,86879.6,87433.9,85662.0,85900.2,652.99820502,5539
1742443200,85900.3,86000.0,85445.9,85853.2,276.1265664,4531
1742457600,85853.2,86300.5,84781.4,85485.4,216.32117412,3751
1742472000,85485.4,86505.4,84600.0,84676.7,377.44130118,6578
1742486400,84676.8,84854.1,83609.1,84140.6,446.17311696,6368
1742500800,84140.1,84568.0,83884.6,84178.6,189.04895222,3840
1742515200,84178.6,84736.9,84150.0,84418.2,166.43584343,3748
1742529600,84418.2,84771.3,83750.0,83869.7,74.10030364,2524
1742544000,83869.7,84240.4,83750.1,84023.7,126.93008732,2440
1742558400,84023.7,84250.0,83179.3,83550.3,280.71827764,5574
1742572800,83550.3,84335.0,83359.1,83952.6,154.14322282,3963
1742587200,83952.6,84527.3,83820.5,84034.3,217.23598198,3370
1742601600,84034.3,84290.9,83982.9,84220.4,51.80109151,2487
1742616000,84220.4,84358.3,84141.7,84210.3,59.29788098,1494
1742630400,84210.3,84450.0,84154.9,84205.7,40.8496924,1420
1742644800,84210.1,84266.1,83981.6,84100.0,37.41582969,2282
1742659200,84100.0,84304.0,84038.4,84177.5,46.25729786,2536
1742673600,84177.6,84197.2,83667.4,83800.0,204.83191854,2798
1742688000,83800.0,84212.0,83799.9,84211.9,19.26442297,1605
1742702400,84212.0,84275.0,84061.2,84274.9,39.02186602,1472
1742716800,84275.0,84948.4,84266.1,84659.2,83.13880457,2080
1742731200,84659.2,85200.0,84600.0,85177.5,96.39650824,2616
1742745600,85177.6,85350.0,84819.3,85000.0,224.52385713,3792
1742760000,85000.0,86100.0,84947.4,86076.5,126.40253825,3284
1742774400,86076.5,86591.0,85558.1,86524.0,228.2553651,4400
1742788800,86524.0,87248.0,86524.0,86918.7,526.95407383,4582
1742803200,86918.7,87860.0,86918.6,87692.0,230.69093336,4573
1742817600,87692.0,88750.0,87105.3,88343.4,594.68828425,7952
1742832000,88343.4,88518.3,87752.0,88314.4,294.07147011,5961
1742846400,88297.6,88491.0,87126.0,87505.3,315.26417808,4038
1742860800,87511.9,87657.3,86382.3,86531.0,204.06579972,3581
1742875200,86531.1,86863.2,86306.7,86428.4,126.09705691,2649
1742889600,86428.4,87499.0,86428.3,87400.1,167.52418586,2533
1742904000,87400.1,88265.9,86999.9,87810.6,204.12498088,5292
1742918400,87819.4,88306.2,87610.2,88111.9,369.3575015,5355
1742932800,88129.1,88500.0,87195.7,87458.1,206.02020259,4604
1742947200,87458.1,87897.2,87080.7,87150.9,164.99426902,3186
1742961600,87151.0,88250.0,87120.3,88197.6,196.98832597,2668
1742976000,88197.6,88263.0,87869.9,88001.2,156.51370508,2302
1742990400,88001.2,88015.0,86466.3,86750.0,391.91939162,6943
1743004800,86750.0,87000.0,85853.7,86545.8,457.40747186,7770
1743019200,86545.9,87300.0,86507.1,86899.0,441.57111457,4216
1743033600,86899.0,87755.8,86808.8,87670.0,144.02513743,3163
1743048000,87670.0,87700.0,87298.9,87411.2,54.48309851,1985
1743062400,87411.3,87547.5,86840.7,86957.9,157.6460263,2571
1743076800,86957.9,87523.9,85838.9,86952.9,309.99570289,6512
1743091200,86953.0,87405.2,86780.5,87013.5,270.37707632,5316
1743105600,87029.2,87682.4,86950.0,87209.9,82.76673796,3279
1743120000,87209.9,87441.7,86768.8,86769.2,153.92164161,3176
1743134400,86769.2,86798.5,85151.0,85182.6,290.69786766,5686
1743148800,85182.6,85394.0,84826.1,85222.1,232.89050684,4599
1743163200,85222.1,85533.6,83951.7,84010.6,646.55914477,8640
1743177600,84009.4,84129.7,83530.1,83742.7,505.24766209,7465
1743192000,83742.7,84430.0,83658.4,84373.9,227.00126401,4223
1743206400,84373.9,84559.8,83680.0,84149.9,121.82175091,3377
1743220800,84149.9,84219.0,83655.0,83664.9,112.48180694,2043
1743235200,83665.0,83898.4,81980.4,82247.3,508.59816271,6152
1743249600,82247.3,82810.8,82121.9,82378.8,187.21717969,4321
1743264000,82393.0,82695.0,81655.0,82695.0,158.89634256,5854
1743278400,82696.0,82764.1,82229.9,82613.8,68.23965552,3554
1743292800,82613.8,83450.0,82505.0,83061.2,132.20263747,3584
1743307200,83061.2,83292.3,82860.5,83060.4,137.45270913,2581
1743321600,83060.5,83500.0,82945.8,83076.6,215.31823065,2734
1743336000,83076.6,83223.9,82479.5,82724.2,126.248217,3717
1743350400,82724.3,82816.6,82050.0,82528.5,168.43588271,4310
1743364800,82528.6,82672.8,81588.7,82325.4,137.57309538,4884
1743379200,82325.4,82398.9,81270.3,81508.6,192.82008875,4723
1743393600,81508.6,82250.0,81426.2,81837.8,82.7538892,2517
1743408000,81894.9,82235.0,81310.3,82169.6,125.26422098,3718
1743422400,82169.6,83870.8,81656.9,83400.0,528.04754454,9283
1743436800,83400.0,83688.4,82368.9,82394.4,572.68751616,9879
1743451200,82394.5,82809.1,82259.3,82523.0,193.72671079,4439
1743465600,82523.0,83198.9,82415.9,82935.0,108.19094377,3368
1743480000,82937.3,83589.3,82929.0,83475.0,69.69026296,2735
1743494400,83475.1,84470.0,83443.6,83907.1,331.43991132,5577
1743508800,83907.1,85476.0,82512.3,85266.1,599.59605986,9754
1743523200,85266.1,85487.5,84725.7,84959.9,315.6909841,6376
1743537600,84960.0,85500.0,84811.0,85201.1,333.11513782,4358
1743552000,85201.2,85257.0,84506.5,84550.0,177.30082837,5020
1743566400,84550.2,84726.6,83931.8,84446.1,210.14252463,3821
1743580800,84446.1,85447.9,84321.0,84538.6,385.22774742,4933
1743595200,84538.6,87344.0,84486.9,86713.5,673.92195702,12501
1743609600,86713.5,87269.0,86222.0,86940.0,371.49831246,9100
1743624000,86931.1,89042.7,82141.5,82508.1,1764.52148589,25519
1743638400,82508.1,83911.0,82205.0,83480.9,361.87887704,7837
1743652800,83480.9,83699.0,82975.4,83468.9,76.37129828,3633
1743667200,83468.9,83720.0,83036.6,83039.6,244.28834445,4042
1743681600,83039.6,83093.1,81177.7,82026.1,780.369207,14857
1743696000,82026.1,82384.6,81538.8,81918.1,251.33381704,7491
1743710400,81918.1,83241.6,81780.0,83132.9,228.22230476,6108
1743724800,83133.0,83388.0,82543.4,82788.2,158.36536913,5771
1743739200,82788.2,84000.1,82618.2,83976.9,172.96833269,3652
1743753600,83976.9,84709.7,81657.9,82656.0,487.89083432,10652
1743768000,82656.0,83654.9,81818.7,82872.0,654.25234118,15199
1743782400,82863.0,84565.6,82750.1,83952.1,354.72301354,10950
1743796800,83961.0,84385.0,83500.0,83840.8,158.79325191,5343
1743811200,83840.8,84200.0,83365.4,83628.1,158.32286858,3699
1743825600,83628.1,83807.9,83322.2,83472.4,58.04666651,2000
1743840000,83472.5,83828.9,83367.0,83440.1,78.7322443,1716
1743854400,83440.1,83500.0,82400.0,82587.5,187.38108099,4462
1743868800,82587.6,83067.4,82587.5,82825.8,84.0920656,2895
1743883200,82825.8,83588.8,82802.8,83508.9,93.60347446,3031
1743897600,83508.9,83680.0,83179.2,83309.4,87.10395892,2201
1743912000,83309.4,83497.2,82988.7,82992.2,71.2291271,1848
1743926400,82992.2,83107.3,82625.0,82795.2,111.82614358,2243
1743940800,82795.2,82917.4,82199.0,82557.1,149.22651638,3822
1743955200,82557.1,82557.1,78684.1,79602.3,1581.40225121,22792
1743969600,79602.3,79800.0,77057.7,78363.4,1692.18835673,22660
1743984000,78364.8,79300.0,77326.9,77652.0,625.36165515,12512
1743998400,77661.0,77895.0,74409.1,75051.1,1499.11896781,25407
1744012800,75051.1,77500.0,75051.0,76617.1,543.03486114,15089
1744027200,76617.1,81323.6,75729.2,78489.0,1794.8481210799,31160
1744041600,78480.1,79300.0,77302.1,78104.6,373.45265125,15453
1744056000,78084.1,80196.3,78084.1,79130.1,362.53086216,8846
1744070400,79130.1,80800.0,78778.6,79864.6,261.05093139,7195
1744084800,79864.7,80343.0,79177.1,79488.4,137.39936922,4713
1744099200,79488.5,80012.8,78833.8,79968.1,225.35938697,5356
1744113600,79968.1,80298.9,78149.7,78450.0,698.9419801,12295
1744128000,78450.0,78450.0,76301.1,76768.6,878.35435403,17280
1744142400,76770.4,77206.2,76164.6,76276.5,254.42943077,7848
1744156800,76276.5,76748.9,74572.5,75000.1,891.4051091,15255
1744171200,75006.1,77881.1,74996.7,77714.8,481.22417453,8550
1744185600,77706.1,77845.7,75735.7,76175.0,372.35438982,7760
1744200000,76175.0,78248.9,75984.1,77198.7,589.64454179,12042
1744214400,77198.7,82958.9,77074.3,82300.4,2238.1120999001,27329
1744228800,82300.4,83548.9,81979.8,82556.3,698.94836459,10462
1744243200,82556.3,82676.5,81482.1,81726.7,365.15369099,6485
1744257600,81721.5,82287.1,81305.2,81580.9,129.80146134,3916
1744272000,81575.3,82083.7,81351.2,81855.1,274.74841111,3754
1744286400,81855.1,82450.0,78600.0,78703.2,892.04088258,13495
1744300800,78703.3,79969.1,78451.2,79587.1,472.51386364,11147
1744315200,79587.1,79954.0,79386.0,79552.1,135.84062702,4860
1744329600,79552.1,80829.8,78914.7,80774.8,336.6763819,5866
1744344000,80774.9,81382.4,80498.6,81246.6,243.63478725,4243
1744358400,81246.6,82900.0,80779.6,82110.6,565.91903743,7019
1744372800,82110.6,83253.7,81301.1,82457.5,841.87759377,10005
1744387200,82457.5,84150.0,81990.2,83810.8,676.76181369,11541
1744401600,83810.8,84261.7,83147.0,83420.1,359.4516193,5407
1744416000,83420.1,83478.9,82750.0,82945.6,246.4666178,3776
1744430400,82942.9,83750.0,82875.8,83710.1,69.84793319,2432
1744444800,83710.1,83980.5,83299.0,83500.0,183.69569283,2790
1744459200,83500.0,85372.3,83473.3,85000.1,715.0704972,8122
1744473600,85000.1,85236.6,84395.3,84897.8,308.19303261,5319
1744488000,84897.9,85850.9,84897.9,85284.1,409.71890342,5376
1744502400,85284.1,86037.9,84741.3,85428.5,332.75826168,5522
1744516800,85428.5,85428.5,84398.4,84456.0,192.24972713,3204
1744531200,84453.1,84913.7,84238.7,84446.7,199.15037899,3277
1744545600,84446.7,84643.7,83469.3,83820.5,417.66274231,5723
1744560000,83820.5,84948.9,83036.7,83916.9,320.50126935,7200
1744574400,83916.9,84365.4,83025.5,83719.0,280.01889174,6889
1744588800,83719.8,85446.1,83708.2,84547.9,334.64602016,6506
1744603200,84547.9,85021.4,84248.9,84564.1,85.09112156,3297
1744617600,84564.1,84933.4,84244.4,84888.1,517.35005623,3551
1744632000,84888.1,85792.1,83751.0,84123.1,778.15046441,9486
1744646400,84123.1,85189.6,83901.1,84906.0,438.98018312,6636
1744660800,84898.0,84944.3,84404.2,84530.7,266.12290777,4382
1744675200,84530.7,85339.1,84341.8,85332.1,115.50049973,3658
1744689600,85332.2,85790.0,85167.0,85673.4,226.22669722,3441
1744704000,85673.4,85943.7,85384.6,85553.7,183.48782799,3179
1744718400,85553.7,86401.0,84681.2,84871.6,408.26009672,8190
1744732800,84871.7,85116.0,83919.2,84018.0,259.64003103,6213
1744747200,84024.0,84205.5,83600.0,83633.5,239.92950731,6238
1744761600,83633.5,83916.3,83146.0,83682.7,226.41060256,5254
1744776000,83682.8,83798.9,83269.2,83309.9,155.96837354,3262
1744790400,83322.1,84117.5,83181.2,84033.9,304.51514429,3701
1744804800,84033.9,85230.0,83557.7,84843.0,386.69881571,7761
1744819200,84843.1,85419.7,83339.1,84375.0,627.53599121,9846
1744833600,84366.0,84685.7,84021.0,84023.8,160.80144744,4824
1744848000,84027.5,84446.4,83860.7,84016.7,101.5183674,4872
1744862400,84016.8,84995.2,83916.0,84621.6,86.26362128,2699
1744876800,84621.6,84728.2,84200.0,84582.9,116.78619162,2517
1744891200,84582.9,84842.5,83777.2,84515.9,310.97666953,5773
1744905600,84515.9,85444.0,84401.1,84923.8,243.47190146,6126
1744920000,84906.1,85142.0,84743.5,84910.1,72.38058903,3021
1744934400,84910.1,85087.9,84730.9,84831.2,83.38100325,3309
1744948800,84831.3,84838.0,84456.5,84600.0,118.148923,2743
1744963200,84600.0,84743.3,84499.9,84615.9,42.75117647,1832
1744977600,84615.9,84730.7,84343.5,84364.4,102.11398058,3832
1744992000,84368.9,84630.7,84295.4,84533.2,67.59265173,3317
1745006400,84533.2,84623.9,84347.7,84472.5,36.66698643,2802
1745020800,84472.5,84948.6,84384.6,84897.5,81.21093303,4604
1745035200,84897.5,85250.0,84897.4,85221.1,47.90352299,2147
1745049600,85221.1,85429.5,85114.2,85187.0,74.83639009,1777
1745064000,85187.0,85611.7,85131.1,85180.7,88.55817342,3223
1745078400,85180.7,85311.2,84731.2,85083.3,77.10697043,3440
1745092800,85083.4,85363.0,85021.2,85121.3,35.91914249,2506
1745107200,85121.3,85309.2,85075.9,85157.1,12.97559218,1667
1745121600,85158.0,85227.1,84710.2,84788.1,62.42824951,1968
1745136000,84788.1,84788.1,84007.4,84128.9,117.625344,3093
1745150400,84128.9,84641.0,84109.1,84366.0,41.72537472,2730
1745164800,84366.0,84649.3,84333.0,84649.3,32.37395371,2149
1745179200,84649.3,85231.0,84640.5,85150.1,250.59816879,4064
1745193600,85150.0,87562.2,85150.0,87176.4,451.21276617,8657
1745208000,87176.4,87677.0,87099.4,87435.4,110.12057842,3003
1745222400,87435.5,87750.0,86704.2,86974.3,246.96651058,3279
1745236800,86974.3,88490.0,86804.3,88077.0,589.56643521,8840
1745251200,88077.0,88265.0,86400.0,87447.2,420.76935769,7488
1745265600,87447.2,87578.0,86945.8,87500.6,82.63925211,3745
1745280000,87500.7,88800.6,87100.0,88154.7,239.52329261,6560
1745294400,88154.7,88450.0,87961.1,88449.8,89.8600859,3359
1745308800,88449.9,88666.0,88282.0,88652.1,135.56515456,3348
1745323200,88652.1,91478.9,88524.0,90980.9,1119.08039923,16919
1745337600,90981.0,91735.7,90721.1,91557.3,510.35794992,9457
1745352000,91544.1,93888.0,91105.0,93472.0,877.66137783,15487
1745366400,93472.0,93880.0,92659.5,93187.8,239.55678552,8439
1745380800,93190.4,94199.9,93061.1,94136.3,205.2008503,7901
1745395200,94136.4,94444.4,93420.2,93484.6,356.93762055,6428
1745409600,93484.6,94635.1,91949.5,93215.1,603.80918655,13446
1745424000,93215.1,94229.3,92945.0,93587.0,483.00359814,7650
1745438400,93578.1,93903.7,93264.5,93677.0,121.09517962,4183
1745452800,93677.0,93758.2,92713.3,92720.1,61.3950606,3810
1745467200,92713.0,92900.1,92134.8,92219.1,112.22406326,3946
1745481600,92219.7,92631.7,91711.0,92631.7,204.24765253,3890
1745496000,92631.7,93447.2,92489.0,93266.7,217.45714913,5697
1745510400,93266.7,93688.0,92731.3,93617.4,237.91259205,5981
1745524800,93617.5,94000.0,93122.1,93999.9,246.01082308,5241
1745539200,94000.0,94450.9,92900.0,93321.2,245.34895636,5178
1745553600,93321.2,93841.3,93099.0,93812.0,345.15728315,3572
1745568000,93812.1,94666.0,93585.9,94595.0,300.61849106,3859
1745582400,94604.0,95837.7,94050.0,95162.5,972.59780501,13158
1745596800,95162.5,95609.5,94398.8,95372.4,282.53496559,6686
1745611200,95372.4,95383.9,94608.8,94717.1,106.93620289,7265
1745625600,94717.2,95189.5,94685.5,94802.0,87.46290824,8365
1745640000,94802.0,94834.0,94454.1,94681.0,49.77486824,2307
1745654400,94672.1,94746.3,94042.3,94168.0,151.00567649,3088
1745668800,94168.0,94414.4,93907.5,94414.4,77.16104805,3247
1745683200,94414.4,94414.4,94058.1,94334.8,60.39254413,2573
1745697600,94334.8,94928.0,94171.0,94663.5,73.3129904,2668
1745712000,94663.5,95348.5,94149.6,94160.4,97.51674691,3839
1745726400,94160.5,94295.2,93697.6,94104.4,73.82701516,2724
1745740800,94104.5,94338.0,93897.7,93974.8,52.7493806,1712
1745755200,93970.1,94168.8,93621.5,93952.2,100.29035764,3032
1745769600,93952.2,94440.9,93799.0,94438.5,82.15909628,2620
1745784000,94438.6,94506.6,93704.9,93817.0,125.4665336,3485
1745798400,93817.0,93943.0,92900.0,93903.1,152.25264948,6186
1745812800,93903.1,94806.9,93903.0,94707.9,88.97235129,3974
1745827200,94707.9,95568.4,94394.3,95301.9,223.9211028,4817
1745841600,95302.0,95600.0,93612.8,93856.2,372.88088856,7976
1745856000,93856.2,94945.3,93478.8,94806.7,233.38717487,5837
1745870400,94806.7,95133.0,94329.3,94998.1,186.13884182,4056
1745884800,94998.1,95407.7,94473.8,94684.8,162.51905577,4439
1745899200,94684.8,94990.0,94250.0,94990.0,116.13090565,3591
1745913600,94990.0,95250.0,94810.0,95159.9,145.68754036,2509
1745928000,95159.9,95250.0,94654.2,94864.3,366.05654017,5270
1745942400,94864.3,95469.2,94714.5,95347.0,254.42045116,5180
1745956800,95347.0,95365.4,93809.5,94269.6,521.29098894,7597
1745971200,94269.7,95131.0,94207.4,95044.9,101.98583203,5052
1745985600,95049.6,95152.7,94587.6,94636.0,48.16806207,3937
1746000000,94636.1,95194.3,94590.0,95194.2,79.65547931,2974
1746014400,95194.3,95195.0,92970.5,94020.1,499.16923013,10554
1746028800,94020.1,94444.0,93581.3,94189.5,218.54823175,5700
1746043200,94189.5,94745.1,94031.6,94205.4,135.31758736,4217
1746057600,94205.4,94950.0,94148.3,94779.9,190.68063037,3588
1746072000,94780.0,95100.0,94775.0,95038.6,185.5221661,2339
1746086400,95038.7,96332.0,94946.8,96209.5,365.88023935,6011
1746100800,96209.5,97405.1,95900.4,96923.8,484.18304205,9823
1746115200,96923.8,97407.8,96464.1,96560.0,272.39664818,6452
1746129600,96560.1,96887.0,96220.0,96469.9,147.36392,4814
1746144000,96469.9,97235.7,96469.8,97183.1,95.78561772,4140
1746158400,97183.1,97251.0,96386.7,96418.3,78.97373829,3363
1746172800,96418.3,97069.6,96405.0,96970.5,155.8841217,3561
1746187200,96970.5,97885.0,96676.6,97419.1,476.66710554,7814
1746201600,97419.1,97792.0,96860.2,97006.6,278.39031796,5930
1746216000,97006.6,97172.9,96604.8,96920.7,105.04709803,4286
1746230400,96920.7,96922.3,96409.8,96434.6,43.87859501,3606
1746244800,96434.6,96606.9,96220.0,96381.9,41.08253409,2607
1746259200,96382.0,96424.2,95893.8,95939.9,105.3256524,3322
1746273600,95939.9,96521.4,95920.6,96444.8,201.18790029,3540
1746288000,96444.9,96444.9,95971.0,96380.7,69.86936652,3987
1746302400,96380.8,96434.8,95785.9,95869.9,171.41486974,3254
1746316800,95869.9,96298.0,95650.1,95803.2,108.08566003,3201
1746331200,95803.3,96148.9,95748.6,95900.0,38.33699171,1662
1746345600,95900.1,95919.5,95305.6,95440.1,100.76299892,2961
1746360000,95440.1,95670.0,95318.0,95498.8,91.64667535,3193
1746374400,95498.8,95654.0,95277.7,95615.7,146.73834751,3090
1746388800,95615.8,95761.3,94153.2,94303.1,268.46568805,6797
1746403200,94303.1,94803.4,93570.1,94046.0,222.21311636,6366
1746417600,94046.3,94784.9,94046.2,94738.9,89.16327802,2949
1746432000,94738.9,94747.0,93900.0,94071.8,118.036206,3366
1746446400,94071.9,94494.3,93624.4,93719.6,314.11963246,6404
1746460800,93719.6,94874.2,93719.6,94324.4,207.65848811,5125
1746475200,94324.4,95173.9,93897.3,94727.0,108.09462698,4253
1746489600,94727.0,94850.3,94049.9,94440.1,290.36197603,4065
1746504000,94440.2,94599.9,94326.2,94377.4,109.37228433,1995
1746518400,94377.4,94377.4,93697.9,93728.2,106.80290467,3237
1746532800,93728.2,94709.1,93398.5,94537.0,192.58301952,6066
1746547200,94537.0,95094.9,94234.9,95000.0,148.99216333,5198
1746561600,95000.0,96877.8,94506.6,96816.7,383.45465409,6994
1746576000,96816.7,97650.0,96207.3,96486.8,416.56138358,6201
1746590400,96486.8,96949.1,96306.8,96949.1,102.05705056,2643
1746604800,96953.2,97070.6,96869.8,97011.5,169.65705726,3202
1746619200,97011.5,97451.7,96724.6,96919.9,171.50394876,5646
1746633600,96919.9,96919.9,95824.0,96235.5,345.62534981,8907
1746648000,96235.5,97350.0,96143.6,97031.4,157.15117125,5451
1746662400,97031.4,99162.3,96874.9,99158.0,639.79235795,10105
1746676800,99158.0,99369.5,98744.1,99229.4,146.49616237,4864
1746691200,99229.5,99823.4,99229.5,99435.9,333.85569096,4810
1746705600,99433.1,101499.0,99099.0,100799.1,642.53225203,11649
1746720000,100799.1,101666.1,100608.8,101249.9,445.53939251,8166
1746734400,101250.0,104082.5,101249.9,103228.0,783.95424794,12895
1746748800,103228.0,103228.0,102350.2,102372.0,111.04597453,4628
1746763200,102372.0,104319.1,102371.9,103729.7,269.91665311,4923
1746777600,103729.8,103907.5,102440.0,102976.7,284.71327822,6395
1746792000,102976.8,103713.6,102410.0,102861.7,314.186657,7593
1746806400,102872.0,103358.3,102344.7,103179.9,145.72418694,5528
1746820800,103179.9,103454.3,102738.5,102976.9,204.13164956,4047
1746835200,102977.0,103200.0,102833.3,103200.0,63.18726591,2962
1746849600,103200.0,104010.6,103042.6,103787.9,140.68307093,3314
1746864000,103787.9,104013.0,103381.4,103430.8,84.28237975,3304
1746878400,103426.4,103766.2,103186.8,103186.9,75.82228965,3294
1746892800,103186.9,103533.6,103023.9,103205.1,78.49888901,4052
1746907200,103205.1,104943.7,103135.3,104800.0,253.55919611,6207
1746921600,104799.9,104919.7,103500.0,104056.7,153.35520452,5027
1746936000,104056.7,104366.0,103326.8,103402.0,93.39416988,3437
1746950400,103402.0,104717.3,103402.0,104675.0,50.95491422,2418
1746964800,104675.0,104817.8,103812.8,104192.0,258.08552132,4677
1746979200,104192.0,104800.0,103816.5,104403.1,94.02612606,3566
1746993600,104403.1,104541.7,103604.9,104119.0,129.69790844,4083
1747008000,104119.0,105000.0,103729.3,104089.1,175.37809437,4839
1747022400,104089.2,105728.8,103800.0,104460.0,355.9315929,6136
1747036800,104460.0,104709.5,103632.3,103694.1,151.94416414,5793
1747051200,103694.1,104599.1,102428.0,102483.9,528.613472,10634
1747065600,102483.9,103047.0,100772.6,101799.8,516.37541236,12463
1747080000,101799.9,103100.0,101799.8,102825.0,140.69404856,5064
1747094400,102825.1,102825.1,101525.1,101731.6,122.48869685,6397
1747108800,101731.7,102874.0,101688.0,102643.4,84.6385485,3247
1747123200,102643.4,103801.6,102583.7,103699.5,148.21271231,3782
1747137600,103699.5,103941.1,102880.0,103689.8,233.81723195,6691
1747152000,103689.8,104980.0,103598.0,104841.9,313.2711505,8084
1747166400,104842.0,104882.0,103917.7,104156.7,201.96289107,5311
1747180800,104156.8,104156.8,103500.0,103572.8,122.31511202,4375
1747195200,103572.8,103985.6,103431.0,103752.0,181.28897494,3134
1747209600,103752.0,104080.0,102898.7,103949.7,121.23640968,3545
1747224000,103949.8,104280.1,102886.0,103505.5,157.34144771,6266
1747238400,103505.5,103723.4,102591.5,103254.1,377.25565126,5825
1747252800,103254.1,103663.0,103254.1,103589.7,64.30015473,2871
1747267200,103589.7,103871.6,102800.0,102800.0,62.66392667,4936
1747281600,102800.1,102926.9,101789.0,101809.2,116.69109903,4444
1747296000,101809.3,102393.7,101588.0,102360.0,122.65647974,4404
1747310400,102360.0,103282.2,101441.6,103282.1,284.83332667,7566
1747324800,103282.2,104123.0,102619.0,103194.4,262.57094263,6744
1747339200,103194.5,103971.9,102770.9,103761.7,132.79125051,4790
1747353600,103761.7,104400.0,103483.5,104046.0,212.8598216,4082
1747368000,104046.0,104181.4,103774.6,103774.7,89.06822127,2455
1747382400,103774.7,103871.6,103130.0,103674.2,154.76387981,3018
1747396800,103675.1,104253.3,103400.0,104168.3,179.37256607,5061
1747411200,104181.0,104500.0,103604.9,104048.9,192.28482452,4808
1747425600,104048.9,104048.9,103500.0,103500.1,105.61249361,3421
1747440000,103500.1,103562.1,102690.0,103550.1,91.48865755,4460
1747454400,103550.1,103697.1,103349.6,103456.5,24.13162512,1815
1747468800,103456.6,103556.0,102787.4,103000.0,111.90764168,2451
1747483200,103006.7,103169.1,102719.0,102971.1,66.77831616,3134
1747497600,102971.1,103313.0,102787.3,103178.4,49.85263825,3468
1747512000,103178.4,103431.0,102957.3,103169.1,63.30585492,2513
1747526400,103169.1,103433.7,103148.2,103258.1,25.41564358,1880
1747540800,103258.1,103920.2,103258.0,103919.0,62.5997643,1918
1747555200,103919.0,104062.2,103807.1,103821.1,96.91197495,2017
1747569600,103821.1,105672.7,103778.5,105522.0,436.70422468,6377
1747584000,105522.1,105982.3,103900.0,103949.9,719.42296286,7605
1747598400,103939.1,106631.8,103346.2,106525.6,607.90899323,8093
1747612800,106525.6,107042.1,103551.9,103612.1,425.66340927,8369
1747627200,103612.1,103697.0,102100.0,103246.0,496.02727568,6925
1747641600,103246.1,103381.3,102828.0,102982.1,84.83101355,2899
1747656000,102982.1,104943.0,102157.7,104800.0,353.49228393,7257
1747670400,104800.0,105521.0,104538.7,105521.0,436.08240568,6400
1747684800,105521.0,105811.4,105069.7,105637.7,259.67140403,3984
1747699200,105637.7,106809.5,105553.1,105754.8,432.32077028,6017
1747713600,105754.9,106404.3,105005.0,105024.1,119.3632037,3195
1747728000,105024.2,105402.0,104920.7,105214.7,113.42448311,2594
1747742400,105214.7,105409.5,104269.0,105409.5,297.71043578,5598
1747756800,105409.5,107222.0,105142.8,107026.8,399.11933717,7478
1747771200,107026.8,107262.6,105965.0,106855.6,351.79232863,5756
1747785600,106855.6,107200.0,106287.0,106873.6,163.29302507,3744
1747800000,106873.7,107995.0,106507.0,106589.9,453.14993057,6207
1747814400,106580.8,106810.5,106155.0,106567.2,217.39730404,3250
1747828800,106567.2,109528.1,106399.9,109027.7,889.59968806,14542
1747843200,109027.8,109800.0,106204.6,108680.0,1104.92398413,17842
1747857600,108680.1,110698.0,107786.7,109675.1,505.44178876,11419
1747872000,109675.1,111863.5,109287.2,111738.7,488.58379096,10279
1747886400,111738.7,111758.5,110460.8,111100.1,497.55992993,6104
1747900800,111100.1,111331.8,110275.3,111005.6,255.31771712,4284
1747915200,111000.1,111608.0,110567.1,111284.9,329.48178875,8294
1747929600,111285.0,111983.2,111000.0,111205.1,336.9225046,8306
1747944000,111205.1,111730.2,110779.0,111711.1,231.13584123,5727
1747958400,111711.1,111785.3,111034.0,111108.8,95.60371297,4469
1747972800,111108.8,111146.9,110373.4,110698.7,547.77292858,4679
1747987200,110698.8,111300.0,108889.3,109043.9,374.05527096,5915
1748001600,109044.0,109952.9,107332.5,108928.1,802.53722908,14272
1748016000,108937.2,109822.8,108077.0,108700.9,470.46523594,8350
1748030400,108700.9,108728.2,106824.0,107333.5,284.14961295,8203
1748044800,107333.5,108308.2,106905.8,108308.1,85.85804097,4490
1748059200,108308.2,108590.0,107635.2,107635.2,149.63259336,3340
1748073600,107635.2,109503.4,107621.8,109220.1,104.73329845,3480
1748088000,109220.1,109240.0,108565.9,108940.0,54.48630516,4160
1748102400,108940.0,109174.2,108721.9,108987.9,53.61849503,3211
1748116800,108987.9,109089.1,107534.5,107824.2,70.98780157,4435
1748131200,107824.2,108250.0,107306.5,108141.0,106.05526034,4303
1748145600,108141.0,108273.6,107519.6,107690.5,50.17030655,2435
1748160000,107690.6,107690.6,106726.3,107287.5,138.85833414,3852
1748174400,107287.5,107738.0,106672.9,107000.0,117.91680358,4180
1748188800,107000.0,107889.0,106697.0,107778.0,58.8796066,3643
1748203200,107766.6,109300.5,107235.1,109040.4,153.64426646,5364
1748217600,109040.4,109850.0,108780.0,109674.9,140.88510576,4493
1748232000,109674.9,110257.5,109416.8,110115.9,132.28177508,3407
1748246400,110115.9,110190.1,109612.9,109776.2,268.80981341,2528
1748260800,109779.0,110352.0,109532.6,110057.3,154.70898449,4319
1748275200,110057.2,110352.0,108950.0,109148.9,218.83538403,5093
1748289600,109148.9,109854.1,108985.6,109468.6,73.3456011,3346
1748304000,109468.6,109663.9,107600.0,108903.3,187.67897897,5296
1748318400,108903.3,109650.7,108633.7,109488.8,43.59253423,2574
1748332800,109488.8,109900.0,109488.7,109615.1,98.50470781,2272
1748347200,109615.2,110742.6,108723.9,110217.7,328.48826609,7509
1748361600,110217.7,110500.0,109677.3,109870.1,194.51406308,5203
1748376000,109870.1,109904.6,108692.8,109004.9,170.30591748,5122
1748390400,109004.9,109250.0,108500.0,108940.1,175.6304347,3285
1748404800,108940.1,109066.8,108718.0,108873.7,88.71845793,2279
1748419200,108873.7,109156.4,108333.3,108916.5,78.0801565,2923
1748433600,108916.6,109019.8,107125.0,107140.8,222.19988843,6497
1748448000,107140.8,107867.4,107000.0,107000.0,270.31719413,6019
1748462400,107000.1,108019.5,106805.1,107811.7,123.94176549,4676
1748476800,107811.7,108477.6,107475.1,108072.8,122.88827993,4110
1748491200,108073.0,108132.9,107016.6,107889.7,52.55571892,2838
1748505600,107904.4,108888.0,107802.4,108790.0,80.68476367,3193
1748520000,108800.0,108802.9,106500.0,107042.0,382.57446827,7173
1748534400,107042.1,107183.2,105640.0,105743.0,424.12707698,9453
1748548800,105743.0,106463.1,105348.4,105632.4,156.21492347,6088
1748563200,105632.5,106188.0,104604.2,106029.9,203.84394785,6116
1748577600,106030.0,106333.8,104784.7,105026.4,122.92485185,4287
1748592000,105026.4,105957.0,104641.9,105903.5,187.01219269,4438
1748606400,105903.5,106000.0,105113.5,105557.9,137.67894071,6168
1748620800,105557.9,105560.7,103723.5,104638.5,478.51900358,9562
1748635200,104638.6,104900.2,103641.3,104019.7,238.37269259,5838
1748649600,104019.7,104288.2,103169.0,103702.5,192.45717956,6017
1748664000,103702.6,103914.9,103521.8,103814.4,36.76742566,2456
1748678400,103814.4,103838.7,103360.2,103525.1,69.30790816,2365
1748692800,103525.1,104880.7,103525.1,104601.2,95.2586945,4531
1748707200,104601.3,104824.4,104351.4,104751.0,66.32111506,3873
1748721600,104751.1,104933.2,104521.8,104662.0,53.79468794,3097
1748736000,104662.0,104687.9,104000.0,104443.1,35.82463392,3019
1748750400,104443.1,104724.8,104270.4,104306.9,43.90780429,2019
1748764800,104307.0,104478.9,103850.0,104117.3,49.25903525,2125
1748779200,104117.3,104834.1,103855.5,104783.5,157.73853491,3442
1748793600,104783.5,105300.0,104443.1,105146.5,160.44538539,4065
1748808000,105146.5,105879.7,104955.0,105712.4,129.73678101,3705
1748822400,105712.4,105754.8,104679.6,104895.1,135.25062167,3513
1748836800,104895.1,105423.3,104673.7,105387.5,85.33355804,2309
1748851200,105387.5,105910.6,104000.0,104058.0,145.98539031,3637
1748865600,104058.1,104696.5,103737.7,104484.6,194.59119995,5860
1748880000,104489.1,104750.8,104117.4,104476.3,134.11586072,4929
1748894400,104476.3,105927.2,104476.3,105920.3,253.68343548,4757
1748908800,105920.4,106500.0,105486.6,105560.2,137.50847576,4422
1748923200,105560.2,105567.1,105233.7,105245.2,77.63205415,2141
1748937600,105245.2,105395.3,104984.1,105315.0,65.84977437,1994
1748952000,105315.0,106820.0,105127.5,106685.1,259.64811432,6118
1748966400,106685.1,106744.3,105720.0,106305.9,170.42684395,4884
1748980800,106305.9,106317.2,105372.7,105446.0,63.45113541,3820
1748995200,105446.0,105891.9,105259.5,105655.1,51.90338487,3008
1749009600,105655.1,105673.6,105329.7,105432.0,59.89883137,2334
1749024000,105430.6,106000.0,105142.9,105148.4,74.86809627,2646
1749038400,105148.4,105587.9,104279.0,105329.5,231.74882491,5487
1749052800,105329.5,105522.9,104943.7,105040.8,105.297765,3753
1749067200,105040.9,105040.9,104534.5,104745.4,89.43389208,3493
1749081600,104745.4,105230.0,104745.3,105068.0,80.8111848,2479
1749096000,105068.0,105214.4,104420.4,104541.5,32.80726589,2348
1749110400,104541.6,104944.4,104521.4,104900.0,78.40000881,1919
1749124800,104900.0,105948.1,103973.0,104581.0,348.67828293,7060
1749139200,104581.0,104595.0,101597.4,101900.0,593.62209823,11872
1749153600,101900.1,102149.7,100400.0,101579.7,610.08120414,13721
1749168000,101579.7,102568.1,101211.5,102542.5,149.37748632,5573
1749182400,102544.5,103489.7,102464.8,103195.9,115.88167793,4356
1749196800,103196.2,104000.0,103196.2,104000.0,124.41416045,3286
1749211200,104000.0,105360.1,103642.2,105167.4,240.55120751,7839
1749225600,105167.5,105339.9,104167.1,104336.9,130.54402159,6141
1749240000,104319.5,104686.1,104299.0,104376.0,116.44404269,3738
1749254400,104376.0,104960.7,104000.1,104960.6,65.07710776,3162
1749268800,104960.7,105385.3,104745.0,104947.6,68.11349823,2624
1749283200,104947.7,105313.9,104800.0,105167.5,119.47061378,2215
1749297600,105167.6,105774.9,105167.6,105608.2,79.94943494,3458
1749312000,105608.2,105899.0,105313.7,105777.2,71.73785404,3357
1749326400,105777.2,105929.0,105616.5,105654.5,87.66123594,2536
1749340800,105654.6,105740.0,105452.3,105531.6,77.06871621,2327
1749355200,105531.6,105688.6,105476.5,105484.1,78.60675578,1690
1749369600,105484.1,105700.0,105082.3,105699.9,82.53402692,2073
1749384000,105700.0,106108.1,105566.7,106036.3,178.22111429,3713
1749398400,106036.4,106372.1,106036.3,106299.9,75.3871129,3569
1749412800,106300.0,106477.0,105631.3,105754.2,76.69008455,3148
1749427200,105754.2,105994.0,105401.0,105702.3,91.32013727,3467
1749441600,105702.4,105760.8,105392.3,105636.6,42.90206662,2163
1749456000,105636.6,107828.7,105566.4,107738.4,210.21786855,5277
1749470400,107741.4,108000.0,106935.1,107726.1,294.28718926,7894
1749484800,107726.1,108777.7,107693.9,108647.2,249.52134594,6138
1749499200,108647.2,110550.0,108514.0,110280.0,376.53555991,9425
1749513600,110280.0,110300.0,109425.6,109552.3,139.88194307,5397
1749528000,109552.4,109739.0,109136.4,109259.6,130.13182651,4400
1749542400,109259.7,109852.8,109079.3,109556.1,191.15095432,4110
1749556800,109550.6,109879.1,108342.2,109066.9,251.07199191,7231
1749571200,109066.9,110373.0,108561.8,109503.0,228.20755689,7620
1749585600,109503.0,110295.9,109300.0,110273.6,239.62345567,5486
1749600000,110273.6,110273.6,109600.0,109750.0,55.92171486,5629
1749614400,109750.1,109750.1,109431.8,109496.2,28.86929166,3501
1749628800,109496.2,109600.0,109218.1,109273.0,123.43590108,3398
1749643200,109273.0,110411.0,109085.0,109752.1,319.02103574,7417
1749657600,109755.9,109834.9,108500.0,108732.2,164.02050442,6101
1749672000,108732.2,109200.0,108139.5,108702.0,118.80346822,5034
1749686400,108701.9,108790.2,106888.0,107858.3,371.27360407,5093
1749700800,107858.3,107996.4,107375.5,107657.2,112.23697257,3072
1749715200,107657.1,107840.6,106929.8,106931.3,113.89705565,3306
1749729600,106931.3,107789.7,106600.0,107047.3,253.86194122,5977
1749744000,107047.4,108460.0,106734.3,106857.6,353.97381504,6485
1749758400,106857.6,106979.0,105760.0,105760.1,306.90166072,7626
1749772800,105760.1,105760.1,102812.3,104431.5,915.26910834,17366
1749787200,104420.5,104935.7,103878.8,104935.2,238.8676446,5960
1749801600,104935.3,105400.0,104437.6,105026.3,294.0559112,4248
1749816000,105026.4,105727.3,104166.1,105479.7,198.2848183,7054
1749830400,105479.7,106000.0,104709.0,105087.1,281.94453764,6124
1749844800,105087.1,106137.5,105087.0,106122.3,180.69830487,4467
1749859200,106122.3,106172.3,105258.3,105285.1,55.52878049,2968
1749873600,105285.1,105433.2,104880.7,105120.8,40.67433262,1837
1749888000,105120.8,105162.3,104930.1,105100.0,68.23471179,1412
1749902400,105100.0,105100.0,104716.6,104824.4,46.02055437,2732
1749916800,104824.4,105040.9,104416.3,104720.5,131.39626169,3827
1749931200,104720.5,105524.5,104400.0,105479.4,50.82826977,2759
1749945600,105479.4,105699.0,105360.7,105521.3,22.96699477,1842
1749960000,105521.3,106090.0,105271.6,105471.8,41.86879592,2340
1749974400,105471.8,105475.0,104914.6,104955.9,42.65131791,1861
1749988800,104955.9,105816.1,104955.8,105594.1,54.22630844,3115
1750003200,105594.1,105750.0,105114.9,105265.6,69.53466275,3046
1750017600,105266.5,105587.8,104529.0,105581.4,103.64547446,3971
1750032000,105581.5,105934.4,105019.3,105913.5,124.35752764,3499
1750046400,105913.6,107250.0,105913.5,107042.0,274.8838925,4172
1750060800,107053.6,107237.6,106598.3,106892.5,111.8229891,2611
1750075200,106892.6,107812.0,106590.0,107459.8,221.68448057,5918
1750089600,107456.2,108888.0,107410.0,108640.4,227.62297307,5938
1750104000,108640.5,108924.6,106800.0,106800.1,249.58999702,6301
1750118400,106800.1,107725.1,106216.6,107600.1,189.33925392,5448
1750132800,107600.1,107684.0,106559.0,106755.0,111.36827568,2623
1750147200,106755.0,106824.3,105531.5,105632.4,180.60303329,3614
1750161600,105632.4,105815.8,104178.9,104260.5,318.05058275,7681
1750176000,104260.5,105347.4,103400.0,104717.3,291.41099667,10151
1750190400,104717.3,104828.9,104232.3,104622.4,257.46990477,4891
1750204800,104622.5,105223.0,104370.4,105184.6,84.14795098,3431
1750219200,105195.0,105529.9,104744.2,104970.0,92.17905035,2605
1750233600,104970.0,105293.9,104206.1,104850.3,101.14888601,3393
1750248000,104850.3,105311.6,103888.0,104838.1,168.28342525,7058
1750262400,104838.1,104838.1,103567.6,103821.4,204.13597966,8711
1750276800,103821.4,105142.9,103708.5,104892.0,158.51455043,4764
1750291200,104891.9,105226.5,104499.9,105122.1,267.89123355,3574
1750305600,105122.1,105200.0,104640.1,104640.5,349.05347947,2320
1750320000,104640.5,105088.0,104640.4,104807.5,55.49640767,2022
1750334400,104807.5,104899.8,104100.0,104117.3,64.59139391,3515
1750348800,104117.4,104824.4,103931.6,104297.8,116.12360009,4332
1750363200,104297.8,104843.0,104153.8,104675.2,271.74788078,4096
1750377600,104675.2,104808.8,104444.9,104673.0,28.15258122,2533
1750392000,104673.1,105799.0,104237.9,105799.0,73.48223931,3083
1750406400,105799.0,106470.0,105798.9,106000.1,167.31482693,3554
1750420800,106000.1,106100.1,103858.7,104236.0,300.82950304,7022
1750435200,104224.6,104270.4,102388.9,103385.0,375.7973422,10208
1750449600,103373.5,103754.2,103018.0,103292.0,106.27145575,5062
1750464000,103300.0,103642.2,103145.0,103501.8,52.93901824,3024
1750478400,103501.0,103577.6,103363.1,103468.1,37.61279261,1568
1750492800,103471.3,103995.5,103471.2,103894.7,56.75271361,1597
1750507200,103894.7,103894.7,103369.0,103584.7,72.96973424,2780
1750521600,103584.7,103665.1,102260.0,102260.1,197.78416646,4570
1750536000,102260.1,102860.4,100933.5,102144.0,520.85565617,10615
1750550400,102153.0,103380.5,101882.0,102375.3,436.91341185,8136
1750564800,102375.4,102950.0,102299.2,102418.9,151.92522607,2949
1750579200,102418.9,102796.3,102172.6,102720.0,93.94972399,2282
1750593600,102720.0,102800.0,98950.1,98950.1,850.78482047,16900
1750608000,98950.2,100325.8,98700.0,98900.8,378.57095801,9823
1750622400,98900.9,101001.0,98277.2,100987.9,419.15093446,9223
1750636800,100987.9,101633.3,100542.0,101177.0,128.0834033,4162
1750651200,101177.0,102084.4,101033.2,101981.7,156.07579378,3364
1750665600,101981.6,102067.3,101208.8,101361.1,111.91093966,2660
1750680000,101361.1,102571.4,100866.0,101508.5,463.21387556,8838
1750694400,101508.5,103319.4,99700.0,103242.8,786.23711863,13215
1750708800,103247.7,106022.4,103005.5,105382.0,989.42605729,12501
1750723200,105382.1,105533.4,104800.0,105006.5,262.6489689,7048
1750737600,105003.6,105881.3,104811.0,105019.1,341.10609551,8236
1750752000,105006.6,105636.7,104777.0,105282.6,133.2231093,3740
1750766400,105282.6,105760.5,104894.2,105287.0,230.02667112,5262
1750780800,105287.0,106309.1,105274.1,105696.4,459.6924715,6145
1750795200,105696.5,106100.0,105518.2,106100.0,143.81367621,3898
1750809600,106100.0,106800.0,105888.2,106290.0,194.00995627,4375
1750824000,106290.1,106773.6,106100.0,106683.7,177.06819633,2834
1750838400,106683.7,107393.5,106400.0,107246.0,476.52801855,4705
1750852800,107246.0,108165.5,106821.9,107087.1,547.87777027,8092
1750867200,107087.0,107940.5,106987.4,107766.3,216.30440152,5364
1750881600,107766.4,108000.0,107167.3,107360.0,142.58114519,3848
1750896000,107360.0,108289.0,107222.0,107888.7,139.00116486,4303
1750910400,107888.8,108100.0,107621.7,107925.0,97.10746699,2651
1750924800,107925.1,108187.4,107200.0,107383.3,117.74590855,3273
1750939200,107383.3,107757.0,106677.4,107311.8,187.29968076,5911
1750953600,107311.8,107673.0,107076.3,107606.0,129.68265937,4482
1750968000,107606.0,107985.1,106870.0,106945.0,182.88112626,5217
1750982400,106945.1,107557.2,106477.2,107533.7,117.7762923,3764
1750996800,107533.7,107712.1,106926.3,106961.5,58.12109514,2620
1751011200,106961.5,107206.2,106757.0,106975.3,73.46065683,2701
1751025600,106975.3,107454.0,106477.2,107382.1,181.05223357,6023
1751040000,107382.2,107682.4,106488.1,106873.0,126.86593919,5465
1751054400,106873.1,107260.7,106873.0,107115.4,84.35917976,3243
1751068800,107115.4,107350.9,106918.4,107350.9,29.04712377,2349
1751083200,107350.9,107475.1,107253.4,107475.1,19.98712728,1770
1751097600,107475.1,107498.4,107309.1,107405.5,49.40265502,1769
1751112000,107405.5,107544.2,107131.2,107518.3,40.48491735,2674
1751126400,107518.4,107518.4,107064.0,107277.8,221.35850716,3436
1751140800,107277.8,107360.0,107201.3,107325.1,65.85384576,2418
1751155200,107325.1,107500.0,107228.2,107234.1,28.06852666,1964
1751169600,107234.1,107379.4,107234.0,107371.5,6.84861898,1573
1751184000,107371.5,108452.4,107371.4,108452.4,197.414115,3847
1751198400,108452.3,108460.7,107692.0,107789.2,110.99753408,3575
1751212800,107789.2,107813.0,107390.0,107450.5,83.86030482,3804
1751227200,107450.5,108435.1,107311.5,108387.2,73.12000708,4031
1751241600,108387.3,108792.0,108304.0,108509.7,189.85401419,4526
1751256000,108509.8,108509.8,107583.0,107720.6,152.25803401,3645
1751270400,107720.7,107978.0,107428.4,107676.6,131.35202306,3420
1751284800,107676.6,107922.4,106800.0,107594.3,297.29769242,6526
1751299200,107594.3,107852.6,107196.4,107784.7,415.63063078,5729
1751313600,107784.8,107784.8,107013.5,107120.3,98.51088332,4443
1751328000,107120.3,107540.2,107089.0,107175.6,151.10641145,3749
1751342400,107175.7,107226.1,106700.0,107191.4,74.50122458,3628
1751356800,107191.5,107200.0,106333.0,106604.8,117.98789632,4304
1751371200,106604.8,107150.0,105669.7,106042.2,805.37665585,9081
1751385600,106042.2,106318.6,105398.1,105417.2,231.25186932,6854
1751400000,105417.2,106064.6,105312.0,105700.1,183.27554657,4982
1751414400,105700.1,106228.6,105116.4,106199.1,292.80424876,4775
1751428800,106199.2,107184.4,106165.6,107174.9,112.98441556,3361
1751443200,107175.0,107841.5,107174.9,107452.5,176.45371028,3687
1751457600,107452.5,108800.0,107219.0,108785.9,340.35001423,6282
1751472000,108785.9,109794.7,108779.2,109700.0,458.87613014,13904
1751486400,109700.0,109700.0,108761.8,108846.9,155.30768045,5208
1751500800,108846.9,109116.5,108600.0,108678.1,64.2298315,3908
1751515200,108678.2,109566.1,108650.0,109351.9,171.60357382,3695
1751529600,109352.0,110298.4,109351.9,109652.6,230.15295297,5382
1751544000,109652.6,110547.2,108809.8,109161.4,524.01741602,10186
1751558400,109161.4,109931.0,109100.0,109860.0,147.77858473,5985
1751572800,109848.1,109999.0,109598.1,109631.0,82.13747072,4512
1751587200,109631.0,109746.6,109208.8,109291.6,58.54879649,4437
1751601600,109291.7,109304.0,108739.6,108755.7,136.77968969,5659
1751616000,108755.8,109112.3,108601.0,108919.6,67.24708606,3499
1751630400,108919.7,109002.1,107609.7,107617.8,309.26349116,7901
1751644800,107617.9,107926.5,107299.9,107491.9,151.27725932,5701
1751659200,107492.0,108274.3,107469.4,108018.9,44.27585447,3338
1751673600,108018.9,108296.2,107829.7,108220.1,20.27549037,2606
1751688000,108220.1,108379.0,108068.9,108076.1,35.45520359,2473
1751702400,108076.2,108215.0,107949.0,108206.7,39.74821061,1838
1751716800,108206.7,108249.7,108040.5,108089.4,21.89128605,2770
1751731200,108089.4,108187.7,107950.0,108163.9,21.65472242,3614
1751745600,108163.9,108259.8,108035.0,108249.5,23.61428462,2502
1751760000,108249.5,108272.6,108094.6,108102.6,10.59409622,2041
1751774400,108102.7,108204.0,108004.7,108076.1,10.08568771,1823
1751788800,108076.1,108138.0,107825.2,108068.4,62.03732383,2196
1751803200,108068.4,109078.2,108068.3,108905.1,121.7121264,4345
1751817600,108921.9,108980.0,108355.0,108530.8,79.35828169,3672
1751832000,108530.9,109650.0,108530.8,109223.2,147.38992341,4680
1751846400,109223.2,109700.0,108704.8,109385.3,71.32263165,3456
1751860800,109385.3,109411.1,108700.0,109079.9,45.37299115,2792
1751875200,109080.0,109080.0,108646.7,108648.0,42.99681379,2707
1751889600,108648.0,108648.5,108000.0,108307.5,207.20035116,6293
1751904000,108307.5,108440.3,107520.3,108100.0,253.10131982,6471
1751918400,108100.1,108282.1,107862.0,108282.1,82.64207072,3590
1751932800,108282.1,108490.4,107500.0,107911.9,47.73985066,3890
1751947200,107912.0,108451.4,107777.8,108451.2,50.37931966,2694
1751961600,108451.3,108973.2,108234.6,108772.6,222.89314521,3867
1751976000,108772.6,109199.3,108282.3,108282.5,96.57219735,6405
1751990400,108282.5,109164.1,108129.7,108809.1,157.16838021,5275
1752004800,108809.1,108996.6,108655.4,108931.9,70.1617518,3900
1752019200,108932.0,109118.7,108375.5,108381.2,48.96391938,3615
1752033600,108381.2,108893.6,108375.3,108747.3,75.50814916,3457
1752048000,108747.4,109119.5,108581.1,109068.9,63.98979972,2774
1752062400,109068.9,109747.4,108516.5,109098.0,269.3634671,6514
1752076800,109098.0,112000.0,109045.8,111699.3,530.26931988,11133
1752091200,111699.4,111872.0,110656.3,111323.7,508.53247007,7969
1752105600,111323.7,111550.0,110941.7,111089.9,196.01301162,4598
1752120000,111090.0,111418.0,111000.0,111308.3,44.85519659,3572
1752134400,111308.4,111385.8,110913.4,111063.9,109.73635816,3418
1752148800,111063.9,111453.5,110600.0,111413.0,190.77780647,6108
1752163200,111413.0,113825.0,111413.0,113432.2,809.39692518,14830
1752177600,113432.3,116800.0,113344.1,115990.2,787.78603831,17255
1752192000,115990.2,116900.0,115212.5,116900.0,283.96748094,8618
1752206400,116899.7,118428.8,116527.5,117584.1,428.52354657,11211
1752220800,117584.1,118818.4,117584.0,117824.4,271.37418616,8429
1752235200,117824.4,118276.2,116781.4,116885.6,242.66633388,10776
1752249600,116885.7,118118.0,116679.0,118117.9,262.43851477,8812
1752264000,118118.0,118134.7,117176.0,117532.6,325.67038158,6563
1752278400,117532.6,117849.4,117164.3,117739.2,46.98440252,4104
1752292800,117739.2,118120.3,117612.5,117784.2,120.15732793,3776
1752307200,117784.2,118235.6,117700.0,117843.6,64.48278035,2764
1752321600,117843.6,117843.7,116977.1,117164.5,185.12931312,5535
1752336000,117164.5,117664.8,117101.9,117570.2,59.49252786,3582
1752350400,117570.2,117580.8,117122.0,117461.0,35.27746931,3146
1752364800,117461.0,117813.7,117277.3,117813.3,57.46403409,2736
1752379200,117813.3,118000.0,117738.1,117976.9,72.69006841,2448
1752393600,117976.9,118038.0,117722.8,118038.0,50.82659994,2312
1752408000,118038.0,119390.0,118037.9,118724.1,422.47471628,8461
1752422400,118724.1,119499.0,118451.4,118987.8,147.50279228,5794
1752436800,118987.8,119385.8,118345.3,119102.1,130.33251317,5805
1752451200,119102.2,121447.4,118961.2,120764.8,447.0468239,10181
1752465600,120763.5,123140.0,120590.1,122733.2,544.52511156,13335
1752480000,122733.2,122733.2,121344.8,121469.5,347.71855208,7714
1752494400,121469.5,122043.2,119607.7,119820.0,424.94924173,12205
1752508800,119820.0,120480.2,119235.0,119900.0,362.67014919,8929
1752523200,119900.1,120450.0,119549.4,119855.0,182.61203182,5991
1752537600,119855.0,119900.0,116847.3,117200.1,447.84805839,11940
1752552000,117200.1,117755.2,116282.0,116758.6,364.66478928,8015
1752566400,116764.5,117150.5,116324.0,117065.9,260.001787,6407
1752580800,117065.9,118370.0,115712.2,116375.0,610.05461054,12958
1752595200,116375.0,117644.6,116012.5,116425.1,303.52412099,8962
1752609600,116425.1,117954.0,116200.0,117741.0,182.90971187,6523
1752624000,117741.0,118184.9,117094.0,117496.9,124.84738098,5346
1752638400,117497.0,118304.3,117304.5,118162.6,121.18299506,4418
1752652800,118162.6,119291.5,118142.6,118731.1,159.31943381,5281
1752667200,118731.1,119755.1,118251.9,119125.9,312.40970741,10603
1752681600,119125.9,119929.2,118542.4,119283.8,236.91140826,8569
1752696000,119283.8,120049.5,118507.9,118712.6,205.83123221,7070
1752710400,118712.6,119208.3,117746.1,118130.8,67.23166321,6116
1752724800,118130.8,118812.4,117911.8,118424.9,207.6957772,4999
1752739200,118424.9,119162.5,118038.0,118038.1,114.76057753,5006
1752753600,118038.1,119100.0,117527.0,118975.0,182.67266647,8006
1752768000,118972.9,119901.3,118452.0,119000.0,270.07752913,7381
1752782400,119000.0,120999.6,118495.3,119321.0,294.72706725,10169
1752796800,119321.0,120775.7,119150.0,120293.1,208.99707484,7088
1752811200,120293.1,120833.7,119451.0,119451.1,204.92187418,6515
1752825600,119451.1,119476.7,118500.0,119199.9,181.65432426,7113
1752840000,119200.0,119500.0,117420.0,117939.8,237.91198208,11461
1752854400,117939.7,118038.0,117232.1,117444.1,245.67088157,8349
1752868800,117444.1,118013.9,116929.6,118011.9,126.098778,7222
1752883200,118011.9,118419.0,117731.4,118332.8,62.99046086,3584
1752897600,118332.8,118443.0,118175.9,118254.1,26.09475549,3037
1752912000,118254.1,118550.0,118075.0,118393.7,81.68491254,3042
1752926400,118393.7,118393.7,117664.2,118159.0,43.37169521,4318
1752940800,118159.0,118201.8,117700.0,118081.1,48.64429332,4265
1752955200,118081.2,118129.0,117382.5,117909.1,48.03945662,4431
1752969600,117909.1,118200.0,117750.0,118024.9,31.92798005,3423
1752984000,118025.0,118250.0,117829.0,118089.2,33.45932968,2592
1752998400,118089.2,118279.0,117912.8,117914.1,63.2339423,2781
1753012800,117914.1,118792.3,117763.5,118699.1,175.97673462,5710
1753027200,118699.1,118867.0,118054.7,118220.0,70.90685953,5584
1753041600,118220.1,118313.5,116600.0,117319.1,207.87094384,8077
1753056000,117319.0,118621.4,116623.7,118451.9,124.55236853,6129
1753070400,118451.9,119630.4,118226.6,119399.9,131.09170325,4992
1753084800,119399.9,119450.0,118138.4,118138.5,147.37795941,4680
1753099200,118138.6,119250.0,117864.5,118372.4,217.59872968,7707
1753113600,118372.5,118401.2,116750.0,116794.2,356.24663852,9069
1753128000,116794.3,117681.1,116750.0,117461.0,89.36215235,5612
1753142400,117461.0,117955.9,116260.0,117237.5,196.9725479,6649
1753156800,117237.6,118600.0,116687.3,117937.6,192.64750933,4877
1753171200,117937.6,119216.9,117600.0,119184.9,170.45422535,4731
1753185600,119184.9,119560.4,117625.5,118954.7,289.09761161,8166
1753200000,118954.7,120200.0,118454.7,119333.6,269.86840823,7447
1753214400,119333.6,120237.5,119325.0,119977.5,139.33528744,5144
1753228800,119977.5,120100.0,118637.9,118649.8,85.73568559,4498
1753243200,118649.9,119039.2,118400.0,118420.1,96.4855044,4139
1753257600,118420.1,118664.1,117945.4,118588.1,144.76978481,4959
1753272000,118588.1,118788.9,117411.0,118647.0,258.59783029,8897
1753286400,118646.7,118646.7,117447.2,118450.0,340.13101214,7446
1753300800,118450.0,118735.3,117450.0,118735.3,163.70416672,5980
1753315200,118735.3,119263.6,118538.0,118538.1,162.77746007,3862
1753329600,118538.1,118566.2,117316.0,118468.0,283.26373052,5966
1753344000,118468.0,118875.9,118040.8,118718.4,125.8542316,4076
1753358400,118718.4,119489.8,117979.7,119164.1,148.25480695,6462
1753372800,119164.2,119450.0,118500.0,119038.0,157.40974753,5584
1753387200,119038.0,119038.0,118241.7,118386.9,69.85792672,4821
1753401600,118387.5,118452.0,115392.4,115434.3,515.98777952,11927
1753416000,115434.3,116148.2,114733.1,115318.4,423.40642985,11303
1753430400,115318.3,116784.8,115050.0,116550.7,191.00220722,8111
1753444800,116550.7,116600.0,114942.5,115802.0,214.96538941,10836
1753459200,115802.0,116999.0,115463.0,116753.2,164.38097655,7481
1753473600,116753.3,117628.1,116605.6,117628.1,103.00207904,6309
1753488000,117628.1,117688.0,117197.6,117576.7,92.77109963,3673
1753502400,117576.7,117581.0,117362.5,117362.5,48.66267037,2430
1753516800,117362.6,118208.5,117362.5,117825.1,117.5344049,3310
1753531200,117825.1,118221.8,117804.4,118125.9,106.90557253,3721
1753545600,118126.0,118276.6,118038.3,118276.5,48.36698583,3055
1753560000,118276.6,118276.6,117921.0,117937.5,44.83291495,3389
1753574400,117937.6,118325.8,117863.8,118211.1,53.76921099,3030
1753588800,118211.2,118401.8,118127.7,118154.2,49.62575696,2598
1753603200,118154.2,118287.3,117900.0,118081.4,41.29470894,2503
1753617600,118081.4,118564.2,117922.9,118564.1,107.61812891,3943
1753632000,118564.2,119500.0,118564.2,119020.1,187.38779565,5397
1753646400,119020.1,119793.4,118800.0,119455.0,104.13385489,4327
1753660800,119455.1,119779.9,119034.8,119290.0,50.6235682,3788
1753675200,119290.1,119671.8,118781.9,118897.3,71.93347777,4047
1753689600,118897.3,119105.4,118547.2,118813.3,86.74627851,3485
1753704000,118813.3,119022.5,117942.8,118183.1,201.52784569,6654
1753718400,118183.2,118349.9,117425.9,118051.9,285.12663259,7564
1753732800,118059.1,118294.5,117567.6,117979.7,149.39047652,5111
1753747200,117979.7,118714.9,117500.0,118714.9,106.32539381,4594
1753761600,118714.9,119200.0,118428.9,118885.3,89.39886919,4107
1753776000,118885.3,119024.1,118223.5,118578.2,72.55841572,3107
1753790400,118578.2,119000.0,117288.8,117428.3,188.90065679,6531
1753804800,117428.3,117998.9,117000.0,117534.4,242.07156705,6960
1753819200,117529.5,117923.0,117075.0,117923.0,194.19142705,5508
1753833600,117916.9,118166.0,117469.8,118166.0,76.03149364,3739
1753848000,118166.0,118359.3,117701.8,118105.5,98.58697274,2956
1753862400,118105.5,118413.1,117400.0,117523.2,64.2700361,3806
1753876800,117523.2,118749.4,117350.0,117957.9,143.77886584,6618
1753891200,117957.9,117993.9,115800.0,116947.0,490.72581939,12339
1753905600,116932.1,117895.2,116901.4,117820.7,145.18923815,5199
1753920000,117820.7,118514.2,117820.6,118433.7,173.67682114,4626
1753934400,118433.7,118918.9,118275.0,118632.8,139.89113974,3396
1753948800,118632.8,118701.0,118334.2,118350.5,47.88325421,3086
1753963200,118350.5,118632.3,117777.4,118277.5,169.27084394,7125
1753977600,118277.5,118823.5,116800.0,116800.1,270.3040546,8399
1753992000,116800.0,116890.3,115500.0,115762.3,286.91961861,9959
1754006400,115762.4,116000.0,114305.0,115630.1,546.43629898,17538
1754020800,115630.1,115837.1,114626.3,114969.9,130.6129449,6292
1754035200,114969.9,115293.5,114166.0,115257.2,286.28150417,7771
1754049600,115257.2,115957.8,114000.0,115350.1,334.18309444,12087
1754064000,115350.1,115666.3,113243.6,113243.7,459.82005671,13438
1754078400,113244.3,114044.7,112688.1,113290.2,205.3097902,10590
1754092800,113290.1,113849.9,113150.0,113849.9,89.51788031,4934
1754107200,113849.9,114008.2,113475.0,113960.4,82.39448767,3770
1754121600,113960.4,113984.4,113423.4,113721.9,114.82112354,3569
1754136000,113721.9,113722.0,112810.3,112810.4,107.00119362,5850
1754150400,112810.4,113332.2,112000.0,112187.6,393.10788525,9199
1754164800,112197.1,113010.2,112052.3,112525.2,111.70956055,4886
1754179200,112525.2,113701.4,111897.1,113579.9,107.80907906,5036
1754193600,113580.3,113657.2,113333.1,113637.6,50.89775426,2645
1754208000,113637.6,114254.2,113576.1,113866.7,120.88263073,3356
1754222400,113866.7,114096.5,113645.0,113950.1,71.30309154,3968
1754236800,113950.1,114742.9,113758.4,114284.9,166.82542828,4936
1754251200,114285.0,114539.0,114100.0,114224.1,68.30994767,4076
1754265600,114224.1,114999.0,114154.6,114632.2,68.48358436,4992
1754280000,114632.3,114777.4,114180.3,114731.1,31.95625482,3275
1754294400,114731.1,114762.4,114229.2,114487.8,188.48429445,3636
1754308800,114487.8,115641.9,114137.1,114859.6,323.06523152,7810
1754323200,114859.6,115700.0,114749.8,114749.8,147.9437557,6162
1754337600,114749.9,115431.0,114621.8,115092.1,157.72195166,4739
1754352000,115092.1,115092.1,114249.8,114277.8,77.64815796,4036
1754366400,114277.8,114489.0,113700.0,113975.7,106.97663366,3942
1754380800,113975.7,115066.1,113919.3,114814.1,118.22400314,4000
1754395200,114814.1,114830.0,112629.7,112847.6,259.75785597,9144
1754409600,112847.6,113726.4,112817.9,113612.6,138.20720682,5625
1754424000,113612.6,114160.0,113327.6,114115.0,143.54948813,4122
1754438400,114115.0,114122.0,113400.0,113506.6,51.55018511,3276
1754452800,113506.6,114308.1,113400.0,114221.4,81.73932604,3287
1754467200,114221.4,114300.0,113712.8,114183.8,123.92544304,2913
1754481600,114183.8,115499.0,113598.6,115483.7,188.36788409,5953
1754496000,115475.1,115713.6,114962.0,115220.6,219.57119835,4996
1754510400,115220.6,115248.9,114860.0,115010.0,80.79487071,3466
1754524800,115010.0,115128.4,114397.0,114593.1,47.08883481,3011
1754539200,114593.1,114884.9,114280.0,114758.0,62.03275915,2580
1754553600,114758.0,116805.7,114757.9,116575.0,253.73099738,5916
1754568000,116575.0,116806.6,116053.0,116730.9,163.82939576,6268
1754582400,116725.1,117544.5,115681.3,117512.4,249.17005475,7403
1754596800,117512.4,117643.3,117092.4,117498.1,195.38463415,6132
1754611200,117498.1,117663.0,116719.5,116812.0,153.45746027,8449
1754625600,116812.1,116973.4,116399.9,116900.1,102.69927319,5025
1754640000,116900.1,116952.8,116367.0,116931.4,50.68447195,3571
1754654400,116931.4,117250.0,115946.0,116235.6,173.22823955,7174
1754668800,116235.6,116889.9,116013.4,116459.4,119.87757273,6189
1754683200,116459.4,116988.1,116358.0,116676.0,39.25708366,4252
1754697600,116676.0,116733.1,116400.0,116400.2,33.67755331,2806
1754712000,116400.2,116949.5,116400.0,116763.2,57.38830751,3795
1754726400,116763.3,117869.4,116763.2,117114.5,156.93284317,4149
1754740800,117120.2,117230.0,116735.2,116882.5,76.58775531,4327
1754755200,116882.6,116961.4,116565.2,116587.6,66.73120831,4084
1754769600,116587.6,116969.0,116282.1,116467.4,307.26631393,4878
1754784000,116467.4,118480.0,116467.3,118449.9,188.35336206,4852
1754798400,118450.0,118703.3,117491.5,117790.9,210.82354929,4565
1754812800,117790.9,118479.8,117656.1,118369.1,135.55109106,3178
1754827200,118369.1,119091.0,118287.5,118802.9,246.95328854,5577
1754841600,118802.9,118912.4,118425.5,118657.6,81.16351615,3440
1754856000,118657.7,119288.4,118041.7,119288.4,280.55247646,5109
1754870400,119288.4,122168.6,119004.2,121710.2,651.62766682,11330
1754884800,121710.2,122273.5,121465.9,121466.3,349.40631677,8024
1754899200,121466.4,121748.6,120327.3,120579.4,238.32290232,5964
1754913600,120579.4,120579.4,119400.1,120287.5,349.97917547,8730
1754928000,120287.6,120750.0,118600.0,119066.2,273.49902782,8142
1754942400,119066.2,119170.3,118100.0,118724.5,221.68603679,6345
1754956800,118724.5,119206.4,118661.0,118807.7,73.48056639,3704
1754971200,118807.7,119128.7,118500.0,118975.1,150.08680713,3633
1754985600,118975.1,119002.8,118255.0,118510.5,78.67711717,3749
1755000000,118510.5,119950.0,118255.6,119919.4,423.84216815,8323
1755014400,119919.5,120154.2,119206.4,119662.6,187.88252874,6713
1755028800,119662.6,120303.2,119522.1,120172.0,202.0318644,6183
1755043200,120172.1,120172.1,119020.9,119475.0,246.61452757,5361
1755057600,119475.1,119761.9,118918.3,119618.0,144.16425778,4281
1755072000,119618.0,120705.0,119534.0,120620.1,330.56369561,4955
1755086400,120620.1,122200.0,120110.0,120929.3,739.61582113,11623
1755100800,120927.2,122817.3,120927.2,122806.8,402.72032493,12008
1755115200,122806.9,123724.7,122401.1,123354.3,802.45767586,10577
1755129600,123354.3,124420.0,123327.0,123379.4,327.03909559,8102
1755144000,123376.3,123424.9,121371.4,121862.5,363.42719893,6917
1755158400,121862.5,122068.0,120686.0,120895.6,315.16396337,5439
1755172800,120895.6,121187.5,117769.9,118317.7,1613.53964282,20360
1755187200,118317.7,118527.0,117250.0,118031.4,559.1700466,10275
1755201600,118031.4,118600.2,117406.8,118383.1,279.71604716,6877
1755216000,118383.1,119149.2,118145.1,119078.3,87.16607175,4775
1755230400,119078.4,119312.7,116560.9,119025.9,505.64772255,5491
1755244800,119037.4,119242.7,118706.0,119087.5,89.64922176,3395
1755259200,119087.5,119140.7,116900.1,117322.9,287.21334333,9354
1755273600,117322.9,117930.9,116855.4,116975.1,224.32369138,7763
1755288000,116975.1,117837.5,116975.0,117426.7,90.10608478,4795
1755302400,117426.7,117915.8,117379.7,117524.9,87.23565692,3239
1755316800,117524.9,117947.4,117425.1,117700.0,36.63148104,2644
1755331200,117700.1,117738.4,117284.0,117501.0,39.80903381,3345
1755345600,117501.0,117869.5,117496.3,117774.4,61.64140417,4395
1755360000,117774.5,117879.9,117716.1,117734.3,69.07079607,3836
1755374400,117734.3,117777.3,117340.2,117487.5,31.26455981,3826
1755388800,117487.5,117818.3,117295.3,117746.3,36.89570562,3370
1755403200,117746.3,118264.9,117744.8,118025.9,69.2086844,4517
1755417600,118025.9,118500.0,118004.5,118382.5,61.70515608,3211
1755432000,118382.5,118550.2,118145.8,118293.9,142.21245926,4019
1755446400,118294.0,118359.0,117394.0,117638.9,83.1386853,4877
1755460800,117638.9,118021.2,117441.2,117441.3,48.29750641,4766
1755475200,117441.3,117593.3,115064.5,115411.5,358.64762886,13267
1755489600,115411.5,115766.8,115000.0,115290.1,278.76312737,8336
1755504000,115290.1,115441.6,114715.9,115034.9,110.4339659,5515
1755518400,115034.9,116224.4,114884.8,116207.8,257.68880362,7646
1755532800,116207.8,116850.0,115893.8,116362.4,175.60337213,5997
1755547200,116362.4,116995.6,116055.7,116260.0,90.26908903,4302
1755561600,116259.9,116766.0,114866.4,114889.4,278.49482902,6229
1755576000,114889.4,115517.8,114500.0,115024.9,188.84733997,5380
1755590400,115024.9,115647.9,114837.8,115622.8,117.34947217,3386
1755604800,115622.8,115900.0,113530.0,113770.1,517.56628949,10549
1755619200,113770.1,113832.0,112771.8,113094.0,336.80015148,9988
1755633600,113094.1,113535.0,112750.0,112830.3,135.62614281,5902
1755648000,112830.4,113566.7,112610.0,113544.6,121.11481848,5243
1755662400,113544.7,113787.5,113438.3,113444.7,59.62614422,3515
1755676800,113444.7,113947.6,113116.6,113628.5,188.26750969,3815
1755691200,113628.5,114287.4,112400.0,113365.5,492.84970303,10140
1755705600,113365.5,114446.1,113308.7,114312.6,284.07415363,6405
1755720000,114307.7,114612.1,114011.0,114262.7,106.40224041,4332
1755734400,114273.8,114738.6,113918.0,114000.1,101.63240927,3437
1755748800,114000.1,114000.1,113634.8,113884.3,56.73324011,2802
1755763200,113884.3,113905.0,113035.2,113149.8,71.08180999,3290
1755777600,113149.8,113961.3,112610.0,112765.1,130.7484542,6650
1755792000,112765.1,112896.3,112036.0,112132.5,276.62076157,7989
1755806400,112132.5,112775.0,112100.0,112462.5,130.66916999,5137
1755820800,112475.0,113456.7,112357.6,112887.3,76.97434282,4579
1755835200,112887.3,113282.2,112683.3,113126.0,65.76423362,3510
1755849600,113126.0,113274.9,112156.8,112280.5,80.45396425,3605
1755864000,112280.5,117284.5,111676.0,116362.5,897.65420081,18324
1755878400,116362.6,117354.0,116088.7,116586.7,402.90963028,9790
1755892800,116586.7,117130.0,116517.9,116817.9,178.89999541,5401
1755907200,116817.9,116975.0,115490.1,115516.2,128.64353975,4866
1755921600,115516.2,115938.2,115516.1,115766.1,87.34653043,2797
1755936000,115766.1,115799.0,115176.6,115176.7,52.13227417,2607
1755950400,115176.7,115411.6,114551.1,114800.1,195.77156911,5177
1755964800,114800.1,115142.2,114700.0,115055.4,126.56371376,4000
1755979200,115055.4,115344.1,115002.9,115344.1,96.51720494,2772
1755993600,115344.1,115530.9,114903.9,115030.1,63.66081991,3270
1756008000,115030.1,115217.9,114800.0,114890.1,73.85082245,2482
1756022400,114890.2,114954.3,114550.0,114664.1,56.98012433,2707
1756036800,114664.1,114800.0,114340.6,114400.1,93.55223734,4087
1756051200,114400.1,114842.8,110692.2,112559.2,639.89792916,13610
1756065600,112559.3,113636.6,111724.1,113456.1,318.13405431,9313
1756080000,113456.1,113619.8,112184.7,112926.9,203.18651103,5947
1756094400,112926.9,112986.2,111347.1,111450.1,345.79684458,6333
1756108800,111469.1,111767.3,110912.5,111230.1,349.76325576,6780
1756123200,111230.1,112547.9,110584.2,112204.0,362.72007854,9076
1756137600,112204.1,112872.6,110662.6,110673.2,258.66371787,7636
1756152000,110673.2,111064.7,109304.8,110144.9,1004.80817411,15352
1756166400,110145.0,110145.0,108734.6,109883.0,336.94154688,8989
1756180800,109883.1,110491.9,109775.0,110315.0,109.24794455,4355
1756195200,110315.0,110455.7,109629.5,109842.3,146.1294263,5994
1756209600,109842.3,110762.4,109389.8,109670.1,321.27316758,9085
1756224000,109670.1,111130.2,109525.0,111128.4,244.6498819,7212
1756238400,111128.5,112395.6,110935.1,111829.3,182.74112026,6090
1756252800,111829.3,111829.3,110968.3,111462.6,140.79565068,4405
1756267200,111462.6,111662.0,110607.4,110674.4,154.20031988,3394
1756281600,110674.5,111365.3,110434.3,111340.0,100.51354414,3740
1756296000,111340.1,112603.4,111050.0,112022.4,243.7249719,7960
1756310400,112022.4,112600.0,111600.0,112060.2,178.9866554,6553
1756324800,112060.2,112388.0,111000.0,111268.6,289.35292372,6818
1756339200,111268.6,112000.0,110902.6,111986.3,97.83546813,4046
1756353600,111986.4,113200.0,111986.3,113199.9,214.47045004,3633
1756368000,113199.9,113321.4,112852.5,112924.6,172.46202644,2522
1756382400,112924.6,113457.9,112412.5,112650.0,277.67853508,7049
1756396800,112650.0,113204.3,111900.0,111900.1,291.80001995,6394
1756411200,111905.8,112563.7,111809.8,112563.7,269.64765411,4530
1756425600,112563.7,112570.0,111370.4,111778.0,111.81319658,5326
1756440000,111778.1,111855.3,109898.7,110012.6,369.21950717,6094
1756454400,110012.6,110274.2,109422.5,110091.0,320.65259065,6558
1756468800,110091.0,111490.4,108150.0,108437.4,478.46400143,17098
1756483200,108437.4,108842.5,107919.6,108225.1,228.74233335,11075
1756497600,108225.1,108537.5,107505.0,108400.1,201.49931208,7735
1756512000,108400.1,108400.1,107352.6,108387.4,178.57090684,5927
1756526400,108387.4,108642.0,108195.0,108499.9,140.75405166,3309
1756540800,108499.9,108700.1,108442.3,108641.2,173.26058408,3699
1756555200,108641.2,108926.8,108229.7,108850.1,148.41383418,4482
1756569600,108850.1,108900.0,108624.3,108837.5,146.16050266,4126
1756584000,108837.6,108837.6,108487.5,108750.0,33.1620785,2839
1756598400,108750.0,109490.8,108749.9,109220.5,150.37880255,3516
1756612800,109220.6,109237.6,108576.9,108710.0,111.37447307,2799
1756627200,108710.0,109098.5,108321.3,108400.1,80.89253501,3258
1756641600,108400.1,108777.0,108200.0,108777.0,98.80686254,5801
1756656000,108777.0,109150.0,108597.4,108921.0,98.13555487,4248
1756670400,108921.0,109182.6,108113.5,108250.0,129.26145424,4026
1756684800,108250.1,108412.3,107453.1,107664.1,216.18221877,6290
1756699200,107664.2,109355.0,107255.0,109355.0,164.70761822,5110
1756713600,109357.2,109813.2,108217.4,108805.8,436.07394385,6125
1756728000,108805.8,109517.2,108620.7,108745.0,114.43755614,6143
1756742400,108745.0,109319.7,108464.4,109210.1,83.49928215,5045
1756756800,109210.1,109366.1,107500.0,109263.5,312.86119719,8226
1756771200,109258.5,110523.4,108888.4,110350.1,225.67434685,4936
1756785600,110350.2,110584.2,110065.5,110182.9,250.5870694,3312
1756800000,110183.0,110761.3,109651.0,109737.1,172.27640812,4042
1756814400,109737.6,111737.8,108457.0,110753.3,661.91171026,10884
1756828800,110753.4,111108.9,110192.4,110792.7,278.72084399,6542
1756843200,110792.7,111499.5,110753.7,111196.9,211.36880086,5166
1756857600,111196.9,111702.7,110917.1,111078.1,160.89583077,4657
1756872000,111078.1,111092.5,110600.0,111046.5,130.83247027,3337
1756886400,111046.5,111655.6,110947.5,111490.1,80.48547367,3422
1756900800,111490.1,112500.0,111116.2,112246.3,594.61947137,8173
1756915200,112246.3,112537.6,111780.8,112232.2,231.72399211,6115
1756929600,112232.2,112286.6,111700.0,111771.1,263.77331383,4784
1756944000,111771.1,112193.7,111174.7,111175.1,68.57674068,3603
1756958400,111175.1,111312.5,110353.7,110512.9,104.06099587,3978
1756972800,110512.5,111111.0,110450.3,110837.6,130.56739055,3337
1756987200,110837.6,111111.0,109374.0,109525.2,377.0054531,7072
1757001600,109525.2,110209.3,109369.8,109846.7,131.2306796,5333
1757016000,109846.7,111685.5,109836.7,110744.3,247.28601333,5810
1757030400,110744.4,111462.3,110434.4,111308.5,94.06640267,4407
1757044800,111308.5,112994.5,111172.1,112974.6,222.11003526,5220
1757059200,112974.6,112974.7,112147.8,112320.0,138.66401906,5173
1757073600,112320.0,113372.1,110322.6,110714.2,558.12509911,15943
1757088000,110715.3,111566.4,110231.4,111566.3,352.45691285,8246
1757102400,111566.4,111620.0,110434.3,110647.8,169.28085051,5583
1757116800,110647.8,111243.0,110566.9,111053.2,67.08328346,3116
1757131200,111053.2,111053.4,110727.0,110825.1,31.07422161,2439
1757145600,110825.1,110923.7,110717.5,110778.9,53.94274477,2267
1757160000,110778.9,110984.4,110409.6,110442.0,37.62560553,4000
1757174400,110442.1,110442.1,110036.7,110039.9,61.12972391,5179
1757188800,110040.0,110311.3,110039.9,110254.9,27.7874168,2892
1757203200,110254.9,110699.6,110239.0,110636.8,28.02559786,2367
1757217600,110636.8,110862.3,110530.2,110752.9,24.5488291,2312
1757232000,110752.9,111312.4,110752.8,111227.6,76.68301223,2819
1757246400,111227.6,111344.4,111089.7,111309.7,80.01274276,4312
1757260800,111309.7,111339.4,110878.9,111222.0,49.10937564,4402
1757275200,111222.0,111526.8,111059.2,111152.8,85.59396157,3940
1757289600,111152.8,111303.4,110667.7,111043.4,246.52280959,5083
1757304000,111043.4,111525.2,110913.2,111280.4,66.73777489,3166
1757318400,111280.4,112114.3,111263.4,112079.3,166.11803504,5735
1757332800,112079.3,112864.4,111897.6,112590.0,156.45955147,7086
1757347200,112590.0,112619.7,112014.5,112014.8,174.37272255,5482
1757361600,112015.1,112431.9,111921.5,112050.1,87.72409235,4577
1757376000,112050.1,112050.5,111196.8,111739.8,97.05438757,5226
1757390400,111739.9,113200.0,111678.0,113010.3,218.80648242,6074
1757404800,113010.4,113148.5,112507.5,112507.6,108.75933487,5116
1757419200,112507.6,112898.8,110815.3,110888.4,461.27342506,9255
1757433600,110888.5,111348.3,110820.1,111348.3,366.80663062,5970
1757448000,111348.3,111692.6,111049.0,111541.0,250.95551482,5992
1757462400,111541.0,111541.0,110934.0,111477.8,81.61243685,5249
1757476800,111477.9,112547.8,111390.7,112531.6,113.54995054,5177
1757491200,112531.6,112763.8,112158.1,112229.9,140.72295006,4715
1757505600,112229.9,114300.0,112229.8,113892.2,927.99291059,11228
1757520000,113892.2,114056.3,113178.9,113604.6,929.36355175,7840
1757534400,113604.6,114000.0,113604.5,113952.8,120.1531436,5756
1757548800,113952.8,114434.0,113708.4,114434.0,128.08431438,4727
1757563200,114434.0,114472.0,114000.0,114112.5,134.86542164,4989
1757577600,114112.6,114150.1,113782.8,113990.8,259.33045924,3151
1757592000,113990.8,114800.0,113400.0,114222.4,652.83620235,11558
1757606400,114222.4,114600.1,114176.8,114499.9,238.43858209,6348
1757620800,114500.0,115500.0,114292.1,115500.0,205.70786154,6410
1757635200,115500.0,116298.8,115129.6,115280.9,493.13505024,8451
1757649600,115280.9,115700.8,115115.4,115115.5,188.81824718,4506
1757664000,115115.5,115220.0,114900.1,114947.0,180.65382064,4746
1757678400,114947.1,115468.1,114813.3,115170.1,221.23676341,9754
1757692800,115170.1,116743.3,115101.3,116724.8,496.08253166,10767
1757707200,116724.8,116724.8,115847.0,116111.7,151.38394087,5896
1757721600,116111.7,116350.8,115745.6,115969.8,128.52070549,4477
1757736000,115969.9,115970.1,115760.0,115880.0,47.5192103,2697
1757750400,115880.1,116199.8,115834.7,116019.8,109.47462104,4956
1757764800,116019.8,116086.9,115700.0,115789.9,186.60091695,5707
1757779200,115790.0,115873.6,115251.1,115831.5,220.802809,5644
1757793600,115831.6,115989.3,115831.6,115949.1,72.05058132,3100
1757808000,115949.1,116086.7,115703.7,115750.1,37.79868321,3357
1757822400,115750.1,115967.7,115566.4,115809.8,66.79096176,2563
1757836800,115809.9,116149.9,115809.8,115836.5,77.50786876,3309
1757851200,115836.5,115862.5,115281.0,115281.1,155.00599116,4521
1757865600,115281.2,115646.4,115238.9,115625.5,78.72682187,5068
1757880000,115625.6,116135.1,115250.0,115390.6,112.18321698,5969
1757894400,115390.6,115548.9,114938.7,115486.0,163.42325423,4225
1757908800,115486.1,116700.0,115482.0,115840.3,224.98048113,6689
1757923200,115840.3,115840.3,114714.8,115075.0,191.10551756,7294
1757937600,115075.0,115075.0,114450.0,114917.2,228.69840285,6679
1757952000,114917.3,115500.0,114158.2,115283.3,432.30030478,6402
1757966400,115283.3,115558.6,115255.0,115374.9,109.23202006,4102
1757980800,115375.0,115462.1,115003.7,115399.8,59.55334286,4033
1757995200,115399.9,115975.0,115005.0,115807.4,104.36110349,5555
1758009600,115807.5,115975.0,115299.8,115349.6,64.15787406,10671
1758024000,115349.6,115885.6,114800.0,115885.6,297.49222282,9829
1758038400,115885.6,116885.8,115696.4,116813.1,362.85171789,8244
1758052800,116813.1,116961.3,116650.0,116764.2,153.30504461,5262
1758067200,116764.2,117080.0,116488.1,116488.2,108.10484455,4013
1758081600,116488.2,117291.9,116240.0,117234.4,84.49991665,4046
1758096000,117234.4,117234.4,116299.8,116300.1,165.43783841,3686
1758110400,116300.1,116488.6,115500.0,115898.9,239.54642279,6145
1758124800,115898.9,116321.1,114799.9,115675.1,752.48817553,11801
1758139200,115675.1,116959.4,115435.7,116469.0,313.64911352,11908
1758153600,116469.1,117900.0,116201.1,117600.5,477.33496305,6062
1758168000,117600.5,117734.0,116987.5,117169.0,121.32371762,4631
1758182400,117169.0,117387.1,117060.3,117100.1,169.68432053,8399
1758196800,117100.1,117800.0,117075.0,117687.6,285.99740906,7964
1758211200,117687.6,117920.0,117305.0,117501.1,304.20729578,9562
1758225600,117501.1,117713.3,116681.0,117135.7,169.4402051,5380
1758240000,117135.8,117441.2,116953.4,117021.6,63.0617104,3750
1758254400,117021.6,117078.0,116749.8,116997.7,140.57298639,3332
1758268800,116997.8,117057.0,116369.2,116428.2,130.08795983,4295
1758283200,116428.2,116500.0,115536.6,115939.1,158.0535776,8322
1758297600,115939.2,116150.4,115180.4,115187.3,176.49144778,7863
1758312000,115187.3,115698.9,115187.2,115677.2,62.92999935,4630
1758326400,115677.2,115747.7,115538.4,115549.9,18.23233813,3055
1758340800,115549.9,116000.0,115511.0,115999.9,11.71976657,2524
1758355200,116000.0,116011.1,115713.9,115936.2,57.42290865,7147
1758369600,115936.2,116176.8,115870.0,116034.2,45.4282153,5581
1758384000,116034.2,116108.8,115777.0,115777.6,43.33184051,3323
1758398400,115777.6,115998.7,115705.8,115739.1,22.7199983,2421
1758412800,115739.1,115748.9,115590.2,115712.6,37.02991892,2393
1758427200,115712.6,115853.0,115569.7,115849.9,36.02744877,3218
1758441600,115850.0,115874.6,115451.1,115662.9,43.40994681,2907
1758456000,115662.9,115783.8,115555.2,115600.0,71.72206691,3736
1758470400,115600.1,115679.6,115305.1,115518.2,77.76147699,3667
1758484800,115518.2,115569.4,115259.4,115298.9,73.63371772,3720
1758499200,115299.0,115410.0,114237.5,114683.1,405.78013338,8138
1758513600,114683.1,114695.6,111730.3,112600.0,499.36592942,10519
1758528000,112600.1,113003.1,112268.0,112957.1,267.97193028,5503
1758542400,112957.1,113470.0,112525.0,112925.0,268.03945818,8059
1758556800,112925.0,112939.4,112050.0,112183.1,241.67446778,7063
1758571200,112183.1,113000.0,112081.4,112747.8,163.9150727,4663
1758585600,112747.8,112875.2,111561.8,112389.1,227.73277561,6003
1758600000,112389.1,113115.9,112000.0,113091.1,171.88830545,3668
1758614400,113091.1,113318.9,112801.1,113040.2,142.1974728,3808
1758628800,113040.2,113309.5,112543.1,112899.7,118.98428088,5759
1758643200,112899.7,112995.0,111586.0,111678.7,376.90665381,7403
1758657600,111678.8,112219.3,111557.0,112001.5,184.3823029,4696
1758672000,112001.5,112500.0,111728.9,111787.5,212.25268841,4581
1758686400,111787.6,112785.1,111111.0,112577.6,142.00979433,4638
1758700800,112577.6,113196.9,112446.7,113036.2,188.28794355,3174
1758715200,113036.2,113939.6,112844.6,113381.8,396.26623117,5927
1758729600,113381.8,113954.3,113238.8,113501.2,180.12504865,5728
1758744000,113501.2,113610.1,113266.0,113300.0,68.08777976,3579
1758758400,113300.0,113500.0,112279.8,112575.0,165.34552272,4930
1758772800,112575.1,112590.5,111510.9,111812.1,226.66220163,5184
1758787200,111812.1,112183.9,111300.8,111318.1,123.69800076,3857
1758801600,111318.1,111703.7,110658.1,111600.0,486.60899781,9681
1758816000,111600.0,111639.4,108680.5,109365.4,840.08064132,14911
1758830400,109365.5,109723.6,108888.8,109049.8,264.03246542,6408
1758844800,109049.8,109836.1,108888.8,109624.9,240.10109432,6101
1758859200,109625.0,109654.2,109042.2,109370.1,93.29608848,5197
1758873600,109375.1,109766.6,108677.5,109198.5,295.08122949,5013
1758888000,109198.5,109817.6,108857.2,109113.1,453.62819479,8341
1758902400,109113.1,110354.8,109092.5,109230.9,317.33904327,8361
1758916800,109230.9,109712.4,109200.0,109706.3,58.50566172,4306
1758931200,109706.4,109760.5,109403.0,109586.6,21.98861804,3295
1758945600,109586.7,109760.4,109402.7,109405.0,22.04493154,2530
1758960000,109405.0,109500.0,109177.6,109344.1,25.91013954,2217
1758974400,109344.1,109496.7,109264.0,109400.0,24.52192699,3392
1758988800,109400.1,109469.0,109300.0,109468.9,73.83565783,3218
1759003200,109469.0,109730.2,109411.5,109720.5,42.04323305,2995
1759017600,109720.5,109809.9,109401.0,109472.9,18.33252298,2989
1759032000,109472.9,109500.1,109325.8,109500.1,25.69538195,2901
1759046400,109500.1,109581.3,109225.4,109390.4,81.70901943,2972
1759060800,109390.4,110011.1,109227.5,110011.1,50.25309065,3454
1759075200,110011.1,110397.2,110011.0,110353.2,180.71040262,4712
1759089600,110354.4,112367.8,110354.3,112127.8,254.45513385,6816
1759104000,112127.8,112279.8,111646.8,111862.5,100.11300718,4341
1759118400,111862.5,111875.1,111628.0,111863.6,119.61397657,3162
1759132800,111863.6,112384.9,111863.5,112093.4,171.75261091,3598
1759147200,112093.4,114258.9,111968.7,113844.0,333.82170553,9455
1759161600,113844.1,114398.9,113511.0,114358.3,191.80660779,6339
1759176000,114358.4,114413.4,114081.0,114365.2,79.67687426,5181
1759190400,114365.3,114798.0,114167.7,114430.6,151.02950604,4459
1759204800,114430.7,114430.7,113644.4,113780.0,158.12151119,3229
1759219200,113780.0,113780.0,112764.3,113105.2,271.89589253,4302
1759233600,113105.2,113703.1,112979.8,113137.3,165.55081958,6489
1759248000,113137.4,114500.0,112806.2,114430.0,275.14592081,6230
1759262400,114430.0,114745.0,113837.4,113995.0,116.21219587,5040
1759276800,113995.0,114560.5,113971.1,114225.1,111.54420972,4189
1759291200,114225.1,114674.6,114164.7,114584.5,77.00055254,4372
1759305600,114584.5,116774.1,114584.3,116774.1,348.84370702,8529
1759320000,116774.1,117636.0,116408.1,117473.0,355.54778985,8013
1759334400,117473.1,118200.0,116808.3,117473.4,430.02895408,9732
1759348800,117473.4,118708.6,117214.8,118599.9,210.25219415,7254
1759363200,118600.0,119453.7,118430.2,118776.8,505.40928209,9633
1759377600,118776.8,118950.3,118344.4,118552.6,178.17738132,4117
1759392000,118552.6,118940.6,118440.4,118800.1,108.45400546,4028
1759406400,118800.1,119950.0,118650.0,119950.0,415.6811463,9398
1759420800,119950.0,121008.9,119478.5,120900.0,551.06137634,10653
1759435200,120900.0,120974.2,120168.6,120649.9,220.99022809,5634
1759449600,120650.0,120650.0,119937.3,120322.6,167.50437453,4955
1759464000,120322.6,120391.6,119740.2,119746.2,95.53868338,4473
1759478400,119746.3,120558.5,119350.0,120448.6,244.13435418,4666
1759492800,120448.6,122400.0,119999.9,122362.9,459.70956153,11038
1759507200,122362.9,123930.9,121574.2,122756.3,885.50104881,17531
1759521600,122756.3,122800.0,122087.2,122259.5,155.44019235,6071
1759536000,122259.5,122336.4,121782.7,122318.9,87.44171888,4225
1759550400,122320.0,122843.7,122319.9,122336.6,122.89238967,3613
1759564800,122336.6,122599.8,122037.6,122055.1,78.98271824,3108
1759579200,122055.1,122522.5,121793.2,121805.0,101.11756234,4689
1759593600,121805.1,121989.1,121620.0,121944.3,115.68772977,5839
1759608000,121944.3,122426.4,121944.3,122426.4,135.16069284,4089
1759622400,122426.4,124321.0,122250.0,123812.6,368.67050448,7303
1759636800,123812.6,125670.0,123812.5,124744.3,473.05948781,10760
1759651200,124744.4,124846.7,122601.1,123501.2,391.0905997,7081
1759665600,123501.2,123501.2,122777.6,122827.0,97.70561245,4721
1759680000,122827.0,123448.7,122320.8,122586.3,147.35248265,7006
1759694400,122586.3,123554.9,122556.9,123542.1,67.30933139,4969
1759708800,123542.1,124308.6,123144.1,123921.1,175.26402692,7191
1759723200,123921.2,124155.4,123397.9,123420.1,191.25042256,4697
1759737600,123420.1,124537.8,123420.0,124285.5,145.2707171,4503
1759752000,124285.5,125398.1,124285.4,125100.0,550.06014267,11116
1759766400,125100.1,126198.1,124851.7,125450.0,885.9429609,14650
1759780800,125450.0,125540.6,124650.0,124766.5,393.53083588,8101
1759795200,124765.9,125106.1,124220.0,124386.1,281.80748588,7464
1759809600,124386.0,124688.1,123700.0,123756.1,171.90098096,6876
1759824000,123756.1,124573.1,123488.0,124573.1,229.22036814,5772
1759838400,124573.1,125207.2,121298.6,121910.0,758.93918969,17537
1759852800,121910.0,122116.4,120694.6,121704.3,442.54146321,14014
1759867200,121704.3,122292.4,121392.0,121419.8,186.04538543,7715
1759881600,121419.8,122262.0,121333.0,121407.0,182.73443724,6948
1759896000,121407.0,121915.3,121104.2,121557.0,102.95275598,5955
1759910400,121557.0,123200.0,121557.0,122896.6,176.81151846,5878
1759924800,122896.6,123321.6,121704.8,122200.5,175.42028005,8137
1759939200,122200.6,124150.0,122157.0,123492.1,298.31629808,9255
1759953600,123492.1,123702.0,122871.5,123329.7,84.18074313,5209
1759968000,123329.8,123342.0,121576.7,122060.1,120.96967888,6348
1759982400,122060.1,122250.9,121850.0,121947.1,96.61228726,4700
1759996800,121947.1,122877.8,121160.1,122810.4,360.11089259,7024
1760011200,122810.4,123750.9,120751.1,121202.3,702.38534869,14690
1760025600,121202.4,121484.6,119750.0,120993.5,519.85744679,12550
1760040000,120993.6,121748.9,120928.4,121699.0,124.96072425,5857
1760054400,121699.0,121897.0,121000.0,121161.9,82.32146474,5865
1760068800,121162.0,121725.0,120935.3,120935.3,126.68245071,5482
1760083200,120935.4,121735.0,120934.2,121589.9,94.92980744,4786
1760097600,121589.9,122498.0,118568.6,119050.0,896.06506875,16396
1760112000,119045.1,119488.2,116001.0,116632.6,1276.07666428,21165
1760126400,116632.7,117700.0,100000.0,113000.1,3320.08772877,93545
1760140800,113000.0,113423.0,111202.5,112475.4,480.7532132,22715
1760155200,112475.5,113048.8,110275.4,110420.1,439.52781266,11739
1760169600,110420.1,112447.2,110310.0,112293.1,586.68379724,8571
1760184000,112293.1,112579.2,111997.9,111998.0,134.75552943,7636
1760198400,111998.0,112230.0,111000.0,111280.0,220.47082882,8520
1760212800,111280.0,111459.7,109760.0,110775.1,324.02192049,11096
1760227200,110775.2,111391.8,109694.9,110795.9,204.05509277,9171
1760241600,110796.0,112212.9,110795.8,111626.5,105.28659324,4830
1760256000,111626.6,112103.2,111245.6,111857.9,147.55907205,4204
1760270400,111857.9,113772.8,111250.0,113270.1,379.44570296,11246
1760284800,113270.1,114707.8,113260.0,114423.6,581.49160814,13705
1760299200,114423.6,115780.0,114386.0,115125.3,450.19640009,13922
1760313600,115125.3,115977.7,114739.1,114930.1,314.06827007,8895
1760328000,114930.1,115586.4,114555.1,115433.1,131.57541811,6620
1760342400,115440.1,115465.8,113705.8,114313.1,212.20382538,7588
1760356800,114313.1,115561.5,113988.2,114463.9,423.61246089,12248
1760371200,114463.9,115975.4,114372.4,115891.1,337.86721973,8268
1760385600,115891.1,115943.5,115140.0,115165.5,160.19647537,5216
1760400000,115176.9,115457.2,113368.5,113580.7,258.42967339,6589
1760414400,113580.7,113688.1,111447.4,111788.9,583.95036136,10558
1760428800,111789.0,112201.0,110200.0,111400.1,358.46252522,10188
1760443200,111400.1,112910.1,110000.0,112910.1,817.61360436,13642
1760457600,112910.1,113592.3,111807.7,112727.3,543.95505275,12197
1760472000,112727.4,113600.0,112315.6,113106.2,219.51654111,6144
1760486400,113106.3,113600.0,111880.0,112089.6,119.43967302,7350
1760500800,112089.6,112653.0,111834.5,112640.0,87.08662973,5248
1760515200,112640.0,113538.2,111802.6,111979.3,168.7603209,6530
1760529600,111979.3,112297.9,110397.9,110830.1,518.404522,12575
1760544000,110830.1,111579.8,110252.0,111311.1,356.60085617,9798
1760558400,111311.2,111579.8,110582.4,110781.9,311.68970061,7716
1760572800,110781.9,111824.8,110422.5,111377.8,412.12743965,6293
1760587200,111377.8,111706.1,110586.1,110601.2,158.10697777,5685
1760601600,110601.3,111706.0,109620.8,111445.3,323.68560643,8334
1760616000,111445.4,111950.0,108464.4,108601.0,792.66933308,14521
1760630400,108601.1,109250.0,107497.4,108231.0,998.15427118,20677
1760644800,108231.0,108443.6,107483.0,108182.3,296.68398418,9191
1760659200,108182.3,109245.0,107950.1,109179.9,236.86029915,7415
1760673600,109180.0,109200.0,105555.0,105555.0,769.81546106,15712
1760688000,105555.1,106541.7,103583.2,105693.3,1035.59074831,21687
1760702400,105693.3,106862.8,104577.0,106858.9,763.2057794,19070
1760716800,106858.9,107493.8,106145.1,106480.1,423.69042765,11429
1760731200,106495.2,107479.0,106400.0,106451.0,271.49083612,9249
1760745600,106451.0,107339.9,106365.2,107139.9,163.21677815,5277
1760760000,107139.9,107492.6,106521.4,106734.3,94.19309507,5049
1760774400,106734.3,107273.4,106679.2,107252.1,78.41348321,4039
1760788800,107252.2,107325.1,106840.2,106980.0,65.70132712,4922
1760803200,106980.0,107083.0,106544.7,107083.0,56.01471662,4500
1760817600,107083.0,107369.5,106928.7,107199.0,209.67431679999999,4842
1760832000,107199.0,107332.7,106786.7,107316.6,60.40892719,3690
1760846400,107316.7,107316.7,106630.1,106812.2,66.96342888,3132
1760860800,106812.1,108204.3,106125.2,107820.1,391.62493973,8959
1760875200,107821.9,108612.3,107453.3,108534.3,196.18611198,15096
1760889600,108534.4,109444.0,108351.0,108969.9,268.84666047,17712
1760904000,108970.0,109353.8,108548.0,108669.8,110.21790407,14264
1760918400,108669.8,110499.0,107466.8,110193.8,234.78596849,11034
1760932800,110193.8,111399.9,110003.6,111177.8,311.88419188,6917
1760947200,111177.9,111640.0,110680.2,111035.2,200.75672912,5455
1760961600,111035.2,111700.1,110626.5,111176.9,952.40932066,9330
1760976000,111176.9,111310.2,109928.5,110887.8,510.94300418,10923
1760990400,110887.8,111289.5,110452.6,110574.4,234.15687709,6238
1761004800,110574.4,110574.4,109100.0,109108.2,266.1575465,6962
1761019200,109108.3,109108.3,107500.0,108110.1,289.06734085,41036
1761033600,108110.1,108810.1,107531.3,108615.2,108.07514631,5038
1761048000,108615.2,113569.2,107906.0,113414.8,971.48197671,15454
1761062400,113415.5,114000.0,111450.0,111871.1,496.62147592,11437
1761076800,111871.2,111871.2,108165.5,108406.1,442.99135254,11475
1761091200,108406.1,108682.4,107925.6,108207.0,257.9185762,7368
1761105600,108207.0,108676.5,107726.6,108310.0,198.15125091,5758
1761120000,108310.0,108386.3,106885.1,107601.3,231.19596587,8174
1761134400,107601.3,109156.4,107455.8,108430.0,776.19256286,13908
1761148800,108430.1,108738.1,107520.1,107814.0,472.80431295,9794
1761163200,107814.0,108020.0,106717.0,107644.1,352.78038093,9930
1761177600,107644.1,108732.7,107556.3,108389.8,161.83259531000002,5238
1761192000,108389.9,110300.0,108389.8,109330.1,289.67190544,5824
1761206400,109330.1,109907.8,109161.5,109269.0,228.45511819,4580
1761220800,109269.0,110156.4,108710.3,109935.7,330.26033036,8732
1761235200,109935.8,111296.0,109747.4,110266.3,431.98506755,9263
1761249600,110266.4,110266.4,109364.9,110080.0,125.49904278,5773
1761264000,110080.0,110800.0,110032.5,110439.9,73.39473762,5314
1761278400,110440.0,111482.0,110408.0,111075.9,145.1129873,5313
1761292800,111076.0,111485.0,110626.5,111050.2,128.73399613,5567
1761307200,111050.2,112400.0,109757.8,110060.1,967.61438731,12679
1761321600,110060.1,110947.0,109896.0,110641.9,179.94941915,6855
1761336000,110642.0,111100.0,110528.9,111000.0,176.59969255,5531
1761350400,111000.0,111225.0,110700.0,111095.0,56.86554955,3974
1761364800,111095.1,111790.8,111094.0,111497.3,137.86909082,4312
1761379200,111497.3,111794.2,111422.5,111600.0,77.8540009,3387
1761393600,111600.0,111925.9,111366.1,111366.2,172.03711524,5016
1761408000,111366.2,111720.1,111218.4,111619.6,87.4056463,4604
1761422400,111619.6,111699.3,111360.8,111645.2,60.577824629999995,4245
1761436800,111645.2,111915.0,111278.6,111278.6,246.54625212,4493
1761451200,111278.7,111720.0,111274.3,111720.0,12.6334764,2395
1761465600,111720.0,113387.9,111719.9,113276.5,201.08450597,5713
1761480000,113276.5,113980.0,113276.5,113699.0,269.84482703,5995
1761494400,113699.1,113740.4,113308.3,113599.9,98.37079099,4603
1761508800,113599.9,115400.0,112928.8,114509.9,294.71828485,8728
1761523200,114510.0,115400.0,114420.0,114960.5,189.71477965,5675
1761537600,114960.5,116309.8,114960.4,115562.8,253.49150332,5055
1761552000,115562.9,115562.9,114846.5,115370.1,200.31445338,4320
1761566400,115370.1,115370.1,114541.1,114940.0,219.49413055,6778
1761580800,114940.1,115786.1,114791.9,114883.2,195.42060049,6668
1761595200,114883.3,114883.3,113801.4,114153.0,181.58718335,6250
1761609600,114153.1,114497.5,113593.2,113923.5,87.82029355,4902
1761624000,113923.6,114273.4,113565.4,114273.4,59.91499133,3416
1761638400,114273.4,114619.6,114135.0,114333.0,105.50837703,3317
1761652800,114333.0,116023.4,114160.0,114725.1,424.47211467,8141
1761667200,114725.1,115586.2,113597.0,113683.5,356.72136187,7934
1761681600,113683.6,113683.6,112278.2,112918.0,394.93434832,9871
1761696000,112918.0,112918.0,112118.5,112550.0,152.2034108,5050
1761710400,112550.0,113511.0,112549.9,113511.0,130.5263522,3637
1761724800,113511.0,113601.0,112765.5,113187.5,76.92970316,3574
1761739200,113187.5,113601.0,111450.0,111591.1,502.65179934,8941
1761753600,111591.1,112044.4,109251.0,110675.6,994.56465273,16756
1761768000,110675.6,111815.3,109818.3,110104.2,433.27247823,7574
1761782400,110104.2,110982.7,109750.0,110744.5,227.83340697,5802
1761796800,110761.0,111561.5,108000.0,111349.9,639.33706215,12870
1761811200,111350.0,111374.7,109774.2,109789.9,182.86437754,5734
1761825600,109789.9,109789.9,107342.4,107703.5,763.59135022,15600
1761840000,107703.5,108210.0,106280.5,106477.7,529.80647188,13942
1761854400,106477.7,108302.7,106312.5,108302.7,402.92749671,9084
1761868800,108302.7,109995.8,108302.6,109192.5,250.46416171,8759
1761883200,109192.6,110129.9,109161.8,109426.8,217.91668541,6150
1761897600,109426.9,110423.0,109151.9,110379.7,190.19217668,5408
1761912000,110379.7,111000.0,109338.1,110127.6,378.39698709,9603
1761926400,110130.2,110159.2,108564.3,109763.5,269.78434045,9117
1761940800,109763.5,109763.5,109265.9,109552.7,91.10238947,5027
1761955200,109552.7,110200.0,109370.0,110162.5,71.83029993,3758
1761969600,110164.9,110421.0,109901.9,110006.5,56.85463626,3110
1761984000,110006.6,110159.0,109805.6,110000.0,206.00088051,3299
1761998400,110000.0,110000.0,109668.4,109839.0,78.23824994,3256
1762027200,109839.0,110116.0,109755.7,110018.0,80.11550273,3350
1762041600,110018.0,110130.2,109785.5,109994.2,174.39863189,3620
1762056000,109997.4,110925.0,109981.3,110886.8,343.51326279,3986
1762070400,110886.8,111000.0,110310.4,110979.9,425.97458408,5164
1762084800,110979.9,111058.9,110100.0,110100.0,485.80723502,5932
1762099200,110100.1,110317.1,109638.3,110148.6,83.21511344,4546
1762113600,110148.7,110661.7,109428.7,110589.6,93.43606841,4309
1762128000,110589.6,110699.6,107989.1,107991.4,154.06701592,8270
1762142400,107991.4,107991.4,107044.0,107500.0,1175.79270368,11358
1762156800,107500.0,107854.4,106735.8,107760.1,620.06678807,7020
1762171200,107760.1,108292.6,105500.0,105713.4,388.60372275,13831
1762185600,105713.4,107784.0,105200.2,107020.0,393.95407352,13167
1762200000,107020.0,107100.2,105811.0,106538.3,309.01002139,10187
1762214400,106538.3,107252.2,105860.0,107134.8,159.62667138,7634
1762228800,107134.9,107258.7,104210.4,104428.3,359.24400179,13785
1762243200,104428.3,104600.0,103576.5,104540.0,328.14760422,10575
1762257600,104540.0,104752.7,102681.2,103160.1,695.46886041,18563
1762272000,103160.1,103400.0,99942.6,100395.0,1400.96558405,32930
1762286400,100395.1,101858.6,98900.0,101537.3,1099.22600151,24022
1762300800,101537.2,102244.2,98943.9,102118.5,536.90106345,13757
1762315200,102118.5,102259.9,101550.0,102039.9,247.82349222,6874
1762329600,102040.0,102175.8,101194.7,102000.0,224.31291213,5729
1762344000,102000.0,103736.8,101882.0,103712.9,537.44245225,11316
1762358400,103712.9,104498.0,103108.9,104090.0,502.02932896,10261
1762372800,104090.1,104499.9,103236.1,103900.0,296.58150161,9160
1762387200,103900.0,103911.3,102740.1,103615.0,139.29121864,6923
1762401600,103615.0,104115.9,102927.3,103236.3,198.17610086,5721
1762416000,103236.2,103418.2,102650.0,103172.8,105.95834067,4583
1762430400,103172.8,103526.8,101586.0,101950.7,394.30596561,11472
1762444800,101950.7,102320.0,100266.0,101355.0,578.88938487,14541
1762459200,101355.1,101564.1,100550.0,101290.1,204.04969378,8735
1762473600,101290.1,102258.7,100667.3,101864.9,149.35534476,8509
1762488000,101865.0,102438.4,101525.1,101973.6,165.26295798,6039
1762502400,101966.6,101966.6,99729.8,100369.4,229.74606349,9501
1762516800,100369.4,101200.0,99222.0,100780.0,1652.90941355,32982
1762531200,100770.1,103274.2,99480.4,103274.2,1696.8785623,16602
1762545600,103274.2,103995.0,102924.7,103279.9,630.00796869,10409
1762560000,103279.9,103320.0,102506.1,102600.0,115.10765577,5852
1762574400,102590.1,102757.1,101940.1,102299.9,125.21044123,4323
1762588800,102300.0,102619.4,101750.0,101800.1,167.34019011,3763
1762603200,101800.1,102128.0,101489.9,101665.5,85.09244616,5476
1762617600,101665.5,102185.1,101520.0,101950.0,145.50153417,5754
1762632000,101950.1,102449.9,101950.0,102282.1,51.28041886,3612
1762646400,102282.1,102299.3,101430.0,101624.3,72.13981974,4566
1762660800,101624.4,102050.3,101612.5,101887.3,92.87155856,3204
1762675200,101887.3,102287.0,101527.4,102210.1,53.34915859,3194
1762689600,102210.1,104127.0,102090.0,103766.7,345.51348082,7289
1762704000,103766.7,104791.0,103285.8,104791.0,343.67051213999997,8538
1762718400,104791.0,105431.9,104089.4,104729.8,243.36474073,7760
1762732800,104729.9,106593.5,104300.0,106015.7,352.79862718,9422
1762747200,106015.7,106492.0,105850.0,106416.5,209.90192925,5176
1762761600,106416.5,106582.1,105880.0,106200.0,145.22243757,4452
1762776000,106200.0,106500.0,104657.6,105017.9,402.75546382,9306
1762790400,105017.9,106041.1,104767.9,105768.1,164.92209376,7643
1762804800,105768.1,106246.4,105273.2,105973.3,144.68372085,7169
1762819200,105973.3,107400.0,105511.9,106470.1,245.82754713,8318
1762833600,106470.1,106490.1,104731.4,104731.5,114.04580224,4965
1762848000,104731.5,105440.1,104731.4,105230.0,66.8791092,3575
1762862400,105230.0,105461.2,103201.5,103480.1,513.074118,8943
1762876800,103480.1,103670.0,102851.0,103105.1,190.74727801,7040
1762891200,103105.1,103188.8,102469.8,103011.5,133.3161449,6678
1762905600,103011.5,103344.2,102706.0,103254.8,51.87399082,4584
1762920000,103254.8,103575.0,103050.0,103117.5,59.59211768,2825
1762934400,103119.4,105183.2,103119.3,104994.2,391.79247926,5803
1762948800,104994.2,105274.0,101937.4,102170.9,477.13783648,10636
1762963200,102170.9,102255.3,100796.0,101279.9,302.95828883,12288
1762977600,101280.0,101982.8,101150.0,101666.6,242.86434798,6756
1762992000,101666.7,102529.0,100969.9,102162.8,192.73289297,7904
1763006400,102162.9,103999.0,101720.2,103457.8,153.95824108,6383
1763020800,103457.8,103700.0,102550.4,102923.7,165.036272,4157
1763035200,102923.8,103360.2,101217.0,101390.1,310.79130379,10398
1763049600,101390.1,101490.5,98130.1,98640.1,1097.67418332,27356
1763064000,98640.1,100363.1,98000.0,99680.1,495.95576444,15419
1763078400,99680.1,99806.9,98690.4,99091.5,245.45638824,10843
1763092800,99091.5,99131.7,96000.0,97097.4,777.31237472,18419
1763107200,97097.5,97437.4,95716.8,96153.9,644.37545319,10009
1763121600,96153.9,97207.3,94506.6,96695.8,1154.31770171,25461
1763136000,96695.8,97316.5,94755.0,95714.4,573.21672495,15420
1763150400,95714.4,95842.8,94000.0,94517.3,360.08574949,13533
1763164800,94500.1,96700.0,94478.5,96309.9,268.4142679,8684
1763179200,96310.0,96500.0,95901.0,96250.0,371.24968736,4999
1763193600,96250.0,96250.0,95568.6,95575.5,323.24745381,4467
1763208000,95575.5,96402.5,95519.3,96216.1,129.12487306,5436
1763222400,96216.1,96269.3,95677.3,95939.8,190.66555716,5547
1763236800,95939.8,95939.8,95075.4,95537.9,87.78009593,5387
1763251200,95538.0,95900.3,94800.0,95766.5,85.52802049,6207
1763265600,95766.5,96052.9,95582.9,96000.0,37.73034597,3243
1763280000,96000.0,96498.8,95447.2,95550.0,160.69378824,4020
1763294400,95550.0,95820.0,94300.8,94430.1,291.92976434999997,7167
1763308800,94430.1,95494.0,93654.3,93962.4,440.09033103,12728
1763323200,93962.3,94640.1,92890.6,94190.1,353.0561158,12339
1763337600,94190.1,95476.7,93730.1,95399.9,286.73863971,7471
1763352000,95400.0,95770.8,94836.3,95620.1,184.47370145,4176
1763366400,95620.1,95888.0,95258.3,95479.9,210.56000602,3865
1763380800,95479.9,95865.8,93500.0,93826.3,537.72316615,11736
1763395200,93826.4,94330.9,91463.4,91549.8,930.32975121,20440
1763409600,91549.8,92281.4,91150.0,92101.3,965.88384566,13632
1763424000,92101.3,92220.0,89669.0,90743.9,731.72959791,16614
1763438400,90743.9,90743.9,89251.9,90380.0,455.18643886,10780
1763452800,90380.0,91602.2,90379.9,91410.1,461.49732908,5706
1763467200,91410.1,92900.0,90837.5,92873.7,640.46817451,12407
1763481600,92873.7,93747.3,92530.1,93139.8,496.72522652,11880
1763496000,93139.9,93345.8,92424.1,92966.1,204.79144039,7530
1763510400,92966.1,92966.1,91858.3,92450.0,127.95577918,6226
1763524800,92440.0,92440.1,89781.9,91852.2,682.02857633,8991
1763539200,91852.2,91858.0,91040.0,91366.0,277.14811997,4985
1763553600,91366.0,92362.6,89795.3,89881.5,489.09407808,11643
1763568000,89881.5,90152.6,88570.0,88777.9,1430.20149659,18624
1763582400,88777.9,91471.6,88547.0,91427.7,777.59476491,10889
1763596800,91427.7,92655.9,91116.0,92396.4,407.15480375,8419
1763611200,92396.4,93003.7,91614.9,92255.1,154.49048625,5053
1763625600,92255.1,92322.2,91406.1,91873.0,187.50877362,4093
1763640000,91873.0,92390.0,89755.1,89755.2,584.64127274,10749
1763654400,89755.2,89765.0,86000.0,86801.0,2786.2059717399998,29914
1763668800,86801.0,88121.3,86228.1,86503.0,1032.09742848,12062
1763683200,86503.0,87331.7,85276.7,85777.0,591.51391549,12091
1763697600,85777.1,86238.4,81624.0,83929.4,1212.05919012,17309
1763712000,83925.1,84568.3,81601.1,82214.4,1424.53356843,18102
1763726400,82214.4,85346.0,80595.2,82836.6,1714.66175703,23188
1763740800,82836.6,85500.0,82226.4,84165.1,1242.71170163,16157
1763755200,84134.8,85300.0,83460.0,85069.4,423.36960794,10372
1763769600,85069.4,85555.0,84154.9,84404.4,347.98151002,7347
1763784000,84404.4,84675.0,83783.2,84525.4,375.05356585,5258
1763798400,84525.4,84525.4,83432.8,84046.8,432.55247578,5320
1763812800,84046.8,84666.4,83568.0,84242.5,198.46732285,5595
1763827200,84242.5,84826.9,84200.0,84555.8,150.07454068,5505
1763841600,84564.4,85189.3,84233.9,84679.9,95.7989894,5861
1763856000,84679.9,86248.8,84679.8,86248.8,425.84738604,7304
1763870400,86248.8,86763.6,85420.0,85735.5,167.11257303,5219
1763884800,85735.5,87478.0,85735.4,86241.3,263.91658693,4814
1763899200,86241.3,87151.7,86241.3,87049.2,275.42310444000003,7433
1763913600,87049.3,87594.2,86513.3,87300.0,202.00034542,7024
1763928000,87300.1,88061.8,86505.9,86777.4,742.04614718,8664
1763942400,86777.5,88000.0,85911.7,87433.6,533.12925796,7865
1763956800,87433.6,87750.0,86445.6,86997.2,165.87248096,5238
1763971200,86997.2,87000.1,85666.5,86217.2,196.88616642,5359
1763985600,86217.2,86650.0,85250.0,86562.6,325.37268725,8241
1764000000,86567.3,88800.0,86567.2,88310.2,762.85696688,14389
1764014400,88310.2,89200.0,88250.0,88275.0,281.83057406,9706
1764028800,88275.0,88275.0,87441.5,87735.1,172.49067116,7995
1764043200,87735.1,88432.1,87396.5,87396.6,241.08066958,5362
1764057600,87396.6,87580.0,86664.6,87336.0,335.6873358,4857
1764072000,87336.0,87723.8,86100.0,86934.8,322.26626747,9753
1764086400,86934.8,88080.3,86156.8,86861.5,416.11506222,10731
1764100800,86861.5,87800.0,86611.7,87326.3,158.78577123,7626
1764115200,87326.4,88194.1,87046.1,87089.2,162.49875845,7398
1764129600,87089.3,87900.0,86882.4,87900.0,125.78329324,5310
1764144000,87900.0,87900.0,86663.7,87069.7,76.0973615,4086
1764158400,87069.7,87604.7,86299.5,86895.4,313.56382964,10029
1764172800,86895.4,90400.0,86895.3,89988.2,950.1065874,17221
1764187200,89988.2,90600.0,89500.0,90535.7,387.4487351,9611
1764201600,90535.7,91874.0,90088.8,91133.2,526.95744302,9730
1764216000,91133.2,91542.6,90881.1,91407.1,178.01283351,5442
1764230400,91407.1,91878.9,91221.6,91413.6,363.79042183,5837
1764244800,91413.6,91413.6,90436.8,90954.4,197.19041395,8120
1764259200,90954.4,91798.0,90883.6,91518.8,197.53469669,8114
1764273600,91518.9,91568.0,91154.2,91281.4,88.20469801,5711
1764288000,91281.4,91402.5,90666.0,91205.0,110.77231975,6245
1764302400,91205.0,91679.0,90854.2,90915.5,125.07361473,4746
1764316800,90915.5,91950.0,90915.4,91461.4,164.85331303,5302
1764331200,91461.4,93050.0,91419.2,92357.1,539.83041377,11395
1764345600,92357.1,92365.0,90250.0,91166.3,592.50489808,12665
1764360000,91166.3,91246.5,90750.0,90912.7,83.66324887,5857
1764374400,90912.7,91105.7,90609.9,90689.9,83.61157757,4413
1764388800,90689.9,90933.8,90380.0,90583.8,55.44616805,3750
1764403200,90583.9,90717.5,90462.0,90674.0,43.98871814,2508
1764417600,90674.0,91093.8,90612.0,91090.5,61.07723553,3856
1764432000,91090.5,91179.5,90247.4,90665.9,87.23456894,5638
1764446400,90666.0,91060.0,90490.3,90833.6,46.62316161,4190
1764460800,90833.6,91054.4,90511.1,90902.6,52.46331234,3696
1764475200,90902.6,90999.3,90720.8,90957.6,20.70803899,2346
1764489600,90957.6,91596.8,90941.1,91059.4,151.00321359,3896
1764504000,91059.5,91928.1,91043.2,91424.0,100.61686305,4549
1764518400,91424.0,91854.6,91172.0,91434.7,83.14757985,5341
1764532800,91434.7,91630.6,90351.0,90373.9,138.54501391,6395
1764547200,90373.9,90378.7,86210.1,86375.5,1123.06071484,20043
1764561600,86375.5,86549.4,85660.0,86529.6,306.31478395,7984
1764576000,86529.6,86894.0,86122.1,86124.2,165.51376122,4637
1764590400,86124.3,86632.5,83870.8,84659.6,1154.04567686,17519
1764604800,84659.7,85484.0,84062.2,85006.2,659.09916699,13465
1764619200,85009.7,86868.8,85009.7,86300.0,353.107445,9401
1764633600,86300.0,87319.6,86203.8,86961.9,159.23843259,7543
1764648000,86961.9,87227.1,86868.2,87022.0,107.67560154,4322
1764662400,87022.0,87562.6,86401.1,87380.1,160.53113688,4478
1764676800,87380.1,91171.4,87099.5,90908.8,984.20259283,15714
1764691200,90908.8,92308.4,90276.7,91913.1,619.07668861,13817
1764705600,91913.2,91999.0,90775.0,91313.5,357.79653761,9696
1764720000,91313.5,93055.0,91033.4,92700.0,253.52728498,10784
1764734400,92693.5,93976.6,92690.7,93009.1,270.05478946,9507
1764748800,93009.1,93396.9,92741.2,93018.0,204.59428988,6065
1764763200,93018.0,93704.9,91768.8,92359.8,565.0396296,15027
1764777600,92359.8,93507.7,91850.0,93020.0,419.19492905,12286
1764792000,93020.0,94051.6,92868.4,93457.9,450.96837631,9977
1764806400,93458.0,94000.0,92731.8,93549.9,158.62128748,7843
1764820800,93549.9,93583.2,92822.0,93390.5,249.12831967,4654
1764835200,93390.6,93570.1,92780.9,92916.8,129.13256352,4442
1764849600,92916.8,93200.0,91869.9,93058.3,312.37507884,10521
1764864000,93058.3,93151.3,90924.8,92005.0,474.95578463,13085
1764878400,92005.1,92693.7,91729.1,92142.6,155.42878939,7631
1764892800,92142.6,92679.3,91946.8,92139.8,119.24848741,5136
1764907200,92139.9,92500.0,91825.2,92244.0,64.64876129,4086
1764921600,92244.0,92244.0,91000.7,91343.7,174.53201101,4649
1764936000,91343.7,91490.0,89909.2,90434.8,610.35355539,11529
1764950400,90434.8,90450.3,88095.2,89731.1,547.09854479,14157
1764964800,89731.1,89737.5,88914.8,89332.4,113.66380788000001,6057
1764979200,89332.4,89750.0,89107.2,89700.1,147.03437626,4257
1764993600,89700.0,89713.5,89479.0,89592.9,118.26192251,2937
1765008000,89592.9,89700.0,89253.8,89635.4,55.00809611,2926
1765022400,89635.4,90274.4,89532.0,89775.1,90.65904942,4723
1765036800,89775.1,89985.1,89309.8,89430.5,72.50654308,5228
1765051200,89430.5,89571.8,88999.9,89240.1,52.69130902,4679
1765065600,89240.1,89732.5,89232.9,89722.0,38.18555489,3832
1765080000,89722.1,89739.9,89251.4,89374.7,27.2292174,2678
1765094400,89374.7,89480.8,89113.8,89215.1,37.07750555,2449
1765108800,89215.1,89717.8,87777.0,89539.8,282.93158305000003,7714
1765123200,89539.9,91713.7,89171.6,91359.8,284.70620613,8445
1765137600,91359.9,91480.0,89020.5,90435.1,223.93384789,8157
1765152000,90435.1,91700.0,89894.2,91088.3,191.19484358,6622
1765166400,91088.3,91861.0,91025.7,91569.3,145.72046308,5085
1765180800,91569.3,92269.6,91507.9,91954.0,197.71191789,4229
1765195200,91954.0,92096.3,89615.8,89972.6,470.35889007000003,10520
1765209600,89971.8,90516.1,89705.1,90101.4,333.76099618,9178
1765224000,90101.4,91393.1,90101.4,90650.1,387.66581832,7355
1765238400,90650.1,90834.7,89818.7,90424.2,322.9044412,6160
1765252800,90424.3,90520.4,89545.1,90476.2,196.93278303,5153
1765267200,90476.3,90599.4,89900.1,90381.5,129.41453339,3988
1765281600,90381.5,92850.0,90025.8,92680.7,380.95030821,10405
1765296000,92695.2,94583.7,92695.1,93809.2,760.86310789,14710
1765310400,93809.3,93810.4,92266.7,92702.2,319.87570291,9449
1765324800,92702.2,92779.9,92000.0,92429.6,207.33012491,6137
1765339200,92429.6,92779.9,92413.2,92779.9,90.18824206,3993
1765353600,92779.9,93233.3,91805.9,92134.4,258.24959723,6513
1765368000,92134.4,92216.2,91599.0,92069.9,319.52820042,9513
1765382400,92069.9,93233.3,91673.5,92963.9,557.53554996,14028
1765396800,92964.7,94489.0,91902.8,92019.8,665.1852321,12725
1765411200,92019.8,92096.5,89423.0,89887.3,534.01697017,13249
1765425600,89887.3,90467.7,89737.6,90249.9,122.92552271,5680
1765440000,90249.9,90495.1,90009.9,90274.7,107.44547892,4624
1765454400,90274.7,90662.1,89281.4,89912.7,443.53062538,12118
1765468800,89912.6,91551.0,89372.3,90834.3,502.13080703,14433
1765483200,90836.1,93561.8,90801.9,92541.0,593.40922354,14508
1765497600,92541.0,92751.0,91496.5,92317.3,212.09886405,7966
1765512000,92317.3,92709.5,92106.8,92445.2,88.53918953,4907
1765526400,92442.4,92619.9,92115.4,92401.1,96.21455773,3908
1765540800,92401.1,92653.8,89763.4,89926.8,586.18999309,13669
1765555200,89922.7,90670.1,89500.0,90210.1,468.40953914,17566
1765569600,90210.1,90412.0,89915.7,90277.2,186.67310632,7465
1765584000,90277.2,90459.5,90124.5,90340.9,55.314671680000004,4314
1765598400,90341.0,90411.4,90273.3,90341.7,32.24280451,2844
1765612800,90341.7,90629.9,90339.5,90359.2,81.19383864,3779
1765627200,90359.2,90489.9,89955.3,90109.9,60.47253975,4998
1765641600,90109.9,90283.9,89994.2,90193.3,55.06879383,4551
1765656000,90193.4,90282.0,89797.1,90254.1,113.03795716,4849
1765670400,90254.2,90467.7,90151.2,90266.5,160.37915297,3960
1765684800,90266.5,90310.0,90023.0,90255.6,60.39677356,3083
1765699200,90255.7,90274.0,88667.1,89398.4,320.11313372,7092
1765713600,89398.5,89654.9,88861.1,89020.1,250.90644412,7545
1765728000,89020.1,89399.4,88514.4,88658.2,162.65511627,9765
1765742400,88658.3,88813.0,87582.5,88163.0,296.72961862,11446
1765756800,88163.0,90038.8,88059.3,89275.0,431.20085254,13109
1765771200,89275.0,89908.2,89275.0,89746.7,117.89738054,5275
1765785600,89746.7,89963.1,89588.8,89642.0,239.2882655,5043
1765800000,89642.0,89846.4,86604.5,87031.3,687.24928444,20461
1765814400,87031.3,87212.3,85151.5,86135.1,752.12910728,24213
1765828800,86134.0,86459.9,85519.6,86434.3,298.294595,11814
1765843200,86434.3,86494.9,85353.8,85858.5,365.90275086,9790
1765857600,85854.3,86570.2,85263.6,86000.1,161.83991194,7280
1765872000,86000.1,87300.0,85920.8,87243.7,376.81886204,8208
1765886400,87243.7,88121.3,86083.3,87936.1,739.83156157,17033
1765900800,87936.2,88019.9,87070.1,87573.0,585.65555296,13730
1765915200,87573.1,87893.0,87350.3,87840.7,194.74047103,8018
1765929600,87840.7,87915.9,87127.5,87192.3,109.57546328,6954
1765944000,87192.3,87360.0,86176.6,87022.6,214.26756533,6972
1765958400,87022.6,87107.9,86221.0,86958.6,233.24623025,5448
1765972800,86958.6,90318.3,86799.1,87204.5,1481.35286732,23443
1765987200,87204.5,87709.8,85282.2,85981.3,785.02428838,21031
1766001600,85982.1,86401.8,85630.0,86207.8,275.08136208,10226
1766016000,86205.5,86828.0,85846.1,86554.2,133.7302493,8243
1766030400,86554.2,86840.6,86358.3,86799.6,74.82108217,5986
1766044800,86799.6,87402.8,86680.5,87221.5,168.98076338,6237
1766059200,87223.8,89437.1,87089.1,88452.8,1048.76632684,21904
1766073600,88452.8,88464.9,84456.5,84465.0,1251.70747392,27114
1766088000,84465.1,85775.0,84421.4,85462.5,394.28180259,14252
1766102400,85461.0,87499.6,85077.0,86803.8,477.31092412,13367
1766116800,86820.1,88323.9,86624.7,87870.6,274.9014036,9251
1766131200,87870.7,88301.2,87685.0,88139.7,220.83719657,7163
1766145600,88139.7,89335.0,87463.0,87924.9,795.87992725,16993
1766160000,87925.0,88811.3,86809.5,87782.2,503.55529261,15329
1766174400,87786.0,88343.6,87550.0,88105.2,307.74313358,10227
1766188800,88105.2,88299.9,87943.0,88183.7,82.56269371,5126
1766203200,88183.8,88513.3,88097.3,88217.4,53.05611057,3894
1766217600,88222.9,88381.5,88078.5,88246.8,47.27038148,3172
1766232000,88246.8,88288.5,87800.0,88140.9,92.06277377,5168
1766246400,88140.9,88354.2,88078.5,88178.2,82.43354809,5099
1766260800,88178.3,88423.0,88066.9,88338.1,232.50775311,4748
1766275200,88338.1,88383.6,87851.3,88029.6,151.09873396,4632
1766289600,88029.6,88149.0,88029.5,88117.9,86.15258333,3441
1766304000,88118.0,89013.9,88118.0,88585.5,132.26682279,5898
1766318400,88585.5,88905.9,87601.8,88025.4,239.16523069,8346
1766332800,88025.5,88566.4,87942.9,88458.0,85.06694219,5998
1766347200,88458.0,88782.1,88093.5,88622.2,89.28552679,6195
1766361600,88623.7,89567.6,87863.6,88771.7,351.49063978,12612
1766376000,88771.7,89146.4,88702.7,89130.2,176.78704583,5720
1766390400,89131.4,90045.2,89095.5,89907.6,330.06575533,9279
1766404800,89907.6,90552.6,89152.3,89702.4,779.10008274,20025
1766419200,89702.4,90058.9,87940.1,88041.1,386.84004831,14361
1766433600,88018.6,88761.4,87889.0,88544.2,206.66341743,9056
1766448000,88550.5,88888.8,87740.4,88128.9,125.73879436,7569
1766462400,88121.6,88298.0,87000.0,87505.5,162.55968596,7445
1766476800,87505.6,87817.5,87260.2,87816.9,161.68083863,5128
1766491200,87816.9,87903.4,86553.3,87391.5,297.11809405,12832
1766505600,87391.6,88205.9,87123.5,87690.0,525.6371939,13050
1766520000,87690.0,88289.0,87154.0,87416.4,334.55702984,8926
1766534400,87416.4,87752.0,86814.0,87274.0,198.79075245,7311
1766548800,87274.0,87384.2,86750.0,86870.9,98.7441217,5446
1766563200,86870.9,87279.4,86694.9,87155.9,94.99475735,5355
1766577600,87156.0,87417.9,86271.4,86979.4,494.41424634,9832
1766592000,86979.5,87583.7,86856.6,87498.8,315.19822847,9195
1766606400,87498.8,87973.3,87488.0,87613.7,266.52677515,5443
1766620800,87613.7,87888.0,87488.0,87793.1,43.79092685,3765
1766635200,87793.1,87793.1,87592.1,87786.4,65.09715399,2923
1766649600,87786.4,87840.9,87227.1,87462.4,44.66890036,3589
1766664000,87462.4,88547.9,87359.0,88265.8,140.5261389,5291
1766678400,88282.8,88396.7,87954.9,88088.0,132.95224278999999,5646
1766692800,88088.0,88100.0,86944.9,87198.0,147.24956387,6871
1766707200,87183.0,89332.9,86848.0,88736.5,495.04997298,10985
1766721600,88736.5,89484.6,88292.1,88374.9,289.37422936,7146
1766736000,88375.0,88820.1,88358.5,88498.5,101.07013802,4390
1766750400,88498.5,88992.6,86611.7,87066.1,390.25828740000003,12750
1766764800,87066.1,87505.0,86755.6,87437.2,257.07070474,10338
1766779200,87437.2,87709.9,87260.0,87303.6,101.19811216,6747
1766793600,87303.6,87446.7,87177.5,87446.7,46.60633695,4549
1766808000,87446.7,87647.9,87362.8,87467.5,32.51407952,3001
1766822400,87467.5,87609.9,87323.7,87416.6,53.89453998,3617
1766836800,87416.6,87515.1,87208.4,87491.3,174.72764148,4250
1766851200,87491.3,87518.0,87400.3,87501.0,39.43030504,4287
1766865600,87501.0,87913.3,87463.2,87802.6,69.57773554,5301
1766880000,87814.4,87874.8,87637.8,87685.9,113.64304615,4141
1766894400,87680.3,87769.6,87551.1,87651.0,72.41429569,3175
1766908800,87651.0,87955.9,87650.9,87792.8,102.3533648,3144
1766923200,87792.8,87998.9,87735.4,87774.9,140.88928566,4237
1766937600,87774.9,87858.3,87426.2,87472.1,109.35861551,5096
1766952000,87472.2,87950.0,87364.3,87853.3,120.57150426,4983
1766966400,87865.9,90049.9,87759.9,90005.4,673.3733902600001,13835
1766980800,90005.5,90298.9,89415.3,89491.5,560.71072308,9902
1766995200,89491.6,89725.4,87489.0,87489.0,351.40002794,10044
1767009600,87485.0,88089.6,86700.0,87587.3,773.29717651,14704
1767024000,87587.4,87888.2,87214.2,87253.9,255.39613596,10525
1767038400,87253.9,87470.0,86963.4,87135.1,185.95181883,7795
1767052800,87135.1,87300.4,86736.5,87251.0,97.90735476,7233
1767067200,87251.0,87478.6,87046.5,87372.6,76.67464169,4730
1767081600,87372.6,88081.4,87372.6,87775.1,226.43569629,5991
1767096000,87775.1,89035.3,87720.2,88902.8,299.61879872,11830
1767110400,88902.9,89298.0,87889.4,88140.4,351.63916449,13442
1767124800,88140.4,88478.5,87808.6,88401.9,127.27417231,7628
1767139200,88400.1,88683.5,88068.9,88329.9,141.46915851,6689
1767153600,88330.0,88500.0,88228.3,88500.0,59.89625871,4130
1767168000,88500.0,88928.6,88292.4,88892.0,139.41187873,5009
1767182400,88902.2,89067.4,87696.0,87810.2,313.3252883,12156
1767196800,87810.3,87918.9,87300.0,87420.3,522.79646224,13446
1767211200,87420.3,87723.0,87101.5,87500.1,319.40555981,9775
